word_count,character_count,average_word_length,sentence_count,average_sentence_length,flesch_reading_ease,flesch_kincaid_grade,gunning_fog,smog_index,difficult_words,difficult_word_ratio,grade,source
96,603,5.1875,5,19.2,35.65300000000002,12.95689361702128,14.75404255319149,13.968273953766033,30,0.3125,12.965,arxiv
275,1849,5.538181818181818,9,30.555555555555557,13.251811594202906,19.02942028985507,22.846376811594205,19.510067207911337,90,0.32727272727272727,18.85,arxiv
28,175,4.714285714285714,2,14.0,68.2960483870968,7.584032258064514,7.490322580645162,11.20814326018867,4,0.14285714285714285,8.2,wikipedia-en
332,1745,3.9909638554216866,50,6.64,90.21237673716013,2.3211051359516652,3.2522296072507553,5.808615515909546,21,0.06325301204819277,2.941538461538461,tinystories
76,452,4.7631578947368425,4,19.0,61.76315789473685,9.364736842105266,12.336842105263159,11.698219412168324,21,0.27631578947368424,10.975,wikipedia-en
105,673,5.2,5,21.0,8.99254545454545,16.923919191919193,21.657373737373742,18.669449996058646,31,0.29523809523809524,15.7,arxiv
50,308,5.1,3,16.666666666666668,46.954625850340165,10.76775510204082,13.063945578231293,13.5591,15,0.3,11.965,arxiv
127,868,5.68503937007874,5,25.4,11.345226890756322,17.58947899159664,21.28470588235294,18.458006810337128,44,0.3464566929133858,18.270000000000003,arxiv
192,1151,4.619791666666667,15,12.8,55.42790909090911,8.807494949494949,11.542626262626264,11.855464076750408,35,0.18229166666666666,7.855,fineweb-edu
96,650,5.666666666666667,4,24.0,24.952379032258108,15.554919354838713,20.052688172043013,17.693802365651003,38,0.3958333333333333,17.1625,arxiv
117,599,3.8119658119658117,14,8.357142857142858,89.4805263157895,2.8015037593984964,3.9588972431077694,5.288315135182226,10,0.08547008547008547,2.973076923076923,tinystories
169,899,3.8402366863905324,15,11.266666666666667,89.88505263157896,3.5542456140350893,5.027836257309942,5.683917801722854,16,0.09467455621301775,4.43,tinystories
262,1439,4.416030534351145,16,16.375,77.19910782442751,6.559608778625954,8.534732824427481,8.660442795831768,25,0.09541984732824428,8.030000000000001,fineweb-edu
102,631,4.970588235294118,5,20.4,39.722631578947386,12.438947368421054,17.705263157894738,15.6451,32,0.3137254901960784,14.405,arxiv
93,650,5.806451612903226,4,23.25,9.157499999999999,17.57166666666667,22.333333333333336,19.032712561301913,32,0.34408602150537637,18.225,arxiv
246,1269,3.8495934959349594,33,7.454545454545454,96.61315426997248,1.6055371900826465,2.9333333333333336,4.535480913098323,5,0.02032520325203252,2.825,tinystories
217,1133,3.9170506912442398,21,10.333333333333334,83.48214285714288,4.099523809523809,5.523809523809525,6.868970318607317,16,0.07373271889400922,4.465,tinystories
212,1237,4.481132075471698,15,14.133333333333333,85.20200000000001,5.10177777777778,7.066666666666667,6.742157984588678,20,0.09433962264150944,7.065,fineweb-edu
83,568,5.795180722891566,4,20.75,8.725694444444457,17.07293209876543,20.939506172839508,17.693802365651003,33,0.39759036144578314,17.085,arxiv
163,906,3.871165644171779,19,8.578947368421053,97.56831008243502,1.8209828788839602,3.976664552948637,5.7502877580894305,11,0.06748466257668712,3.71,tinystories
74,507,5.72972972972973,3,24.666666666666668,16.80000000000004,16.878333333333334,21.26666666666667,18.243605946275583,28,0.3783783783783784,17.28,arxiv
173,909,3.9364161849710984,29,5.9655172413793105,100.04242774566475,0.7874187761610543,3.079848515048834,4.966512066861507,5,0.028901734104046242,2.10375,tinystories
173,885,4.0,13,13.307692307692308,84.6417408906883,4.721286549707603,5.495456590193433,7.32110970712323,9,0.05202312138728324,5.4725,tinystories
134,812,4.962686567164179,6,22.333333333333332,34.17529069767443,13.833759689922484,16.041860465116283,14.554592549557764,38,0.2835820895522388,14.24,arxiv
48,282,4.8125,3,16.0,40.78250000000003,11.54583333333333,11.4,12.457975602129121,10,0.20833333333333334,10.326666666666668,wikipedia-en
258,1569,4.852713178294573,13,19.846153846153847,47.98650268336317,11.49651162790698,13.674895646988672,13.274406872562384,63,0.2441860465116279,11.7,fineweb-edu
58,368,5.241379310344827,3,19.333333333333332,31.70789473684212,13.556842105263158,13.2140350877193,13.5591,14,0.2413793103448276,13.05,wikipedia-en
65,372,4.507692307692308,3,21.666666666666668,39.89097701149427,12.498275862068965,13.940229885057471,13.5591,19,0.2923076923076923,11.95,arxiv
292,1600,4.219178082191781,15,19.466666666666665,74.78093473193476,7.565580419580417,9.444848484848485,8.648137234880735,33,0.11301369863013698,7.916666666666667,fineweb-edu
107,654,4.859813084112149,6,17.833333333333332,53.34629204892968,10.331697247706423,11.67033639143731,11.20814326018867,23,0.21495327102803738,10.925,fineweb-edu
161,1124,5.403726708074534,8,20.125,31.703472222222246,13.867993827160493,17.976543209876542,16.061879428645646,49,0.30434782608695654,15.63,arxiv
259,1713,5.4517374517374515,9,28.77777777777778,7.038807917228979,19.09551956815115,23.285470085470088,19.72995580123306,83,0.3204633204633205,18.005000000000003,arxiv
117,613,3.8632478632478633,16,7.3125,92.73996710526318,2.094013157894736,3.2008771929824564,5.985473137389441,6,0.05128205128205128,2.7766666666666664,tinystories
199,1035,4.045226130653266,13,15.307692307692308,80.9792307692308,5.690769230769231,7.641025641025641,9.057496981413337,10,0.05025125628140704,6.140000000000001,tinystories
129,892,5.6976744186046515,4,32.25,-0.13249999999996476,21.227500000000003,26.2375,21.85959125089889,43,0.3333333333333333,20.625,arxiv
240,1350,4.529166666666667,16,15.0,63.41502626050422,8.109569327731094,11.496218487394959,11.698219412168324,36,0.15,8.365,fineweb-edu
191,1349,5.842931937172775,7,27.285714285714285,9.162780748663096,18.617876241405657,21.594805194805197,18.548980349730343,86,0.450261780104712,18.12,fineweb-edu
167,1163,5.682634730538922,12,13.916666666666666,24.74877450980395,13.326764705882358,17.901960784313726,15.021129683784007,57,0.3413173652694611,13.793333333333331,fineweb-edu
124,735,4.846774193548387,8,15.5,53.046761363636364,9.617840909090912,12.000413223140496,11.698219412168324,31,0.25,10.808333333333334,fineweb-edu
82,489,4.817073170731708,5,16.4,49.3257590361446,10.503277108433736,12.423132530120483,12.340626583579944,26,0.3170731707317073,10.21,wikipedia-en
92,593,5.369565217391305,4,23.0,20.731104651162838,15.708953488372092,19.76279069767442,17.122413403193683,32,0.34782608695652173,15.955000000000002,arxiv
131,654,3.6793893129770994,14,9.357142857142858,90.73048387096775,2.804608294930876,3.542857142857143,4.65589566412798,5,0.03816793893129771,3.305,tinystories
227,1484,5.422907488986784,11,20.636363636363637,34.716801948051994,13.475925324675327,16.35974025974026,14.937675812826573,67,0.29515418502202645,14.515,fineweb-edu
118,602,3.7457627118644066,15,7.866666666666666,104.15420289855074,0.6365217391304334,3.066666666666667,3.1291,5,0.0423728813559322,2.733076923076923,tinystories
250,1854,6.22,8,31.25,-7.207477409638528,21.99694277108434,26.74718875502008,22.396390189593347,91,0.364,20.4,fineweb-edu
178,881,3.764044943820225,19,9.368421052631579,95.28947368421055,2.2042105263157907,3.6,4.9825596385082,7,0.03932584269662921,3.425,tinystories
223,1425,5.201793721973094,10,22.3,36.83954545454546,13.58636363636364,15.70909090909091,14.836745963215662,71,0.3183856502242152,13.745,fineweb-edu
106,551,3.792452830188679,15,7.066666666666666,99.01571428571431,1.187619047619048,3.180952380952381,4.604124745555138,5,0.04716981132075472,2.335,tinystories
128,802,5.0,5,25.6,37.167385826771664,14.385291338582679,18.034015748031496,16.404322709996244,29,0.2265625,12.995,wikipedia-en
214,1460,5.378504672897196,11,19.454545454545453,32.42656472559699,13.637276916631759,16.554503560955176,14.937675812826573,67,0.3130841121495327,14.7,arxiv
22,134,5.090909090909091,1,22.0,30.686818181818182,14.444545454545459,14.254545454545458,14.554592549557764,7,0.3181818181818182,12.72,arxiv
43,245,4.441860465116279,3,14.333333333333334,58.5006201550388,8.66046511627907,10.38449612403101,11.20814326018867,10,0.23255813953488372,8.2,wikipedia-en
296,1875,5.199324324324325,11,26.90909090909091,29.31484848484851,15.87804713804714,19.41952861952862,17.122413403193683,70,0.23648648648648649,15.59,arxiv
91,502,4.351648351648351,6,15.166666666666666,72.44303113553113,6.9228021978021985,7.8249084249084255,8.344100000000001,11,0.12087912087912088,7.465,fineweb-edu
155,1075,5.819354838709677,6,25.833333333333332,2.40831632653061,19.00989795918368,22.589115646258506,19.117987234576393,54,0.34838709677419355,18.665,arxiv
220,1422,5.340909090909091,8,27.5,20.279511986301372,17.231455479452055,18.803881278538814,16.678067442207542,59,0.2681818181818182,16.46,arxiv
185,1243,5.605405405405405,9,20.555555555555557,30.947327327327372,14.04936936936937,18.16816816816817,16.04434344847333,63,0.34054054054054056,15.425,fineweb-edu
242,1271,3.896694214876033,32,7.5625,93.93344266528928,2.0362345041322314,3.6861570247933884,5.387261240367923,17,0.07024793388429752,2.9465384615384616,tinystories
81,487,4.345679012345679,6,13.5,85.63333333333334,5.207234042553193,6.692198581560284,5.46131890053228,11,0.13580246913580246,6.18,wikipedia-en
76,504,5.0131578947368425,5,15.2,42.19081927710846,11.498457831325304,14.35084337349398,14.265292616868656,19,0.25,11.18,wikipedia-en
120,786,5.408333333333333,6,20.0,41.305000000000035,12.466666666666669,15.333333333333332,15.021129683784007,32,0.26666666666666666,14.735,arxiv
135,693,3.7777777777777777,18,7.5,96.28866123642439,1.6645989974937372,3.256307435254804,5.033348758259628,3,0.022222222222222223,2.3016666666666667,tinystories
196,1029,3.8622448979591835,32,6.125,96.02176868556703,1.3723131443298975,2.6311855670103093,6.6274283507984215,6,0.030612244897959183,2.157647058823529,tinystories
60,379,4.6,4,15.0,68.90058823529414,7.872352941176469,9.741176470588236,9.516144504307135,15,0.25,8.175,wikipedia-en
113,727,5.168141592920354,4,28.25,14.222840909090905,17.424116161616165,20.001010101010102,17.410965686947208,37,0.3274336283185841,17.7,arxiv
97,576,4.752577319587629,5,19.4,51.6345,10.827166666666667,13.096666666666668,12.68835289967788,27,0.27835051546391754,11.7,fineweb-edu
177,1062,4.649717514124294,12,14.75,63.92431169429099,8.09029005524862,9.790239410681401,10.504223727775692,40,0.22598870056497175,8.616666666666667,fineweb-edu
315,1710,4.1682539682539685,23,13.695652173913043,77.1763010033445,6.005177257525084,7.375250836120401,9.43228470229965,14,0.044444444444444446,6.175,fineweb-edu
37,232,5.162162162162162,2,18.5,19.36500000000001,15.030000000000001,17.2,15.247664890283005,11,0.2972972972972973,13.42,arxiv
119,721,4.798319327731092,8,14.875,50.91717987804881,9.976981707317073,12.97926829268293,12.38480682065935,31,0.2605042016806723,9.47,arxiv
160,1039,5.3,9,17.77777777777778,34.92430555555555,12.804583333333337,16.86111111111111,15.021129683784007,44,0.275,13.35,fineweb-edu
79,557,5.708860759493671,3,26.333333333333332,10.808508771929837,18.04526315789474,19.60701754385965,17.122413403193683,33,0.4177215189873418,18.44333333333333,arxiv
73,417,4.164383561643835,5,14.6,79.2856153846154,6.076051282051285,8.291282051282051,8.238735603445708,11,0.1506849315068493,7.015000000000001,wikipedia-en
137,888,5.386861313868613,7,19.571428571428573,42.47072992700731,12.197601668404591,15.127841501564133,14.348710955821954,40,0.291970802919708,13.45,fineweb-edu
170,828,3.652941176470588,17,10.0,95.54675237759777,2.3729129975343426,3.9294117647058826,3.1291,6,0.03529411764705882,2.96,tinystories
107,663,5.037383177570093,6,17.833333333333332,35.031666666666666,12.844814814814818,16.08888888888889,14.790194502661404,28,0.2616822429906542,11.816666666666666,arxiv
30,176,4.5,2,15.0,61.05125000000001,8.718750000000004,11.4,11.20814326018867,11,0.36666666666666664,7.575,wikipedia-en
95,668,5.947368421052632,4,23.75,5.849153225806475,18.21943548387097,21.773118279569896,19.032712561301913,34,0.35789473684210527,19.3,arxiv
171,1156,5.637426900584796,8,21.375,21.199042159763337,15.550525147928994,18.62751479289941,16.678067442207542,57,0.3333333333333333,15.69,arxiv
179,1253,5.64245810055866,13,13.76923076923077,26.58899308556616,12.952247191011235,15.814001728608469,14.220115178616776,67,0.3743016759776536,14.05,arxiv
147,1019,5.578231292517007,7,21.0,15.580000000000041,16.196746031746034,19.8952380952381,17.288020509699884,52,0.35374149659863946,16.725,arxiv
131,859,5.458015267175573,4,32.75,7.798750000000041,20.121250000000007,22.8,19.287186520377343,44,0.33587786259541985,18.105,arxiv
82,538,5.512195121951219,4,20.5,24.392361111111114,14.887746913580251,18.47037037037037,16.218646115125612,26,0.3170731707317073,15.415,arxiv
124,651,3.870967741935484,16,7.75,92.76750000000001,2.1833333333333336,3.6666666666666665,6.322622252153568,6,0.04838709677419355,3.325,tinystories
74,470,5.256756756756757,4,18.5,29.541386986301376,13.672705479452055,16.615068493150684,15.247664890283005,19,0.25675675675675674,13.8875,arxiv
143,1045,6.0,6,23.833333333333332,8.301050228310515,18.146575342465756,22.062100456621007,18.946978176291534,57,0.3986013986013986,18.05,fineweb-edu
163,820,3.7607361963190185,16,10.1875,91.92956957547173,2.905750786163523,3.975,6.322622252153568,4,0.024539877300613498,3.795,tinystories
211,1473,5.890995260663507,7,30.142857142857142,9.182623762376267,19.147454031117395,21.839886845827444,19.430816780756558,67,0.3175355450236967,19.39,arxiv
57,360,4.666666666666667,3,19.0,60.09833333333333,9.348518518518521,12.385185185185186,11.855464076750408,16,0.2807017543859649,10.583333333333332,arxiv
33,193,4.696969696969697,2,16.5,57.70352941176472,9.434117647058823,10.329411764705883,10.125756701596842,11,0.3333333333333333,8.9,wikipedia-en
86,607,6.011627906976744,4,21.5,9.438810240963846,17.09768072289157,22.757831325301208,18.7741,37,0.43023255813953487,18.8,arxiv
136,807,4.742647058823529,6,22.666666666666668,32.56333333333333,14.100000000000005,19.435897435897438,17.122413403193683,30,0.22058823529411764,14.16,arxiv
218,1133,3.9541284403669725,18,12.11111111111111,89.21544132917965,3.7690965732087243,5.316303219106958,6.42735559955562,12,0.05504587155963303,5.17,tinystories
125,623,3.704,13,9.615384615384615,94.53576923076926,2.3666666666666636,4.358974358974359,6.297961479604793,7,0.056,3.528636363636364,tinystories
152,997,5.1118421052631575,8,19.0,45.1297995283019,11.902130503144658,15.497169811320754,14.37465228746014,48,0.3157894736842105,13.2,fineweb-edu
178,896,3.859550561797753,19,9.368421052631579,88.88116859946476,3.1764912280701765,5.308236693428487,7.060881637134146,15,0.08426966292134831,3.725,tinystories
193,1195,5.036269430051814,11,17.545454545454547,42.01466467958275,11.532061599602585,14.960556383507203,13.88584557914918,62,0.32124352331606215,13.0,arxiv
87,533,4.896551724137931,5,17.4,56.302818181818196,9.778545454545455,11.585454545454546,11.979248473330827,22,0.25287356321839083,10.795,wikipedia-en
74,503,5.594594594594595,3,24.666666666666668,22.41166666666669,15.930000000000003,20.19047619047619,17.879347455551382,29,0.3918918918918919,18.116666666666667,arxiv
110,763,5.827272727272727,4,27.5,9.034672330097123,18.39618932038835,22.72718446601942,19.287186520377343,44,0.4,19.2,arxiv
187,1112,4.7005347593582885,12,15.583333333333334,63.69500000000001,8.350000000000005,10.358333333333334,11.038039088145766,33,0.17647058823529413,9.19,fineweb-edu
259,1582,4.984555984555985,12,21.583333333333332,55.25146879021881,10.91475868725869,13.112097812097813,12.311054993355175,62,0.23938223938223938,11.895,fineweb-edu
190,983,3.957894736842105,16,11.875,91.82352439839575,3.3552907754010697,4.888903743315509,6.322622252153568,4,0.021052631578947368,4.758333333333333,tinystories
139,713,4.0,10,13.9,86.15843478260871,4.670260869565219,5.809855072463769,6.2581,6,0.04316546762589928,5.5,tinystories
162,837,3.9074074074074074,20,8.1,89.05067721518989,2.8011265822784814,3.16,5.683917801722854,5,0.030864197530864196,2.93,tinystories
236,1712,5.686440677966102,9,26.22222222222222,7.554761904761932,18.581904761904763,21.175757575757576,18.599290044081553,86,0.3644067796610169,18.33,arxiv
63,451,6.0476190476190474,3,21.0,12.016041666666695,16.883125000000003,20.40833333333333,17.5058628484301,27,0.42857142857142855,16.516666666666666,arxiv
272,1683,5.102941176470588,15,18.133333333333333,45.24295597484277,11.337735849056607,13.255345911949687,13.023866798666859,61,0.22426470588235295,12.45,fineweb-edu
29,163,4.586206896551724,2,14.5,66.67612068965518,7.561551724137935,9.937931034482759,10.125756701596842,7,0.2413793103448276,7.215,wikipedia-en
221,1448,5.266968325791855,12,18.416666666666668,40.123333333333335,12.134629629629629,14.051851851851854,13.427899808715576,49,0.22171945701357465,13.45,fineweb-edu
100,518,3.93,10,10.0,83.98650000000004,4.004333333333335,4.768080808080809,7.554174236665414,7,0.07,4.41,tinystories
183,1126,5.065573770491803,9,20.333333333333332,42.88519125683061,12.329071038251367,15.127868852459017,14.06817628641468,45,0.2459016393442623,12.445,arxiv
207,1277,5.048309178743962,9,23.0,41.90398009950252,12.962786069651738,16.4955223880597,15.021129683784007,56,0.27053140096618356,13.95,fineweb-edu
115,675,4.660869565217391,4,28.75,42.65394230769235,14.576474358974362,17.853846153846156,15.247664890283005,26,0.22608695652173913,15.54,arxiv
196,937,3.5255102040816326,17,11.529411764705882,98.8687770897833,2.245665634674925,4.470588235294118,3.1291,10,0.05102040816326531,2.875,tinystories
118,725,5.059322033898305,6,19.666666666666668,46.04250000000002,11.681666666666668,16.005128205128205,14.790194502661404,32,0.2711864406779661,13.085,arxiv
102,670,5.509803921568627,5,20.4,26.083454545454543,14.540080808080813,18.021010101010102,16.404322709996244,39,0.38235294117647056,15.68,arxiv
59,364,4.983050847457627,3,19.666666666666668,52.585000000000036,10.893333333333334,14.0,13.023866798666859,16,0.2711864406779661,12.116666666666667,wikipedia-en
168,960,4.315476190476191,11,15.272727272727273,84.39425269645609,5.485454545454548,7.340318438623523,7.348242739294969,19,0.1130952380952381,6.95,fineweb-edu
110,786,6.0636363636363635,4,27.5,-5.436666666666639,20.725185185185186,25.244444444444447,20.967144525676016,49,0.44545454545454544,20.625,arxiv
84,531,5.107142857142857,4,21.0,37.46164634146342,13.126951219512197,16.98048780487805,15.247664890283005,27,0.32142857142857145,14.1,arxiv
303,1834,4.8250825082508255,18,16.833333333333332,54.09794294294298,9.799009009009012,12.253453453453453,12.261556223090622,66,0.21782178217821782,10.85,fineweb-edu
23,123,4.304347826086956,2,11.5,70.10163043478265,6.3384782608695645,4.6000000000000005,8.841846274778883,7,0.30434782608695654,4.8,wikipedia-en
156,809,3.923076923076923,11,14.181818181818182,84.27665071770336,4.937248803827753,6.316746411483254,7.348242739294969,13,0.08333333333333333,5.775,tinystories
216,1482,5.777777777777778,9,24.0,5.594013499480809,18.38613707165109,20.352232606438214,17.879347455551382,64,0.2962962962962963,17.240000000000002,arxiv
122,626,3.7704918032786887,17,7.176470588235294,93.09134453781516,2.013949579831934,3.1361344537815126,4.514644488427479,5,0.040983606557377046,2.5357142857142856,tinystories
51,291,4.588235294117647,3,17.0,55.21529411764709,9.781176470588235,9.937254901960785,10.504223727775692,17,0.3333333333333333,8.65,wikipedia-en
107,671,4.869158878504673,7,15.285714285714286,59.9182142857143,8.876785714285713,12.114285714285714,11.765960540728905,30,0.2803738317757009,10.418333333333331,wikipedia-en
108,741,3.6666666666666665,7,15.428571428571429,65.4106796116505,7.791289875173373,8.992510402219139,9.236282656511921,28,0.25925925925925924,8.188333333333333,arxiv
90,553,4.8,5,18.0,47.35300000000004,11.324978723404257,13.477446808510638,12.68835289967788,26,0.28888888888888886,11.3,wikipedia-en
112,686,4.9375,6,18.666666666666668,42.85976190476194,11.918571428571429,13.895238095238097,13.5591,31,0.2767857142857143,11.935,fineweb-edu
213,1430,5.652582159624413,8,26.625,15.484852941176513,17.43441176470589,20.788235294117648,17.971250198000288,73,0.3427230046948357,17.33,arxiv
263,1796,5.619771863117871,20,13.15,28.6030431034483,12.51176053639847,14.56865900383142,13.427899808715576,87,0.33079847908745247,12.4,fineweb-edu
148,762,4.02027027027027,11,13.454545454545455,82.60028213166146,5.012978056426331,6.65203761755486,8.296473431620573,5,0.033783783783783786,5.720000000000001,tinystories
213,1507,5.713615023474178,10,21.3,22.76761267605636,15.375215962441313,20.72657276995305,17.80541091248751,69,0.323943661971831,16.915,fineweb-edu
181,916,3.9392265193370166,13,13.923076923076923,86.47438634399312,4.599438202247189,6.3757994814174594,7.610546881738771,8,0.04419889502762431,5.5075,tinystories
138,824,4.050724637681159,4,34.5,28.744342105263172,16.330263157894738,19.119298245614036,16.827784334635936,27,0.1956521739130435,15.605,arxiv
298,1764,4.7114093959731544,21,14.19047619047619,57.62563063063064,8.723359073359074,11.17863577863578,11.30375656770974,86,0.28859060402684567,9.77,fineweb-edu
138,955,5.86231884057971,5,27.6,2.0833333333333712,19.676296296296297,23.54074074074074,19.882160675589997,46,0.3333333333333333,18.6,arxiv
155,808,3.9806451612903224,10,15.5,84.0806233766234,5.357558441558442,7.1989610389610394,8.841846274778883,13,0.08387096774193549,6.478571428571428,tinystories
368,1937,3.9347826086956523,51,7.215686274509804,92.61162190963346,2.1344437340153455,4.081926683716965,6.706560486072735,26,0.07065217391304347,2.817857142857143,tinystories
142,964,5.105633802816901,4,35.5,10.27208333333337,20.211018518518518,23.574074074074076,20.267338824336647,48,0.3380281690140845,19.525,arxiv
133,692,4.0,11,12.090909090909092,86.98227272727274,4.108181818181819,4.800000000000001,5.565023196281405,4,0.03007518796992481,4.733333333333333,tinystories
147,812,4.360544217687075,9,16.333333333333332,72.74067732115681,7.14351598173516,8.680669710806697,9.725611199111238,14,0.09523809523809523,7.869999999999999,tinystories
185,1028,4.4324324324324325,11,16.818181818181817,68.25455044955048,7.84954045954046,10.354445554445556,10.63711953065702,31,0.16756756756756758,8.766666666666666,fineweb-edu
151,1065,5.682119205298013,5,30.2,13.930475524475554,18.42134265734266,22.34909090909091,19.48791578843652,56,0.3708609271523179,19.2,arxiv
221,1607,6.14027149321267,8,27.625,2.9909288990825758,19.611811926605508,23.744036697247708,20.267338824336647,82,0.37104072398190047,19.255000000000003,arxiv
258,1527,4.705426356589148,14,18.428571428571427,57.950930232558136,9.75450719822813,13.107862679955701,12.540900571622839,60,0.23255813953488372,11.166666666666668,fineweb-edu
100,571,4.37,7,14.285714285714286,71.35700000000003,6.855428571428572,8.114285714285714,8.418075326091056,19,0.19,7.805,wikipedia-en
185,1001,4.2594594594594595,15,12.333333333333334,92.79666666666667,3.379999999999999,5.14954954954955,5.683917801722854,13,0.07027027027027027,5.22,tinystories
18,104,4.277777777777778,3,6.0,89.09087719298246,2.4063157894736875,2.533333333333333,3.1291,5,0.2777777777777778,2.81,wikipedia-en
17,106,4.352941176470588,2,8.5,90.935,3.0599999999999987,4.0,3.1291,3,0.17647058823529413,4.0,wikipedia-en
75,506,5.68,3,25.0,4.283095238095257,18.458571428571428,23.04761904761905,19.287186520377343,33,0.44,18.53,arxiv
151,790,3.966887417218543,13,11.615384615384615,87.737284144427,3.8308843537414994,5.8836211407639984,7.882392219407189,11,0.0728476821192053,4.97,tinystories
27,166,4.518518518518518,2,13.5,49.17267241379312,10.00293103448276,12.696551724137933,12.161744961471694,12,0.4444444444444444,8.305,wikipedia-en
55,367,5.1454545454545455,3,18.333333333333332,39.89097701149427,12.498275862068965,14.629885057471265,13.5591,18,0.32727272727272727,11.95,wikipedia-en
114,599,3.9473684210526314,14,8.142857142857142,96.07435840707966,1.8640518331226303,3.2285714285714286,5.288315135182226,5,0.043859649122807015,2.9771428571428573,tinystories
101,652,5.376237623762377,5,20.2,28.333000000000027,14.276000000000003,14.8,13.968273953766033,34,0.33663366336633666,13.85,arxiv
131,959,5.305343511450381,8,16.375,49.327500000000015,10.850833333333334,13.588888888888889,12.815532586354998,44,0.33587786259541985,12.3,fineweb-edu
131,954,6.183206106870229,6,21.833333333333332,-5.829270833333311,19.3721875,23.22083333333333,19.117987234576393,58,0.44274809160305345,19.165,arxiv
120,839,5.85,5,24.0,8.981827586206919,17.770068965517243,20.314482758620688,18.026119701940384,45,0.375,18.27,arxiv
84,548,5.380952380952381,4,21.0,34.92073795180724,13.543463855421688,18.420481927710842,16.218646115125612,28,0.3333333333333333,15.0375,arxiv
75,454,4.826666666666667,4,18.75,56.550795454545494,10.153863636363639,14.453246753246754,13.427899808715576,18,0.24,11.5,wikipedia-en
111,785,4.927927927927928,5,22.2,37.20470270270275,13.585117117117118,16.807927927927928,15.112257680678326,34,0.3063063063063063,13.665,arxiv
117,589,3.8803418803418803,11,10.636363636363637,96.94515673981195,2.357210031347961,4.907836990595611,6.980632752743321,6,0.05128205128205128,4.205,tinystories
155,815,4.116129032258065,11,14.090909090909092,79.26744019138758,5.63593301435407,6.053588516746412,6.574015621080383,9,0.05806451612903226,6.167857142857143,tinystories
136,712,3.963235294117647,11,12.363636363636363,86.51075305291724,4.219118046132973,6.066757123473542,8.00094639256281,10,0.07352941176470588,5.315,tinystories
162,838,3.882716049382716,16,10.125,87.67296580188683,3.4994614779874205,3.975,5.148860815047168,6,0.037037037037037035,3.7981818181818174,tinystories
85,493,4.447058823529412,5,17.0,69.56710344827589,7.878758620689656,9.258850574712644,9.3871,17,0.2,8.42,wikipedia-en
76,479,5.2368421052631575,4,19.0,28.382482876712345,13.834349315068494,18.258904109589043,15.903189008614273,23,0.3026315789473684,13.95,wikipedia-en
283,1608,4.431095406360424,15,18.866666666666667,64.00976190476193,8.96857142857143,11.466666666666669,10.934197308810441,63,0.2226148409893993,9.975,fineweb-edu
137,714,4.072992700729927,11,12.454545454545455,83.04035169210353,4.770922362309225,5.565759787657598,6.112484441749459,12,0.08759124087591241,5.470000000000001,tinystories
78,550,4.564102564102564,6,13.0,69.86375000000001,7.489583333333332,10.15,10.864195022040775,19,0.24358974358974358,8.783333333333333,wikipedia-en
112,675,4.607142857142857,7,16.0,57.18628318584072,9.293324905183315,12.474841972187106,12.28987398476788,32,0.2857142857142857,9.94,wikipedia-en
83,534,5.373493975903615,4,20.75,24.014066455696224,14.816297468354431,19.545569620253165,17.410965686947208,32,0.3855421686746988,15.545,arxiv
119,741,5.084033613445378,8,14.875,63.30000000000004,8.15666666666667,11.0,10.9516,29,0.24369747899159663,10.133333333333333,fineweb-edu
108,764,5.75,4,27.0,11.796964285714324,18.135119047619046,21.54761904761905,18.7741,37,0.3425925925925926,18.21,arxiv
276,1713,4.9021739130434785,10,27.6,35.713116279069794,14.687503875968993,18.071937984496124,15.903189008614273,64,0.2318840579710145,15.34,arxiv
34,216,4.5588235294117645,3,11.333333333333334,83.32166666666669,4.950000000000003,6.333333333333334,7.793537801064561,6,0.17647058823529413,6.326666666666666,wikipedia-en
167,1219,6.137724550898204,8,20.875,-5.3335714285714175,19.2202380952381,22.923809523809524,19.032712561301913,57,0.3413173652694611,18.335,fineweb-edu
43,244,4.465116279069767,3,14.333333333333334,74.24015503875972,6.465116279069768,7.593798449612404,7.793537801064561,8,0.18604651162790697,7.640000000000001,wikipedia-en
206,1208,4.747572815533981,12,17.166666666666668,53.216493399339925,10.018564356435643,11.485808580858086,12.009924989830619,50,0.24271844660194175,10.49,fineweb-edu
253,1670,5.5019762845849804,10,25.3,19.49643975903618,16.72581927710844,18.795341365461848,16.647925096878797,82,0.3241106719367589,16.28,fineweb-edu
159,1025,5.339622641509434,5,31.8,19.593000000000046,17.979333333333333,21.6,18.669449996058646,49,0.3081761006289308,18.225,arxiv
126,914,6.158730158730159,6,21.0,-5.168433333333297,19.155800000000003,22.733333333333334,18.946978176291534,52,0.4126984126984127,18.77,arxiv
168,1045,5.125,8,21.0,36.403472222222234,13.212438271604942,16.741975308641976,15.078166124597352,48,0.2857142857142857,14.2,arxiv
224,1278,4.379464285714286,13,17.23076923076923,65.19243314625291,8.618884120171675,11.461076262793,11.661520659325951,37,0.16517857142857142,8.5,fineweb-edu
120,801,5.541666666666667,4,30.0,13.160131578947386,18.503947368421056,21.224561403508773,18.243605946275583,43,0.35833333333333334,17.81,arxiv
101,603,4.732673267326732,6,16.833333333333332,50.703622112211235,10.369059405940593,12.277887788778878,12.457975602129121,31,0.3069306930693069,10.366666666666667,wikipedia-en
45,249,4.288888888888889,3,15.0,69.88905797101451,7.320434782608697,8.742028985507247,8.841846274778883,10,0.2222222222222222,7.225,wikipedia-en
145,723,3.703448275862069,12,12.083333333333334,85.52395983213432,4.208075539568345,4.9211031175059965,6.42735559955562,9,0.06206896551724138,4.348888888888888,tinystories
195,1286,5.446153846153846,9,21.666666666666668,24.353541666666672,15.162291666666668,17.7,15.903189008614273,67,0.3435897435897436,15.6,arxiv
111,589,4.1441441441441444,11,10.090909090909092,92.17651105651106,2.9094185094185114,4.396723996723997,6.980632752743321,7,0.06306306306306306,4.35,tinystories
88,480,4.375,5,17.6,75.40158620689657,7.0649655172413794,9.258850574712644,8.841846274778883,14,0.1590909090909091,8.21,fineweb-edu
103,688,5.330097087378641,5,20.6,37.6642941176471,13.073843137254904,14.43450980392157,14.554592549557764,33,0.32038834951456313,13.975,arxiv
134,888,5.552238805970149,7,19.142857142857142,25.545000000000016,14.380952380952383,18.14891774891775,16.26309291913925,43,0.3208955223880597,15.1,arxiv
92,653,6.021739130434782,4,23.0,8.036057692307708,17.790192307692312,21.40769230769231,19.032712561301913,32,0.34782608695652173,19.05,arxiv
63,352,4.412698412698413,4,15.75,66.33875,7.981249999999999,8.9,8.841846274778883,10,0.15873015873015872,8.0,wikipedia-en
62,409,5.532258064516129,3,20.666666666666668,23.931092896174903,14.972786885245903,17.969398907103823,15.903189008614273,25,0.4032258064516129,15.325,arxiv
78,433,4.410256410256411,4,19.5,55.82775000000001,10.130500000000001,13.366666666666667,13.023866798666859,18,0.23076923076923078,9.575,wikipedia-en
269,1848,5.676579925650557,9,29.88888888888889,12.737931034482784,18.68704980842912,21.714942528735634,18.83193753551143,88,0.3271375464684015,18.3,arxiv
190,970,3.8842105263157896,16,11.875,94.53796290106953,2.9766811497326238,4.888903743315509,5.985473137389441,13,0.06842105263157895,4.613888888888889,tinystories
103,547,3.912621359223301,13,7.923076923076923,99.27200304645852,1.342970297029705,3.1076923076923078,3.1291,10,0.0970873786407767,2.973076923076923,tinystories
176,894,3.965909090909091,13,13.538461538461538,83.0173251748252,5.0434090909090905,5.642657342657343,6.67199483983844,6,0.03409090909090909,5.3875,tinystories
246,1565,5.203252032520325,13,18.923076923076923,34.93539399624768,13.087560975609758,16.512320200125078,14.879552855430394,73,0.2967479674796748,13.265,arxiv
253,1369,4.229249011857707,16,15.8125,72.53562500000002,7.02375,9.770000000000001,9.978442167317969,21,0.08300395256916997,7.325,fineweb-edu
62,414,5.596774193548387,3,20.666666666666668,16.65833333333336,16.070000000000004,17.944086021505377,16.32212239822248,25,0.4032258064516129,15.516666666666666,wikipedia-en
89,546,4.415730337078652,11,8.090909090909092,81.08575157515754,4.230513051305131,5.652925292529253,7.686295010490155,17,0.19101123595505617,4.04,fineweb-edu
187,1322,5.839572192513369,11,17.0,21.1877272727273,14.549922630560928,19.60232108317215,16.691746362846608,75,0.40106951871657753,15.4,fineweb-edu
212,1445,5.60377358490566,7,30.285714285714285,11.6164285714286,19.09190476190476,23.61904761904762,19.993109309769725,68,0.32075471698113206,19.515,arxiv
90,480,3.933333333333333,12,7.5,85.4825,3.1994444444444454,3.0,6.42735559955562,5,0.05555555555555555,3.0,tinystories
169,935,3.8165680473372783,19,8.894736842105264,90.16517293233083,2.97124812030075,4.8270676691729335,6.339386263674447,16,0.09467455621301775,4.135,tinystories
245,1697,5.2,8,30.625,25.08331367924532,17.9898820754717,21.702830188679247,18.511140095513987,59,0.24081632653061225,17.935000000000002,arxiv
174,1045,4.862068965517241,9,19.333333333333332,55.44959770114943,10.328160919540231,12.33103448275862,12.060818386365153,38,0.21839080459770116,10.666666666666668,fineweb-edu
103,551,4.165048543689321,14,7.357142857142857,102.44711165048545,0.7977323162274601,2.942857142857143,3.1291,7,0.06796116504854369,2.78,tinystories
122,612,3.860655737704918,9,13.555555555555555,87.61368227731865,4.378953168044077,5.708356290174472,5.033348758259628,6,0.04918032786885246,4.845000000000001,tinystories
129,674,3.7286821705426356,15,8.6,97.53346666666667,1.7256,3.653333333333334,5.2151,4,0.031007751937984496,2.99,tinystories
219,1434,5.310502283105023,9,24.333333333333332,20.76262910798124,16.24281690140845,18.48075117370892,16.594172100314452,58,0.2648401826484018,15.15,arxiv
114,594,3.8333333333333335,10,11.4,93.54603097345132,3.0187699115044246,4.873982300884957,5.683917801722854,5,0.043859649122807015,4.04,tinystories
248,1595,5.32258064516129,10,24.8,25.65712396694218,15.692628099173557,17.11801652892562,15.774802946060372,67,0.2701612903225806,15.2,arxiv
59,355,4.864406779661017,3,19.666666666666668,38.43235632183911,12.701724137931034,15.319540229885058,14.06817628641468,18,0.3050847457627119,12.2,arxiv
145,1007,5.875862068965517,5,29.0,4.103608695652184,19.543565217391308,24.6631884057971,20.829396946661657,57,0.3931034482758621,18.85,arxiv
127,737,4.433070866141732,8,15.875,64.28307729007636,8.361135496183206,10.21412213740458,10.125756701596842,32,0.25196850393700787,8.34,fineweb-edu
167,1014,4.437125748502994,13,12.846153846153847,70.449174903309,6.853743016759779,8.63618392780404,9.661875296680812,30,0.17964071856287425,7.75,fineweb-edu
95,675,6.031578947368421,4,23.75,-2.337943548387045,19.361370967741937,24.353763440860217,20.027631371098494,43,0.45263157894736844,18.8075,arxiv
127,839,5.338582677165355,4,31.75,17.421850000000006,18.592700000000004,22.740000000000002,19.53771442962202,39,0.30708661417322836,18.105,arxiv
178,1312,6.241573033707865,7,25.428571428571427,-2.026145251396656,19.89458898643257,23.859856344772545,20.130776976110326,72,0.4044943820224719,19.285,arxiv
97,630,5.309278350515464,6,16.166666666666668,31.97,12.775000000000002,15.15,14.06817628641468,34,0.35051546391752575,12.3,arxiv
280,1483,4.025,45,6.222222222222222,98.27303168872844,1.0814247894103524,2.895435218612114,5.2151,11,0.039285714285714285,2.4475,tinystories
59,358,4.661016949152542,4,14.75,50.55733870967745,10.058225806451613,11.361290322580645,11.698219412168324,12,0.2033898305084746,8.84,wikipedia-en
125,907,6.168,4,31.25,-5.95673780487806,21.72932926829269,25.95853658536586,22.076135915942103,49,0.392,21.315,arxiv
187,981,4.117647058823529,14,13.357142857142858,83.34274064171123,4.952975553857907,5.556760886172651,6.18269132825596,10,0.053475935828877004,5.41,tinystories
102,760,5.931372549019608,4,25.5,1.7865537383177923,19.65558411214953,22.288785046728975,19.287186520377343,35,0.3431372549019608,19.700000000000003,arxiv
226,1458,5.084070796460177,13,17.384615384615383,42.27277194171472,11.701057268722465,14.561707895628599,13.875232112747142,71,0.3141592920353982,12.685,arxiv
182,951,3.9835164835164836,14,13.0,89.98175824175826,3.9382417582417624,5.2,5.288315135182226,5,0.027472527472527472,5.0600000000000005,tinystories
56,339,4.839285714285714,3,18.666666666666668,56.4561904761905,10.02214285714286,12.466666666666669,11.855464076750408,13,0.23214285714285715,11.433333333333334,wikipedia-en
216,1172,4.199074074074074,20,10.8,78.86372465437789,4.9548640552995415,6.367649769585253,7.554174236665414,24,0.1111111111111111,5.436111111111112,fineweb-edu
133,809,4.894736842105263,6,22.166666666666668,45.18103689567431,12.381488549618325,13.618829516539442,13.023866798666859,36,0.2706766917293233,12.3,wikipedia-en
102,652,5.088235294117647,5,20.4,45.473572815534,12.034291262135927,14.45359223300971,13.968273953766033,24,0.23529411764705882,13.05,wikipedia-en
148,1015,5.702702702702703,5,29.6,2.5622941176470704,19.65917647058824,22.35058823529412,19.287186520377343,45,0.30405405405405406,19.065,arxiv
64,403,4.59375,6,10.666666666666666,60.84190476190477,7.671428571428571,10.380952380952381,11.855464076750408,18,0.28125,7.17,wikipedia-en
115,607,3.991304347826087,15,7.666666666666667,94.48415789473685,1.9687368421052653,3.04,4.604124745555138,4,0.034782608695652174,2.87,tinystories
338,1839,4.275147928994083,22,15.363636363636363,72.02422394678496,6.9172283813747235,8.646563192904656,9.573946990214175,51,0.15088757396449703,7.685,fineweb-edu
86,517,4.4186046511627906,6,14.333333333333334,66.09048245614038,7.974473684210526,10.964912280701755,10.864195022040775,20,0.23255813953488372,7.915,wikipedia-en
124,629,3.846774193548387,13,9.538461538461538,99.5905583126551,1.7380645161290325,3.8153846153846156,5.369823440869386,4,0.03225806451612903,3.6031818181818185,tinystories
181,1140,4.801104972375691,8,22.625,34.69372023809524,14.28935846560847,17.703968253968252,16.061879428645646,41,0.2265193370165746,14.1,arxiv
150,789,3.993333333333333,24,6.25,98.33219938478749,1.0862835570469827,2.7517897091722596,5.148860815047168,8,0.05333333333333334,2.2694117647058825,tinystories
23,135,4.739130434782608,1,23.0,40.4914285714286,12.828571428571426,12.20952380952381,11.20814326018867,11,0.4782608695652174,12.6,wikipedia-en
60,328,4.05,4,15.0,76.48314516129035,6.442096774193548,8.135483870967743,8.841846274778883,13,0.21666666666666667,7.045,wikipedia-en
144,789,4.305555555555555,11,13.090909090909092,84.27272727272728,4.757121212121216,6.903030303030303,8.00094639256281,12,0.08333333333333333,6.315,tinystories
191,1203,5.115183246073299,8,23.875,40.76366904145081,13.566936528497411,16.282124352331607,14.731742533061166,46,0.24083769633507854,12.585,wikipedia-en
113,661,4.327433628318584,5,22.6,53.469758620689674,11.564896551724143,14.797241379310345,13.348371206891418,27,0.23893805309734514,12.0,arxiv
133,676,3.8646616541353382,14,9.5,88.95136363636367,3.1947186147186137,3.771428571428572,4.65589566412798,6,0.045112781954887216,3.305,tinystories
199,1431,6.100502512562814,6,33.166666666666664,4.109149395509519,20.677279792746116,23.851122625215893,20.425298281703412,60,0.3015075376884422,20.425,arxiv
69,433,5.159420289855072,3,23.0,37.695024875621925,13.549850746268657,17.888557213930348,16.32212239822248,21,0.30434782608695654,13.955,arxiv
190,1277,5.636842105263158,6,31.666666666666668,4.254868421052635,19.74605263157895,22.394152046783628,19.287186520377343,56,0.29473684210526313,19.31,arxiv
320,1996,5.096875,16,20.0,43.79961084905662,12.087665094339624,14.994025157232706,14.005844860021309,90,0.28125,13.02,fineweb-edu
126,650,3.9523809523809526,17,7.411764705882353,88.37656470588236,2.759247058823533,2.9411764705882355,7.5105763829236425,6,0.047619047619047616,3.0157142857142856,tinystories
105,608,4.685714285714286,6,17.5,41.39659090909092,11.584393939393944,13.064646464646467,12.745084868956482,31,0.29523809523809524,11.175,wikipedia-en
176,1075,4.948863636363637,11,16.0,46.14212987012988,10.775688311688313,13.449350649350649,13.172668634160413,52,0.29545454545454547,11.185,fineweb-edu
275,1747,4.821818181818182,8,34.375,22.280563212927774,18.31870247148289,20.906653992395437,17.553077303434723,71,0.2581818181818182,17.0,arxiv
133,967,6.052631578947368,5,26.6,-3.071923076923042,20.146923076923077,23.630769230769232,20.075844112070616,48,0.3609022556390977,19.815,arxiv
86,555,5.372093023255814,4,21.5,20.214583333333337,15.470462962962966,16.001234567901236,15.579741850924794,24,0.27906976744186046,15.2375,arxiv
128,647,3.921875,12,10.666666666666666,78.49888333333337,4.8980999999999995,4.806666666666667,6.42735559955562,11,0.0859375,4.38,tinystories
176,908,3.9943181818181817,14,12.571428571428571,83.99886363636367,4.666266233766233,5.255844155844156,6.18269132825596,7,0.03977272727272727,4.7,tinystories
158,1051,5.455696202531645,5,31.6,20.10676623376625,18.10641558441559,21.410909090909094,18.669449996058646,50,0.31645569620253167,18.045,arxiv
255,1708,5.352941176470588,11,23.181818181818183,30.067616407982285,14.621249076127125,17.888543976348853,16.24694786949722,88,0.34509803921568627,16.105,arxiv
212,1091,4.018867924528302,15,14.133333333333333,76.11467623604466,6.1042870813397165,5.764720893141946,7.03164865440522,11,0.05188679245283019,5.675,tinystories
162,1128,5.91358024691358,7,23.142857142857142,10.441455696202581,17.410325497287527,22.446292947558774,19.287186520377343,62,0.38271604938271603,18.33,arxiv
132,683,3.878787878787879,11,12.0,91.91784090909093,3.3294318181818205,5.904545454545455,6.980632752743321,5,0.03787878787878788,4.695,tinystories
229,1158,3.7598253275109172,32,7.15625,91.94749155405407,2.1579673423423458,2.9551801801801805,5.602791699666715,10,0.043668122270742356,2.66,tinystories
98,592,4.938775510204081,6,16.333333333333332,54.36810137457047,9.692319587628866,11.827491408934709,11.855464076750408,23,0.23469387755102042,10.65,wikipedia-en
179,1278,6.033519553072626,8,22.375,8.575454545454562,17.528636363636362,21.3,18.243605946275583,76,0.4245810055865922,18.48,arxiv
50,309,4.7,3,16.666666666666668,66.71030303030307,8.509090909090908,10.969696969696969,11.20814326018867,11,0.22,9.55,wikipedia-en
70,498,6.057142857142857,3,23.333333333333332,10.325952380952401,17.615714285714287,23.04761904761905,19.287186520377343,27,0.38571428571428573,18.03,arxiv
106,645,4.528301886792453,8,13.25,65.97246128318585,7.56653761061947,9.543805309734514,10.125756701596842,26,0.24528301886792453,7.83,wikipedia-en
264,1900,6.03030303030303,9,29.333333333333332,6.035085470085505,19.59435897435898,23.24786324786325,19.946969662950774,85,0.32196969696969696,19.005,fineweb-edu
60,409,5.65,3,20.0,22.54420765027325,15.166229508196722,18.62513661202186,16.728156217252725,19,0.31666666666666665,15.565,arxiv
98,608,5.142857142857143,5,19.6,37.131628865979394,12.899711340206185,17.244536082474227,15.381575749822971,25,0.25510204081632654,13.11,arxiv
161,952,4.813664596273292,7,23.0,56.081886792452835,11.079892183288411,13.362443845462714,13.023866798666859,33,0.20496894409937888,11.825,wikipedia-en
117,737,5.068376068376068,6,19.5,32.14000000000004,13.745000000000001,16.666666666666668,15.021129683784007,36,0.3076923076923077,12.65,wikipedia-en
213,1112,4.112676056338028,17,12.529411764705882,79.48247899159665,5.241932773109244,6.274509803921569,8.313332769828598,15,0.07042253521126761,5.797499999999999,tinystories
267,1688,5.067415730337078,15,17.8,52.76946964064436,10.35418587360595,12.823890954151176,12.457975602129121,74,0.27715355805243447,12.035,fineweb-edu
199,1052,4.165829145728643,12,16.583333333333332,79.04512772194308,6.3538819095477415,7.437353433835845,8.841846274778883,10,0.05025125628140704,7.220000000000001,tinystories
57,322,4.333333333333333,5,11.4,60.20084210526318,7.694596491228072,9.472280701754386,11.20814326018867,14,0.24561403508771928,6.945,wikipedia-en
68,452,5.25,4,17.0,12.350887096774244,15.387258064516129,19.103225806451615,16.218646115125612,24,0.35294117647058826,16.09,arxiv
90,610,5.633333333333334,4,22.5,13.845058139534899,16.669418604651167,22.088372093023256,18.511140095513987,36,0.4,17.75,arxiv
278,1910,5.744604316546763,8,34.75,2.627520756457585,21.308334870848707,24.177306273062733,20.503739492662863,87,0.3129496402877698,19.75,arxiv
181,1190,5.259668508287293,8,22.625,36.17117748618787,13.834854972375691,15.458839779005524,14.37465228746014,55,0.30386740331491713,13.64,arxiv
104,532,3.855769230769231,13,8.0,96.94453323375656,1.705825242718447,3.1692307692307695,5.873414542411695,0,0.0,2.9934615384615384,tinystories
153,810,4.150326797385621,11,13.909090909090908,76.5996256684492,6.030623885918004,6.3479500891265594,9.095868883498916,18,0.11764705882352941,6.27,tinystories
121,793,5.471074380165289,4,30.25,12.867663043478274,18.60684782608696,22.282608695652176,19.53771442962202,40,0.3305785123966942,18.625,arxiv
21,115,4.0476190476190474,2,10.5,71.29178571428572,5.92404761904762,8.009523809523811,8.841846274778883,5,0.23809523809523808,4.225,wikipedia-en
130,798,4.938461538461539,7,18.571428571428573,56.9495454545455,10.000649350649354,12.694372294372295,12.28987398476788,33,0.25384615384615383,11.38,fineweb-edu
236,1653,5.932203389830509,7,33.714285714285715,-5.990752212389367,22.11558786346397,25.303666245259166,21.19438992294339,87,0.3686440677966102,20.515,arxiv
261,1527,4.555555555555555,11,23.727272727272727,63.02353725222149,10.476247436773757,12.379494190020507,11.20814326018867,48,0.1839080459770115,10.89,wikipedia-en
153,979,5.287581699346405,5,30.6,25.882891891891887,17.00264864864865,20.21837837837838,17.58133193835471,40,0.26143790849673204,16.55,arxiv
57,347,4.947368421052632,3,19.0,27.68446540880504,13.786792452830191,16.877987421383647,15.021129683784007,22,0.38596491228070173,13.39,wikipedia-en
121,655,4.264462809917355,9,13.444444444444445,79.09166666666668,5.540000000000003,7.0,8.515128840125781,11,0.09090909090909091,6.045,tinystories
191,1256,5.486910994764398,8,23.875,24.475173429319398,15.776747382198955,18.136387434554972,16.373557378465907,55,0.2879581151832461,15.0,arxiv
243,1656,5.448559670781893,9,27.0,20.071940867906562,16.89121602288984,19.282594182165,16.99224021665606,80,0.3292181069958848,16.854999999999997,arxiv
136,721,4.0661764705882355,12,11.333333333333334,82.61625000000004,4.530833333333334,5.981481481481482,8.59863814320734,15,0.11029411764705882,4.66,tinystories
185,1080,4.718918918918919,12,15.416666666666666,56.82838114754102,9.12143442622951,11.127322404371586,11.038039088145766,35,0.1891891891891892,9.978333333333332,fineweb-edu
182,1142,5.137362637362638,9,20.22222222222222,39.42500000000004,12.728888888888893,14.222222222222223,14.232682905230785,45,0.24725274725274726,13.145,fineweb-edu
178,1174,5.404494382022472,10,17.8,34.117896648044706,12.947424581005588,15.204692737430168,14.975302809339372,53,0.29775280898876405,13.86,fineweb-edu
122,776,4.991803278688525,6,20.333333333333332,48.54857142857145,11.704761904761906,13.796825396825398,12.745084868956482,31,0.2540983606557377,11.535,wikipedia-en
331,1837,4.438066465256798,19,17.42105263157895,72.98789473684212,7.367631578947371,8.856482670089859,9.134995656068206,49,0.14803625377643503,8.565000000000001,fineweb-edu
70,483,5.557142857142857,3,23.333333333333332,24.33727699530519,15.744225352112679,18.48075117370892,16.32212239822248,28,0.4,15.735,arxiv
150,758,3.82,14,10.714285714285714,80.51225524475525,4.566998001998005,7.442357642357642,8.634040054169528,11,0.07333333333333333,4.113636363636363,tinystories
222,1510,5.576576576576577,9,24.666666666666668,22.281246857717463,16.251825037707395,18.69100050276521,17.122413403193683,74,0.3333333333333333,15.945,arxiv
108,713,5.546296296296297,4,27.0,5.739824766355184,19.10418224299065,21.541121495327104,18.7741,35,0.32407407407407407,18.5,wikipedia-en
266,1657,5.071428571428571,14,19.0,48.908465250965264,11.033494208494211,14.813127413127413,13.925175675911131,68,0.2556390977443609,13.36,fineweb-edu
83,596,6.048192771084337,5,16.6,10.74755555555555,15.78479012345679,19.319506172839507,16.887214914478655,30,0.3614457831325301,16.28,arxiv
128,728,3.7734375,20,6.4,95.1303627819549,1.6425977443609021,3.5622556390977445,5.341637118332708,10,0.078125,2.847142857142857,tinystories
130,982,5.746153846153846,7,18.571428571428573,23.407692307692344,15.06945054945055,17.96163836163836,16.084390811093357,48,0.36923076923076925,14.685,arxiv
185,1191,5.221621621621622,7,26.428571428571427,27.477413793103466,15.601986863711002,17.758949096880134,16.26309291913925,59,0.31891891891891894,15.605,arxiv
132,812,4.742424242424242,8,16.5,56.51736061151081,9.692724820143887,11.266546762589929,12.602617957971052,30,0.22727272727272727,9.97,wikipedia-en
227,1554,5.594713656387666,7,32.42857142857143,8.353440366972507,19.83094364351245,24.934207077326345,21.06488796707856,75,0.3303964757709251,19.98,arxiv
249,1295,3.8674698795180724,36,6.916666666666667,96.4329155420603,1.5133636977058025,2.906387764282501,5.033348758259628,15,0.060240963855421686,2.547142857142857,tinystories
245,1613,5.444897959183673,11,22.272727272727273,25.271569900687552,15.109526355996945,18.57051184110008,16.691746362846608,80,0.32653061224489793,15.965,arxiv
192,1142,4.802083333333333,10,19.2,57.8419761904762,9.886820105820107,13.274285714285714,13.023866798666859,49,0.2552083333333333,11.585,fineweb-edu
325,1970,4.796923076923077,19,17.105263157894736,59.144086687306526,9.233188854489164,11.753560371517029,11.520995432342353,82,0.2523076923076923,10.67,fineweb-edu
110,728,5.545454545454546,5,22.0,9.464294117647086,17.007176470588238,20.31686274509804,17.58133193835471,41,0.37272727272727274,17.25,arxiv
123,638,4.040650406504065,9,13.666666666666666,83.60235772357724,4.993658536585368,6.117073170731707,7.793537801064561,12,0.0975609756097561,5.592499999999999,tinystories
145,983,5.655172413793103,5,29.0,3.2923816793893366,19.308916030534352,22.388396946564885,19.287186520377343,49,0.33793103448275863,19.725,arxiv
170,1178,5.829411764705882,5,34.0,-5.089090909090885,22.167272727272728,26.29090909090909,22.58601270474327,63,0.37058823529411766,20.93,arxiv
223,1397,5.165919282511211,15,14.866666666666667,52.718405405405434,9.582900900900906,12.586666666666668,12.340626583579944,56,0.25112107623318386,10.866666666666667,fineweb-edu
58,366,4.931034482758621,3,19.333333333333332,38.43235632183911,12.701724137931034,14.629885057471265,15.021129683784007,18,0.3103448275862069,12.416666666666668,wikipedia-en
54,306,4.12962962962963,5,10.8,66.13768421052632,6.8665263157894785,10.174035087719298,10.793553405168563,13,0.24074074074074073,5.625,wikipedia-en
99,561,4.4646464646464645,6,16.5,69.13134488448847,7.798762376237622,11.881848184818482,11.538034831475386,15,0.15151515151515152,8.5,fineweb-edu
28,184,4.5,2,14.0,53.120000000000005,9.825,11.4,13.023866798666859,9,0.32142857142857145,8.65,wikipedia-en
337,1936,4.623145400593472,15,22.466666666666665,55.229809523809564,11.004729483282677,12.420749746707195,12.221763196225844,67,0.19881305637982197,11.2,fineweb-edu
41,288,5.317073170731708,3,13.666666666666666,42.30210144927537,11.16826086956522,11.35072463768116,13.5591,15,0.36585365853658536,11.22,wikipedia-en
129,667,3.9147286821705425,11,11.727272727272727,87.86754473872585,3.8717823908375095,4.618181818181818,4.851557810540191,7,0.05426356589147287,4.609999999999999,tinystories
48,322,5.645833333333333,3,16.0,28.444999999999993,13.26666666666667,15.56666666666667,14.06817628641468,18,0.375,13.75,arxiv
325,1793,4.350769230769231,26,12.5,73.95570080226523,6.058895705521476,7.101274185936763,8.502166056373571,46,0.14153846153846153,6.115,fineweb-edu
182,986,4.21978021978022,14,13.0,79.666091160221,5.35932517758485,7.160378847671666,7.70948699238394,21,0.11538461538461539,6.140000000000001,tinystories
212,1269,4.8584905660377355,12,17.666666666666668,45.84952804107428,11.232428909952606,12.720537124802528,13.295006501635747,42,0.19811320754716982,10.95,fineweb-edu
145,970,5.489655172413793,5,29.0,15.012000000000029,18.171120567375883,22.627517730496454,19.287186520377343,47,0.32413793103448274,18.82,arxiv
96,502,4.104166666666667,7,13.714285714285714,71.19282608695653,6.594409937888198,8.300621118012423,9.236282656511921,21,0.21875,6.155,wikipedia-en
102,625,4.8431372549019605,6,17.0,39.33033333333336,11.914000000000001,14.26666666666667,13.5591,23,0.22549019607843138,11.79,arxiv
223,1425,5.260089686098655,7,31.857142857142858,14.95068807339453,18.910760157273923,22.181913499344695,18.848423458724294,68,0.30493273542600896,18.3,arxiv
138,736,4.094202898550725,12,11.5,87.266847826087,3.944275362318841,5.179710144927537,7.168621630094336,9,0.06521739130434782,4.89,tinystories
109,637,4.6880733944954125,5,21.8,63.494333333333344,9.76918518518519,11.973333333333336,11.20814326018867,24,0.22018348623853212,10.63,fineweb-edu
223,1691,6.273542600896861,8,27.875,-1.109728260869531,20.556413043478262,24.369565217391305,20.503739492662863,76,0.34080717488789236,19.28,fineweb-edu
112,575,3.9107142857142856,13,8.615384615384615,90.70359667359669,2.7291891891891886,3.4153846153846157,5.873414542411695,0,0.0,3.3666666666666663,tinystories
189,1177,5.116402116402116,6,31.5,21.077543859649126,18.186315789473685,21.50877192982456,18.7741,54,0.2857142857142857,18.5,arxiv
287,1830,5.2125435540069684,12,23.916666666666668,31.036432567726735,14.789125441696118,16.500471142520613,15.796290986955235,88,0.30662020905923343,14.265,fineweb-edu
368,1932,4.0978260869565215,27,13.62962962962963,76.44616402116402,5.816984126984128,6.8994708994709,8.28583001469385,36,0.09782608695652174,6.757142857142857,fineweb-edu
179,1160,5.122905027932961,6,29.833333333333332,14.11932489451479,17.83189873417722,20.65991561181435,17.879347455551382,55,0.30726256983240224,18.005,arxiv
237,1586,5.565400843881856,8,29.625,15.739375000000024,18.361569148936173,22.643617021276597,19.53771442962202,68,0.2869198312236287,18.575,arxiv
89,617,5.786516853932584,5,17.8,11.222275862068983,16.016689655172417,19.833563218390807,16.647925096878797,42,0.47191011235955055,16.0,arxiv
231,1261,4.354978354978355,13,17.76923076923077,65.37845154845157,8.554718614718617,11.090376290376291,11.362043627235082,28,0.12121212121212122,8.666666666666668,fineweb-edu
144,744,4.0,11,13.090909090909092,85.96727272727276,4.49818181818182,5.759440559440559,7.348242739294969,10,0.06944444444444445,5.105,tinystories
53,329,4.811320754716981,3,17.666666666666668,54.404848484848515,10.225454545454546,10.969696969696969,10.504223727775692,13,0.24528301886792453,10.896666666666668,wikipedia-en
19,151,5.7368421052631575,1,19.0,20.34857142857146,15.638095238095236,17.923809523809524,17.122413403193683,9,0.47368421052631576,15.76,wikipedia-en
77,452,4.324675324675325,4,19.25,55.00067073170732,10.680609756097564,12.102439024390245,12.161744961471694,18,0.23376623376623376,10.125,wikipedia-en
143,898,5.146853146853147,5,28.6,26.863461538461564,15.971538461538465,16.861538461538462,15.112257680678326,40,0.27972027972027974,15.69,wikipedia-en
163,1055,5.288343558282208,8,20.375,41.10347222222222,12.556882716049387,14.272839506172842,13.81666964889586,47,0.2883435582822086,13.0,fineweb-edu
205,1390,5.287804878048781,7,29.285714285714285,25.657500000000027,16.49464285714286,19.09642857142857,16.613394197324528,65,0.3170731707317073,16.675,arxiv
87,555,5.0344827586206895,5,17.4,47.201586206896565,10.99829885057471,14.776091954022988,13.662883650711645,30,0.3448275862068966,12.555,arxiv
141,927,5.48936170212766,5,28.2,16.212000000000018,18.003744680851067,21.2090780141844,18.243605946275583,51,0.3617021276595745,18.025,arxiv
309,1849,4.773462783171521,19,16.263157894736842,63.017215125191655,8.509913132345428,10.129858627150401,10.30751831280988,69,0.22330097087378642,9.9,fineweb-edu
125,792,5.264,6,20.833333333333332,31.95920731707318,13.894430894308943,17.30569105691057,15.688483145680365,40,0.32,14.25,arxiv
110,680,5.081818181818182,5,22.0,28.88681132075473,14.496867924528303,17.536603773584904,15.6451,46,0.41818181818181815,14.3,arxiv
161,997,5.0,8,20.125,58.57750000000004,10.057500000000001,12.0,11.45678717892309,38,0.2360248447204969,11.695,wikipedia-en
169,888,4.076923076923077,11,15.363636363636363,73.34237373737376,6.688204264870933,7.8662177328844,8.575989854853784,31,0.1834319526627219,7.085,fineweb-edu
90,551,5.066666666666666,5,18.0,37.62867415730338,12.432898876404494,15.659325842696632,14.265292616868656,25,0.2777777777777778,12.09,arxiv
125,772,5.08,6,20.833333333333332,39.190000000000026,12.76166666666667,14.0,13.023866798666859,43,0.344,12.965,wikipedia-en
128,669,4.0,12,10.666666666666666,90.1763812335958,3.3107283464566954,4.233333333333333,5.46131890053228,5,0.0390625,4.02,tinystories
207,1371,5.106280193236715,12,17.25,35.62639438943896,12.4720297029703,15.842244224422442,14.554592549557764,70,0.33816425120772947,14.0,arxiv
204,1080,4.186274509803922,13,15.692307692307692,79.29671466464572,6.078325123152709,8.216597195907541,9.265573868473778,20,0.09803921568627451,6.665,tinystories
100,620,4.37,6,16.666666666666668,66.43421091445428,8.671814159292037,11.073156342182891,11.855464076750408,20,0.2,8.623333333333333,wikipedia-en
220,1409,5.331818181818182,7,31.428571428571427,21.048591549295793,17.882776659959763,22.500067069081155,19.287186520377343,59,0.2681818181818182,16.585,arxiv
127,661,4.015748031496063,9,14.11111111111111,78.60198600174978,5.801522309711288,5.959405074365705,9.150863307647796,7,0.05511811023622047,5.695,tinystories
118,604,3.8813559322033897,15,7.866666666666666,91.77704597701151,2.379448275862071,3.43816091954023,5.2151,8,0.06779661016949153,2.9630769230769234,tinystories
205,1243,4.951219512195122,12,17.083333333333332,55.1471828358209,9.7285696517413,12.869154228855724,12.745084868956482,53,0.25853658536585367,11.555,fineweb-edu
149,1011,5.630872483221476,5,29.8,20.438167832167835,17.51365034965035,20.950489510489515,18.026119701940384,46,0.3087248322147651,17.23,arxiv
103,624,4.553398058252427,6,17.166666666666668,44.814772727272754,11.107626262626265,14.680808080808081,13.5591,25,0.24271844660194175,10.823333333333334,arxiv
117,615,4.068376068376068,17,6.882352941176471,84.88018099547511,3.130015082956259,2.7529411764705887,7.5105763829236425,1,0.008547008547008548,2.813333333333333,tinystories
94,546,4.574468085106383,6,15.666666666666666,69.1949054982818,7.624278350515464,11.00274914089347,11.20814326018867,21,0.22340425531914893,8.6,wikipedia-en
53,401,5.90566037735849,3,17.666666666666668,16.86578947368423,15.627017543859651,20.231578947368423,17.122413403193683,24,0.4528301886792453,16.450000000000003,wikipedia-en
230,1153,3.782608695652174,29,7.931034482758621,97.48608294930877,1.520902590179567,3.3617670427459085,5.501188778358388,9,0.0391304347826087,2.7857142857142856,tinystories
310,1616,3.8870967741935485,40,7.75,96.15389473684212,1.7358421052631563,3.1715789473684213,4.6936,10,0.03225806451612903,2.981538461538461,tinystories
146,747,3.835616438356164,20,7.3,92.3890633802817,2.136746478873242,3.1216901408450703,4.935628992294339,6,0.0410958904109589,2.705714285714285,tinystories
89,615,5.775280898876405,4,22.25,20.754620786516853,15.891994382022471,18.787640449438204,16.52667757954773,30,0.33707865168539325,16.4675,arxiv
27,197,5.037037037037037,2,13.5,34.61375000000001,12.406250000000004,16.400000000000002,14.554592549557764,12,0.4444444444444444,10.85,wikipedia-en
107,550,3.8878504672897196,7,15.285714285714286,86.005,4.954285714285714,7.481318681318682,7.957251820313856,10,0.09345794392523364,6.22,fineweb-edu
111,697,4.936936936936937,6,18.5,50.54952898550724,10.970217391304349,12.188405797101451,11.538034831475386,29,0.26126126126126126,11.33,wikipedia-en
19,102,3.8421052631578947,3,6.333333333333333,89.09087719298246,2.4063157894736875,2.533333333333333,6.42735559955562,3,0.15789473684210525,2.3433333333333333,wikipedia-en
138,723,4.1231884057971016,9,15.333333333333334,82.01486928104576,5.573921568627451,7.220915032679739,8.841846274778883,7,0.050724637681159424,6.35,tinystories
218,1357,5.022935779816514,10,21.8,33.94896575342469,13.96469863013699,16.613881278538813,15.112257680678326,69,0.3165137614678899,13.735,arxiv
138,973,5.934782608695652,7,19.714285714285715,4.900000000000034,17.366984126984125,20.751322751322753,17.77360955136429,58,0.42028985507246375,17.5,arxiv
27,165,4.333333333333333,2,13.5,79.21217741935487,6.061451612903227,7.490322580645162,8.841846274778883,4,0.14814814814814814,6.375,wikipedia-en
136,692,3.8676470588235294,14,9.714285714285714,92.7968181818182,2.6583549783549785,3.771428571428572,5.288315135182226,2,0.014705882352941176,3.88,tinystories
203,1374,5.586206896551724,10,20.3,18.963384615384626,15.781615384615389,20.243076923076924,17.58133193835471,51,0.2512315270935961,14.88,arxiv
145,752,4.041379310344827,13,11.153846153846153,82.3248806366048,4.5475862068965505,4.461538461538462,4.713530739802397,7,0.04827586206896552,4.29,tinystories
42,289,5.833333333333333,2,21.0,-1.6999999999999602,18.465000000000007,20.0,17.693802365651003,14,0.3333333333333333,18.0,arxiv
175,968,4.445714285714286,9,19.444444444444443,66.72517460317462,8.783047619047618,10.74920634920635,9.994966539143718,28,0.16,8.515,fineweb-edu
171,1035,4.783625730994152,9,19.0,60.53722222222224,9.563333333333336,11.597932816537469,11.429527900616531,39,0.22807017543859648,11.4,fineweb-edu
157,811,4.019108280254777,14,11.214285714285714,85.34459677419355,4.105921658986176,5.976958525345623,6.868970318607317,10,0.06369426751592357,4.63,tinystories
82,506,5.036585365853658,4,20.5,42.62018292682927,12.407439024390246,14.053658536585367,13.81666964889586,25,0.3048780487804878,11.825,wikipedia-en
189,1229,5.26984126984127,8,23.625,28.01862892670158,15.28250654450262,17.92696335078534,16.061879428645646,56,0.2962962962962963,16.15,arxiv
195,1075,4.312820512820513,13,15.0,69.46874451972899,7.258031088082902,8.840015942606618,9.466822959209587,35,0.1794871794871795,7.795,fineweb-edu
83,539,5.240963855421687,4,20.75,48.54857142857145,11.704761904761906,12.685714285714287,12.161744961471694,29,0.3493975903614458,12.845,wikipedia-en
161,823,3.981366459627329,13,12.384615384615385,86.3393524829601,4.236075949367088,5.367867575462512,7.32110970712323,9,0.055900621118012424,4.953888888888889,tinystories
147,897,4.789115646258503,5,29.4,41.025000000000034,14.990000000000006,18.400000000000002,16.15616582465906,31,0.2108843537414966,15.95,wikipedia-en
233,1474,5.128755364806867,11,21.181818181818183,36.44151381657991,13.303115738886664,15.655426511814177,14.683698258229963,70,0.30042918454935624,13.65,fineweb-edu
133,678,3.81203007518797,17,7.823529411764706,95.03948361023802,1.9175841939829361,3.0823529411764707,5.088555806805433,3,0.022556390977443608,2.94,tinystories
132,688,4.0,10,13.2,80.82268750000003,5.1660625000000024,6.995000000000001,8.238735603445708,15,0.11363636363636363,5.645,tinystories
145,910,5.186206896551724,8,18.125,36.3004401408451,12.605739436619718,14.987323943661972,13.81666964889586,51,0.35172413793103446,13.08,arxiv
152,817,4.243421052631579,11,13.818181818181818,83.16349282296652,5.09251196172249,5.527272727272727,6.574015621080383,11,0.07236842105263158,5.71,tinystories
193,1249,5.119170984455959,11,17.545454545454547,50.37706968158744,10.681855099215507,14.473281033687124,13.606401829973382,54,0.27979274611398963,12.405,fineweb-edu
125,780,4.84,7,17.857142857142858,41.202677165354345,12.019572553430823,14.501237345331834,13.484332010920856,26,0.208,10.383333333333333,wikipedia-en
85,535,5.235294117647059,4,21.25,38.95801470588236,13.104558823529413,14.61764705882353,14.554592549557764,23,0.27058823529411763,13.95,wikipedia-en
112,645,4.642857142857143,8,14.0,66.2329560810811,7.468096846846848,7.351801801801802,7.6454224807358475,23,0.20535714285714285,7.35,fineweb-edu
97,623,4.845360824742268,7,13.857142857142858,59.68214285714288,8.412857142857145,10.089795918367347,10.290406445055957,23,0.23711340206185566,10.233333333333334,fineweb-edu
253,1600,5.126482213438735,11,23.0,41.35942815249268,13.09143695014663,15.147214076246335,14.291902434058311,62,0.2450592885375494,13.72,fineweb-edu
34,230,5.411764705882353,2,17.0,35.815,12.735555555555557,17.2,15.247664890283005,15,0.4411764705882353,13.075,wikipedia-en
242,1429,4.194214876033058,20,12.1,70.56200925925928,6.43574279835391,9.469053497942388,10.125756701596842,50,0.2066115702479339,7.65,fineweb-edu
104,673,5.221153846153846,5,20.8,51.501846153846174,11.243153846153849,16.012307692307694,15.112257680678326,24,0.23076923076923078,14.045,arxiv
312,1747,4.413461538461538,17,18.352941176470587,67.9758538899431,8.308216318785579,10.003795066413662,9.773937934552698,49,0.15705128205128205,9.2,fineweb-edu
176,961,4.25,9,19.555555555555557,68.98224791265254,8.413025048169558,10.00102761721259,9.444778638647367,19,0.10795454545454546,8.19,wikipedia-en
32,200,4.875,2,16.0,37.79764705882354,12.210588235294118,13.858823529411765,13.81666964889586,10,0.3125,10.69,wikipedia-en
219,1384,5.054794520547945,6,36.5,18.48074027072758,18.83835025380711,22.0673434856176,18.599290044081553,63,0.2876712328767123,18.45,arxiv
204,1343,5.392156862745098,9,22.666666666666668,24.436051889452926,15.2887986463621,18.501748448956572,16.45884130781739,59,0.28921568627450983,15.245,arxiv
235,1604,5.727659574468085,8,29.375,4.619154411764725,19.47786764705882,21.54773755656109,19.16045447334379,89,0.37872340425531914,19.185,arxiv
160,952,4.65,11,14.545454545454545,60.80904040404042,8.43635241301908,11.816835016835018,12.079253325248377,38,0.2375,9.34,fineweb-edu
162,1129,5.790123456790123,6,27.0,11.801650943396226,18.196572327044027,20.66289308176101,17.879347455551382,65,0.4012345679012346,17.45,arxiv
223,1459,5.26457399103139,12,18.583333333333332,31.90708333333336,13.446250000000003,15.859523809523811,15.579741850924794,67,0.3004484304932735,13.505,arxiv
126,825,4.920634920634921,4,31.5,17.681034482758633,17.997586206896553,20.56551724137931,17.971250198000288,43,0.3412698412698413,17.125,arxiv
107,750,5.813084112149533,5,21.4,5.948000000000036,17.597000000000005,20.243076923076924,17.58133193835471,37,0.34579439252336447,17.745,arxiv
81,530,5.45679012345679,4,20.25,40.0590277777778,12.702561728395064,15.01358024691358,13.81666964889586,25,0.30864197530864196,13.475,arxiv
76,476,5.105263157894737,4,19.0,41.726315789473716,12.159473684210528,13.915789473684212,13.427899808715576,19,0.25,12.755,wikipedia-en
254,1744,5.4763779527559056,11,23.09090909090909,29.21474431818183,14.966051136363635,18.21534090909091,16.24694786949722,74,0.29133858267716534,15.21,arxiv
118,859,5.567796610169491,4,29.5,7.718097826086961,19.325108695652172,22.97826086956522,19.53771442962202,36,0.3050847457627119,18.195,arxiv
245,1414,4.640816326530612,14,17.5,53.082521008403376,10.078655462184873,11.337815126050423,11.765960540728905,57,0.23265306122448978,10.225,fineweb-edu
228,1184,3.8859649122807016,32,7.125,92.91428125000002,2.046409722222222,4.4125000000000005,6.6274283507984215,16,0.07017543859649122,2.8121428571428573,tinystories
118,593,3.889830508474576,8,14.75,85.57480978260872,4.89451086956522,7.141304347826088,7.6454224807358475,11,0.09322033898305085,5.4625,tinystories
173,1180,5.583815028901734,5,34.6,1.4377894736842336,21.555017543859652,25.84374269005848,21.728454343632468,49,0.2832369942196532,21.185,wikipedia-en
102,537,3.911764705882353,15,6.8,95.02690909090909,1.644606060606062,3.044040404040404,5.683917801722854,7,0.06862745098039216,2.77,tinystories
159,1105,5.90566037735849,6,26.5,2.5680769230769442,19.360256410256415,24.75897435897436,21.043213290922328,56,0.3522012578616352,19.965,arxiv
19,125,4.947368421052632,1,19.0,46.94500000000005,11.68,14.0,13.023866798666859,9,0.47368421052631576,11.57,wikipedia-en
87,470,4.2988505747126435,7,12.428571428571429,84.1882558139535,4.568870431893689,5.379401993355483,6.18269132825596,6,0.06896551724137931,5.614285714285714,fineweb-edu
32,180,4.46875,2,16.0,71.62625000000001,7.243750000000002,10.15,10.125756701596842,8,0.25,8.375,wikipedia-en
188,1173,4.8563829787234045,9,20.88888888888889,49.57122400475345,11.506916221033872,13.872608437314321,13.731508374201276,49,0.26063829787234044,12.305,fineweb-edu
145,748,4.027586206896552,11,13.181818181818182,84.27272727272728,4.757121212121216,5.791919191919193,5.565023196281405,15,0.10344827586206896,5.44,tinystories
288,1961,5.229166666666667,18,16.0,44.951996996997025,11.074684684684687,14.145345345345346,13.383793397009324,96,0.3333333333333333,12.785,fineweb-edu
316,1981,4.962025316455696,19,16.63157894736842,50.208542510121475,10.505668016194335,12.872874493927126,12.396398192541,78,0.2468354430379747,10.94,fineweb-edu
125,861,5.768,5,25.0,18.665388429752085,16.6678347107438,18.605619834710748,16.647925096878797,49,0.392,16.61,arxiv
242,1608,5.400826446280992,15,16.133333333333333,33.71339024390247,12.631203252032524,14.364878048780486,13.867442237049442,82,0.33884297520661155,13.0,fineweb-edu
124,669,4.258064516129032,9,13.777777777777779,73.28528455284555,6.432682926829269,6.767479674796748,9.725611199111238,13,0.10483870967741936,6.577500000000001,tinystories
82,518,5.280487804878049,4,20.5,35.31250000000003,13.302500000000002,16.0,15.247664890283005,26,0.3170731707317073,14.325,arxiv
173,1055,4.838150289017341,9,19.22222222222222,51.433838383838406,10.943484848484854,13.958585858585861,13.205437297517054,43,0.24855491329479767,11.65,wikipedia-en
95,490,3.9263157894736844,10,9.5,90.19400000000002,3.014297872340425,4.185531914893618,5.683917801722854,6,0.06315789473684211,3.935000000000001,tinystories
106,560,4.047169811320755,9,11.777777777777779,89.52961215932916,3.6976729559748414,5.843186582809224,6.937597516519254,7,0.0660377358490566,4.938888888888888,tinystories
147,960,5.469387755102041,6,24.5,19.098112244897976,16.682006802721087,19.868027210884357,17.5058628484301,51,0.3469387755102041,16.9,arxiv
94,614,5.329787234042553,4,23.5,14.100688202247227,16.820084269662917,18.787640449438204,16.52667757954773,33,0.35106382978723405,16.305,arxiv
106,763,5.613207547169812,6,17.666666666666668,25.486547619047627,14.341785714285717,18.538095238095238,16.11434528070225,34,0.32075471698113206,15.26,arxiv
132,666,3.75,12,11.0,88.44588414634148,3.4692886178861784,4.75040650406504,5.985473137389441,7,0.05303030303030303,4.43,tinystories
55,337,4.963636363636364,3,18.333333333333332,53.43476190476193,10.443571428571431,13.180952380952384,12.457975602129121,15,0.2727272727272727,11.8,arxiv
251,1510,4.756972111553785,13,19.307692307692307,52.031538461538474,10.588333333333335,13.217948717948719,12.896187039172386,65,0.2589641434262948,11.465,fineweb-edu
77,422,4.337662337662338,6,12.833333333333334,84.09384615384617,4.759487179487181,6.738461538461539,7.793537801064561,10,0.12987012987012986,6.115,fineweb-edu
97,724,6.422680412371134,4,24.25,-6.953355263157846,20.12934210526316,25.92105263157895,20.967144525676016,36,0.3711340206185567,21.2175,arxiv
69,456,5.550724637681159,3,23.0,27.593532338308478,14.958805970149253,19.679601990049754,17.122413403193683,28,0.4057971014492754,17.1,arxiv
173,1201,5.6531791907514455,9,19.22222222222222,23.846149425287365,14.736206896551725,17.848275862068967,15.903189008614273,61,0.35260115606936415,15.6,arxiv
267,1481,4.333333333333333,18,14.833333333333334,68.62094827586208,7.290287356321844,9.631417624521074,10.25414643259724,42,0.15730337078651685,8.365,fineweb-edu
250,1767,5.792,8,31.25,14.015967741935498,19.00564516129032,23.206451612903226,19.661554785965695,81,0.324,18.515,fineweb-edu
101,574,4.356435643564357,6,16.833333333333332,68.48588235294119,7.930196078431372,10.721568627450981,10.504223727775692,21,0.2079207920792079,8.8,fineweb-edu
123,626,3.7886178861788617,17,7.235294117647059,95.43372873116192,1.7164608653378721,2.847058823529412,6.79490614679532,4,0.032520325203252036,2.495,tinystories
140,724,3.942857142857143,14,10.0,84.89214285714287,3.902857142857144,4.571428571428572,7.447530270364452,4,0.02857142857142857,4.145,tinystories
323,1974,4.829721362229102,18,17.944444444444443,55.324001363326545,10.04204498977505,13.134014996591686,12.650343791298138,77,0.23839009287925697,10.98,fineweb-edu
125,638,3.888,12,10.416666666666666,88.44588414634148,3.4692886178861784,4.1000000000000005,6.42735559955562,8,0.064,4.135,tinystories
207,1405,5.550724637681159,9,23.0,27.872064244339157,15.195987361769351,18.666877303844128,17.251386760058843,68,0.3285024154589372,15.225,fineweb-edu
122,851,5.565573770491803,8,15.25,29.220425000000034,13.065350000000002,15.21,14.731742533061166,45,0.36885245901639346,13.9,fineweb-edu
80,514,4.7625,5,16.0,58.49925301204823,9.223759036144578,11.459277108433737,11.602472056035307,25,0.3125,11.09,wikipedia-en
165,1122,5.6909090909090905,8,20.625,20.438475609756125,15.501341463414636,17.46829268292683,15.742502247213078,57,0.34545454545454546,15.825,fineweb-edu
175,903,3.92,17,10.294117647058824,85.11275321963106,3.8574730247128457,4.213156978767839,6.227271661974013,9,0.05142857142857143,4.2,tinystories
128,659,3.9140625,12,10.666666666666666,84.59008333333335,4.048500000000001,4.486666666666667,5.985473137389441,5,0.0390625,4.140000000000001,tinystories
141,1027,6.198581560283688,5,28.2,1.9635714285714414,19.941428571428577,24.34285714285714,20.456717378047102,49,0.3475177304964539,18.905,arxiv
16,101,5.25,1,16.0,37.25750000000002,12.037500000000005,13.9,14.554592549557764,7,0.4375,11.95,wikipedia-en
87,563,5.183908045977011,5,17.4,37.47744827586209,12.354620689655174,13.856551724137933,13.662883650711645,27,0.3103448275862069,12.62,wikipedia-en
82,461,4.463414634146342,6,13.666666666666666,67.09504065040652,7.296097560975614,7.90569105691057,9.2995712137729,15,0.18292682926829268,7.465,fineweb-edu
66,470,5.606060606060606,3,22.0,31.381592039801006,14.430447761194035,17.291542288557213,15.903189008614273,27,0.4090909090909091,15.495,wikipedia-en
125,905,5.888,7,17.857142857142858,7.895590551181101,16.665241844769408,18.91068616422947,16.26309291913925,53,0.424,15.105,fineweb-edu
104,646,5.115384615384615,6,17.333333333333332,46.07243589743592,11.139230769230767,13.856410256410255,13.023866798666859,31,0.2980769230769231,11.86,fineweb-edu
155,821,4.129032258064516,13,11.923076923076923,76.83888337468984,5.5038709677419355,5.801488833746898,9.057496981413337,17,0.10967741935483871,5.376111111111111,tinystories
286,1733,4.821678321678322,13,22.0,49.613461538461564,11.690000000000001,13.901098901098903,13.397384779245865,67,0.23426573426573427,11.55,fineweb-edu
263,1520,4.585551330798479,15,17.533333333333335,53.4921374837873,10.05464591439689,13.079014267185475,12.68835289967788,45,0.17110266159695817,10.05,fineweb-edu
190,1003,4.105263157894737,15,12.666666666666666,84.44359649122809,4.627894736842105,5.066666666666666,7.3011,6,0.031578947368421054,4.99,tinystories
96,668,5.583333333333333,5,19.2,24.103000000000037,14.866,18.0,16.404322709996244,31,0.3229166666666667,15.4,wikipedia-en
105,730,5.866666666666666,4,26.25,0.6817857142857235,19.250714285714285,24.08571428571429,20.267338824336647,40,0.38095238095238093,19.5,arxiv
162,1049,5.364197530864198,7,23.142857142857142,12.74527027027031,16.73409266409266,20.88957528957529,18.243605946275583,53,0.3271604938271605,16.93,arxiv
160,834,4.025,15,10.666666666666666,90.661388185654,3.230658227848103,4.466497890295359,6.42735559955562,12,0.075,4.2,tinystories
38,218,4.421052631578948,3,12.666666666666666,70.63166666666669,6.719999999999999,9.333333333333334,10.504223727775692,9,0.23684210526315788,6.863333333333333,wikipedia-en
118,594,3.8983050847457625,10,11.8,90.90037288135593,3.512000000000004,4.720000000000001,4.935628992294339,5,0.0423728813559322,4.558333333333334,tinystories
172,831,3.5930232558139537,16,10.75,91.9382142857143,3.044285714285717,4.2,4.557286568694721,10,0.05813953488372093,2.9000000000000004,tinystories
120,850,5.9,4,30.0,-5.329334112149525,20.64810747663552,24.157943925233646,20.503739492662863,46,0.38333333333333336,21.345,arxiv
129,842,5.441860465116279,7,18.428571428571427,23.239024390243912,14.383182346109177,18.085481997677118,15.719379583869454,47,0.3643410852713178,15.085,arxiv
153,822,4.1568627450980395,12,12.75,71.7595,6.355666666666668,6.333333333333334,9.928628108626363,15,0.09803921568627451,6.245,tinystories
50,292,4.44,3,16.666666666666668,68.84935897435899,7.962307692307693,10.77948717948718,10.504223727775692,12,0.24,8.48,wikipedia-en
280,1864,5.464285714285714,12,23.333333333333332,28.07401315789477,15.24372807017544,18.482456140350877,16.424793381693185,90,0.32142857142857145,14.595,fineweb-edu
65,413,4.569230769230769,6,10.833333333333334,74.57950000000001,5.9623333333333335,7.666666666666668,9.2995712137729,14,0.2153846153846154,6.35,wikipedia-en
336,1892,4.508928571428571,22,15.272727272727273,67.74726658476659,7.570238875238875,10.138629538629539,10.735267742514802,65,0.19345238095238096,8.57,fineweb-edu
257,1309,3.7315175097276265,37,6.945945945945946,99.09589058938458,1.109293389775317,2.8525344621730166,4.0682697023061,14,0.054474708171206226,2.330714285714285,tinystories
203,1344,5.517241379310345,6,33.833333333333336,18.405964912280723,18.558947368421055,22.350877192982455,19.454632303725962,62,0.3054187192118227,18.05,arxiv
289,1878,5.249134948096886,8,36.125,9.347570422535227,20.774718309859157,24.48169014084507,20.503739492662863,65,0.22491349480968859,19.215,arxiv
222,1533,5.743243243243243,7,31.714285714285715,6.1156459330143775,19.823663704716342,22.277785372522217,19.287186520377343,79,0.35585585585585583,18.755,arxiv
85,568,5.576470588235294,4,21.25,33.44142857142859,13.81190476190476,17.923809523809524,16.218646115125612,29,0.3411764705882353,15.34,arxiv
98,609,5.112244897959184,5,19.6,30.913347826086977,13.518608695652173,17.79478260869565,15.6451,26,0.2653061224489796,14.345,arxiv
214,1456,5.700934579439252,7,30.571428571428573,10.728846153846177,19.14472527472528,21.885714285714286,18.848423458724294,70,0.32710280373831774,18.845,arxiv
55,329,4.5636363636363635,4,13.75,72.51060344827589,6.747758620689655,7.86896551724138,8.07648339933343,15,0.2727272727272727,7.19,wikipedia-en
76,552,6.171052631578948,3,25.333333333333332,2.5065296803653325,18.954794520547946,22.884018264840183,19.287186520377343,34,0.4473684210526316,20.148333333333333,arxiv
50,310,5.06,3,16.666666666666668,50.2388235294118,10.47529411764706,11.505882352941178,11.855464076750408,12,0.24,10.966666666666669,wikipedia-en
186,1165,5.150537634408602,6,31.0,18.686193693693724,18.312837837837836,22.92792792792793,19.78447435784618,55,0.2956989247311828,18.08,arxiv
266,1552,4.7218045112781954,13,20.46153846153846,42.71500000000003,12.270000000000003,14.30769230769231,13.639024540459548,67,0.2518796992481203,12.0,fineweb-edu
154,1033,5.590909090909091,6,25.666666666666668,21.47164502164503,16.640779220779226,18.57835497835498,16.52667757954773,53,0.34415584415584416,15.6,arxiv
242,1772,6.239669421487603,9,26.88888888888889,-7.4608225108224815,20.676277056277062,25.15844155844156,20.992536772730308,94,0.3884297520661157,20.81,arxiv
73,450,4.47945205479452,6,12.166666666666666,79.95690928270042,5.377911392405064,6.785654008438819,7.793537801064561,12,0.1643835616438356,6.9,wikipedia-en
81,557,5.765432098765432,4,20.25,11.859027777777811,16.635895061728394,22.42098765432099,18.511140095513987,30,0.37037037037037035,16.295,arxiv
35,252,5.628571428571429,2,17.5,16.123684210526363,15.730526315789472,19.178947368421053,17.122413403193683,16,0.45714285714285713,14.465,wikipedia-en
160,1079,5.58125,7,22.857142857142858,24.898417721518996,15.393869801084993,18.648824593128392,16.439396014739867,60,0.375,15.93,arxiv
24,154,4.708333333333333,3,8.0,85.56880952380955,3.6428571428571423,3.733333333333334,3.1291,5,0.20833333333333334,3.693333333333333,wikipedia-en
321,1950,4.660436137071651,19,16.894736842105264,71.64022267206481,7.686356275303648,9.7193397695422,10.064110947511566,54,0.16822429906542055,8.15,fineweb-edu
286,1902,5.489510489510489,9,31.77777777777778,13.764558512885515,18.599062103929025,21.57482044782425,18.71604785175511,98,0.34265734265734266,18.35,arxiv
110,790,5.463636363636364,4,27.5,29.350000000000023,16.37,18.49655172413793,15.903189008614273,40,0.36363636363636365,16.259999999999998,arxiv
239,1296,4.108786610878661,41,5.829268292682927,87.81084285273232,2.447512606771639,2.8185242358752705,6.697824305789354,11,0.04602510460251046,2.69625,tinystories
121,611,3.7851239669421486,10,12.1,86.39375862068967,4.090896551724139,4.984827586206897,6.2581,10,0.08264462809917356,4.545,tinystories
163,961,4.58282208588957,10,16.3,64.67058823529413,8.462352941176473,11.035294117647059,11.20814326018867,39,0.2392638036809816,8.793333333333333,fineweb-edu
176,929,3.965909090909091,18,9.777777777777779,84.11671644187544,3.914402697495184,4.538086062941555,6.139981653823899,15,0.08522727272727272,4.0,tinystories
91,560,5.087912087912088,4,22.75,44.34040697674422,12.415930232558143,16.972093023255816,15.247664890283005,29,0.31868131868131866,13.86,arxiv
166,860,4.024096385542169,11,15.090909090909092,83.73312817617169,5.216318464144553,5.854545454545455,5.565023196281405,11,0.06626506024096386,6.145,tinystories
62,343,4.338709677419355,5,12.4,72.80706451612906,6.1847096774193595,6.250322580645161,7.554174236665414,17,0.27419354838709675,6.225,wikipedia-en
142,968,5.697183098591549,6,23.666666666666668,9.860401678657098,17.63924460431655,21.640767386091127,18.422482065455632,54,0.38028169014084506,17.365000000000002,arxiv
167,858,3.8802395209580838,13,12.846153846153847,88.79623827392123,4.008048780487808,5.533958724202627,5.873414542411695,12,0.0718562874251497,4.7588888888888885,tinystories
206,1143,4.033980582524272,21,9.80952380952381,89.18263823064774,3.3162491536899132,4.777341457910178,6.42735559955562,18,0.08737864077669903,4.48,tinystories
194,1260,5.38659793814433,8,24.25,24.215065789473698,15.78197368421053,19.394736842105264,16.975882523387877,61,0.31443298969072164,15.06,arxiv
65,376,4.676923076923077,4,16.25,50.55733870967745,10.058225806451613,12.006451612903227,11.698219412168324,18,0.27692307692307694,10.67,arxiv
71,496,5.929577464788732,3,23.666666666666668,0.6573809523809757,18.96428571428571,23.61904761904762,19.6203779977781,29,0.4084507042253521,18.95,arxiv
247,1287,3.931174089068826,35,7.057142857142857,97.56197560975613,1.397484320557492,2.8114285714285714,3.1291,10,0.04048582995951417,2.685714285714286,tinystories
348,1807,3.8620689655172415,50,6.96,97.76014664723034,1.3279655976676423,2.977236151603499,4.935628992294339,13,0.03735632183908046,2.7115384615384617,tinystories
143,941,5.405594405594406,7,20.428571428571427,26.82065217391306,14.415962732919255,18.32049689440994,16.26309291913925,50,0.34965034965034963,15.25,wikipedia-en
153,1017,5.5359477124183005,5,30.6,11.020729729729737,19.075621621621625,21.56972972972973,18.669449996058646,42,0.27450980392156865,18.03,arxiv
237,1455,5.0,9,26.333333333333332,35.141052373959866,14.623759177679883,16.608712677435147,15.760457277294734,47,0.19831223628691982,12.625,fineweb-edu
196,1335,5.663265306122449,8,24.5,16.502398560209457,16.888789267015714,20.440052356020942,17.693802365651003,72,0.3673469387755102,16.59,arxiv
233,1198,3.7982832618025753,34,6.852941176470588,98.44882352941177,1.208235294117646,2.7058823529411766,3.1291,11,0.04721030042918455,2.330714285714285,tinystories
117,777,5.427350427350428,5,23.4,12.449982300885011,17.137274336283188,18.597522123893807,16.887214914478655,39,0.3333333333333333,15.925,arxiv
65,408,5.1692307692307695,3,21.666666666666668,30.86551912568308,14.005573770491804,17.969398907103823,15.903189008614273,20,0.3076923076923077,15.248333333333331,arxiv
88,508,4.454545454545454,5,17.6,69.93300000000002,7.678666666666668,9.577142857142858,9.888512548439397,18,0.20454545454545456,9.63,wikipedia-en
158,1129,6.050632911392405,5,31.6,0.2588211920530057,20.72574834437086,25.06013245033113,21.012824612059983,55,0.34810126582278483,20.675,arxiv
291,1605,4.367697594501718,17,17.11764705882353,72.26934984520123,7.344024767801862,8.670794633642933,9.773937934552698,38,0.13058419243986255,8.478333333333332,fineweb-edu
282,1973,5.780141843971631,11,25.636363636363637,12.875272727272744,17.674181818181818,20.90909090909091,18.243605946275583,110,0.3900709219858156,17.175,fineweb-edu
126,886,5.801587301587301,4,31.5,4.805483870967748,20.290322580645164,22.72258064516129,19.53771442962202,58,0.4603174603174603,19.0,arxiv
150,940,5.233333333333333,5,30.0,31.599108108108112,16.205351351351354,18.056216216216217,15.6451,48,0.32,16.125,arxiv
73,454,5.082191780821918,3,24.333333333333332,23.91291666666669,15.223750000000003,17.90833333333333,15.903189008614273,22,0.3013698630136986,15.45,arxiv
187,1327,6.010695187165775,8,23.375,-0.013091216216196244,19.006047297297304,23.520270270270274,19.78447435784618,59,0.3155080213903743,18.24,arxiv
254,1348,3.9803149606299213,39,6.512820512820513,95.53368131868135,1.5395238095238106,2.743345543345544,4.958643028274463,10,0.03937007874015748,2.585714285714286,tinystories
332,1836,4.337349397590361,21,15.80952380952381,71.00228070175439,7.176992481203012,9.12451717529117,9.485657244295059,64,0.1927710843373494,8.168333333333333,fineweb-edu
89,576,5.112359550561798,4,22.25,31.86290662650603,13.969969879518075,18.420481927710842,16.218646115125612,30,0.33707865168539325,15.8275,arxiv
102,754,6.166666666666667,4,25.5,16.728970588235313,17.260882352941177,21.180392156862748,18.243605946275583,40,0.39215686274509803,18.9,arxiv
78,506,5.128205128205129,5,15.6,44.66,11.005000000000006,14.9,13.968273953766033,17,0.21794871794871795,11.8,wikipedia-en
305,1614,4.219672131147541,14,21.785714285714285,63.73907894736844,9.763439849624064,11.58045112781955,10.7630783206399,35,0.11475409836065574,9.915,fineweb-edu
32,206,5.40625,2,16.0,34.61375000000001,12.406250000000004,13.9,14.554592549557764,6,0.1875,12.15,wikipedia-en
155,1134,5.916129032258064,6,25.833333333333332,15.190210970464165,17.68253164556962,20.913080168776375,18.062587368997235,47,0.3032258064516129,17.555,arxiv
54,363,5.055555555555555,3,18.0,46.35129943502827,11.680000000000003,12.612429378531075,12.457975602129121,18,0.3333333333333333,11.925,wikipedia-en
31,167,4.258064516129032,2,15.5,70.35000000000002,7.173333333333336,7.333333333333333,7.168621630094336,9,0.2903225806451613,7.165,wikipedia-en
159,1181,6.169811320754717,5,31.8,-7.800470588235271,21.94922875816994,24.527581699346406,21.374148478970945,65,0.4088050314465409,20.435,arxiv
57,359,4.754385964912281,4,14.25,54.84000000000003,9.33666666666667,13.333333333333332,12.602617957971052,18,0.3157894736842105,9.415,fineweb-edu
235,1669,5.706382978723404,10,23.5,9.844223981900456,17.3765113122172,21.690678733031675,18.564090476187538,84,0.3574468085106383,18.45,arxiv
102,671,5.166666666666667,5,20.4,33.88447524752479,13.551366336633667,16.000792079207923,14.836745963215662,28,0.27450980392156865,14.005,arxiv
202,1339,5.400990099009901,9,22.444444444444443,27.593532338308478,14.958805970149253,16.893532338308457,15.322241378113624,75,0.3712871287128713,14.995,arxiv
80,532,5.45,4,20.0,26.85250000000005,14.482500000000002,18.0,16.218646115125612,36,0.45,15.1,wikipedia-en
189,1268,5.5661375661375665,8,23.625,32.90324404761907,14.53909391534392,16.22248677248677,15.078166124597352,47,0.24867724867724866,15.32,fineweb-edu
210,1414,5.580952380952381,7,30.0,12.25232227488155,19.038700067704806,22.294109681787408,19.287186520377343,64,0.3047619047619048,18.55,arxiv
45,321,6.0,2,22.5,7.277500000000003,17.83388888888889,21.444444444444446,18.243605946275583,18,0.4,18.125,arxiv
274,1920,5.930656934306569,9,30.444444444444443,-3.468333333333277,21.195925925925923,25.185185185185187,21.294475397533994,91,0.33211678832116787,20.25,arxiv
129,755,4.511627906976744,6,21.5,58.245909090909095,10.600606060606065,13.64848484848485,12.457975602129121,27,0.20930232558139536,11.55,fineweb-edu
132,697,4.037878787878788,13,10.153846153846153,88.00653846153847,3.4684615384615434,4.615384615384616,5.873414542411695,11,0.08333333333333333,4.255,tinystories
247,1577,4.558704453441296,15,16.466666666666665,52.82482993197283,9.948979591836736,12.574149659863947,12.10132525352546,65,0.2631578947368421,11.12,arxiv
203,1411,5.719211822660099,11,18.454545454545453,19.833532853285362,15.054986498649864,18.434563456345636,16.24694786949722,86,0.4236453201970443,15.9,arxiv
341,1760,3.7565982404692084,52,6.5576923076923075,101.02455895900508,0.7641017964071857,2.808751727314602,4.900547419919221,12,0.03519061583577713,1.8405882352941176,tinystories
244,1704,5.905737704918033,9,27.11111111111111,9.863333333333372,18.508333333333336,22.0,18.946978176291534,85,0.3483606557377049,18.125,arxiv
143,928,5.286713286713287,7,20.428571428571427,28.732167832167846,14.326793206793209,17.96163836163836,16.785175570968402,42,0.2937062937062937,14.364999999999998,wikipedia-en
78,507,5.102564102564102,4,19.5,43.772500000000036,12.122500000000002,14.5,14.191785591663535,24,0.3076923076923077,12.35,wikipedia-en
241,1558,5.195020746887967,12,20.083333333333332,40.25374649859947,12.571890756302523,15.832492997198882,14.434950587195996,74,0.3070539419087137,13.825,arxiv
248,1609,5.391129032258065,10,24.8,30.36729497907953,14.961125523012551,16.924016736401672,15.6451,77,0.31048387096774194,15.21,arxiv
134,699,3.8358208955223883,19,7.052631578947368,93.27959019686624,1.9615427882683818,3.67392527119325,7.060881637134146,9,0.06716417910447761,2.4833333333333334,tinystories
94,526,4.446808510638298,6,15.666666666666666,69.43333333333334,7.466808510638298,9.245390070921985,10.125756701596842,18,0.19148936170212766,7.883333333333333,fineweb-edu
273,1487,4.13919413919414,19,14.368421052631579,81.2928195488722,5.581654135338347,7.466165413533834,8.032893268588372,31,0.11355311355311355,6.23,fineweb-edu
162,1052,5.037037037037037,9,18.0,49.518421052631595,11.07263157894737,14.14970760233918,13.383793397009324,47,0.29012345679012347,12.29,fineweb-edu
84,550,5.2023809523809526,5,16.8,47.201586206896565,10.99829885057471,13.856551724137933,13.023866798666859,25,0.2976190476190476,11.58,wikipedia-en
228,1286,4.381578947368421,14,16.285714285714285,69.34184210526317,7.633358395989976,8.61954887218045,9.236282656511921,33,0.14473684210526316,7.5166666666666675,wikipedia-en
215,1519,5.767441860465116,12,17.916666666666668,19.411212121212174,15.106363636363636,18.242424242424246,16.00919986374329,88,0.40930232558139534,14.75,arxiv
17,146,6.705882352941177,1,17.0,-12.274999999999977,19.94,24.0,21.19438992294339,9,0.5294117647058824,18.295,wikipedia-en
216,1297,4.824074074074074,11,19.636363636363637,52.28209430756161,10.800076465590486,13.950042480883603,13.023866798666859,53,0.24537037037037038,11.7,fineweb-edu
134,731,3.9776119402985075,13,10.307692307692308,83.45115384615386,4.103846153846153,4.615384615384616,6.297961479604793,10,0.07462686567164178,4.71,tinystories
177,1042,3.864406779661017,5,35.4,37.23630463576163,15.568132450331124,18.967417218543044,16.647925096878797,36,0.2033898305084746,15.675,arxiv
98,669,5.622448979591836,4,24.5,22.434013157894782,16.03039473684211,19.18421052631579,17.410965686947208,34,0.3469387755102041,17.1,arxiv
59,384,5.220338983050848,3,19.666666666666668,46.12125683060111,11.877704918032787,14.690710382513661,13.5591,23,0.3898305084745763,13.55,wikipedia-en
167,853,3.9760479041916166,14,11.928571428571429,84.20843373493977,4.459586919104993,5.70671256454389,7.957251820313856,6,0.03592814371257485,4.865,tinystories
186,1204,4.913978494623656,8,23.25,41.855625,13.290416666666669,16.857407407407408,15.579741850924794,49,0.26344086021505375,13.325,arxiv
26,161,4.730769230769231,2,13.0,59.68214285714288,8.412857142857145,7.028571428571429,8.841846274778883,9,0.34615384615384615,7.314999999999999,wikipedia-en
59,358,4.711864406779661,4,14.75,44.97000000000003,10.713333333333338,12.666666666666668,13.81666964889586,14,0.23728813559322035,9.985,wikipedia-en
31,197,5.032258064516129,2,15.5,28.05000000000001,13.073333333333338,16.666666666666668,14.554592549557764,10,0.3225806451612903,12.535,arxiv
102,573,4.2745098039215685,6,17.0,72.10320512820515,7.5084615384615425,9.625641025641025,9.2995712137729,23,0.22549019607843138,7.716666666666667,wikipedia-en
136,969,6.073529411764706,5,27.2,0.29916279069772145,19.627038759689928,23.34325581395349,19.686211704642208,49,0.3602941176470588,19.65,arxiv
245,1749,5.922448979591837,10,24.5,7.051981481481505,18.312514403292187,21.24263374485597,18.243605946275583,106,0.4326530612244898,17.935000000000002,fineweb-edu
54,346,5.185185185185185,3,18.0,48.25212121212124,11.083636363636362,13.878787878787879,13.023866798666859,18,0.3333333333333333,12.455,wikipedia-en
168,1209,5.970238095238095,6,28.0,3.4025490196078465,19.823529411764714,22.627450980392155,19.454632303725962,65,0.3869047619047619,18.05,fineweb-edu
246,1383,4.508130081300813,15,16.4,71.47136054421772,7.348163265306123,8.655782312925169,9.725611199111238,41,0.16666666666666666,8.383333333333333,fineweb-edu
182,1059,4.697802197802198,10,18.2,64.36541803278689,8.827874316939894,11.473005464480876,11.20814326018867,40,0.21978021978021978,10.23,fineweb-edu
66,455,5.666666666666667,3,22.0,20.01741293532342,16.015522388059704,20.873631840796023,18.243605946275583,28,0.42424242424242425,16.4,wikipedia-en
228,1537,5.62719298245614,7,32.57142857142857,15.542941176470634,18.9346218487395,21.85934065934066,18.699421769314853,78,0.34210526315789475,19.27,arxiv
289,1595,4.307958477508651,21,13.761904761904763,72.46396713615026,6.51175050301811,8.508115358819586,8.976282227363878,40,0.1384083044982699,7.121428571428571,fineweb-edu
285,1603,4.224561403508772,21,13.571428571428571,73.28175500588928,6.385855628470473,8.217331314151101,8.976282227363878,47,0.1649122807017544,7.457142857142857,fineweb-edu
215,1504,5.813953488372093,8,26.875,18.97288461538463,17.07211538461539,20.592307692307692,17.971250198000288,71,0.3302325581395349,18.265,arxiv
272,1605,4.805147058823529,14,19.428571428571427,58.48000000000005,9.893650793650796,10.973544973544975,10.608840637214634,60,0.22058823529411764,10.735,fineweb-edu
182,1308,6.1098901098901095,7,26.0,4.220505617977523,18.987817014446232,21.63210272873194,18.548980349730343,65,0.35714285714285715,18.85,arxiv
130,650,3.7,14,9.285714285714286,101.03694881889764,1.4202980877390345,3.6285714285714286,5.288315135182226,3,0.023076923076923078,2.965,tinystories
209,1253,4.803827751196172,11,19.0,54.91772727272729,10.342121212121214,12.3982683982684,12.079253325248377,54,0.2583732057416268,11.325,fineweb-edu
190,1053,4.336842105263158,15,12.666666666666666,81.6136666666667,4.98948936170213,7.140992907801419,9.210782826323648,19,0.1,6.765000000000001,tinystories
151,1049,5.741721854304636,4,37.75,-17.740817669172912,23.994041353383462,28.337593984962407,23.527684325879086,51,0.33774834437086093,23.12,arxiv
97,608,5.134020618556701,5,19.4,40.15300000000002,12.329234042553196,14.328510638297871,13.968273953766033,28,0.28865979381443296,13.255,arxiv
113,782,5.619469026548672,6,18.833333333333332,21.14398648648651,14.906081081081084,19.291891891891893,16.728156217252725,40,0.35398230088495575,16.27,arxiv
149,913,4.97986577181208,4,37.25,17.3617151162791,18.849515503875967,20.96201550387597,17.971250198000288,45,0.30201342281879195,17.79,arxiv
148,766,4.013513513513513,13,11.384615384615385,87.737284144427,3.8308843537414994,5.0672946101517535,6.67199483983844,10,0.06756756756756757,4.818333333333333,tinystories
116,820,5.991379310344827,5,23.2,-1.8943478260869142,19.237391304347828,21.026086956521738,18.243605946275583,48,0.41379310344827586,18.125,arxiv
154,969,5.14935064935065,8,19.25,38.60310822147653,12.501937919463092,14.161409395973156,13.427899808715576,51,0.33116883116883117,13.465,fineweb-edu
77,511,4.51948051948052,5,15.4,61.78779310344828,8.963816091954026,11.557701149425288,11.602472056035307,18,0.23376623376623376,10.24,wikipedia-en
132,846,5.325757575757576,6,22.0,26.556666666666672,14.855,18.84583333333333,16.52667757954773,38,0.2878787878787879,14.88,arxiv
166,1135,5.698795180722891,8,20.75,16.5590277777778,15.980339506172843,17.72962962962963,16.827784334635936,53,0.3192771084337349,16.195,arxiv
164,1078,5.2560975609756095,8,20.5,35.91408536585368,13.342804878048785,17.22439024390244,15.903189008614273,48,0.2926829268292683,14.915,arxiv
121,727,3.768595041322314,24,5.041666666666667,95.79332848837211,1.233381782945738,2.460077519379845,5.148860815047168,14,0.11570247933884298,2.325,tinystories
142,932,5.295774647887324,7,20.285714285714285,36.447241379310356,13.321674876847293,16.28571428571429,14.955608360458719,48,0.3380281690140845,14.15,wikipedia-en
314,1642,3.8980891719745223,46,6.826086956521739,99.72421994884913,1.0023870417732326,2.922307473714124,4.320289942142256,22,0.07006369426751592,2.555,tinystories
79,497,5.063291139240507,4,19.75,46.04250000000002,11.681666666666668,12.928205128205128,12.602617957971052,23,0.2911392405063291,11.95,wikipedia-en
83,450,4.265060240963855,5,16.6,68.44753658536588,7.78648780487805,10.462439024390244,10.355215969177355,16,0.1927710843373494,7.7,wikipedia-en
123,832,5.658536585365853,4,30.75,7.185000000000031,19.710000000000004,23.66666666666667,20.503739492662863,42,0.34146341463414637,19.375,wikipedia-en
313,1865,4.856230031948882,16,19.5625,52.529899878640805,10.730224514563108,14.197491909385114,13.720815070044132,60,0.19169329073482427,11.365,fineweb-edu
38,209,4.184210526315789,3,12.666666666666666,78.20991228070177,5.497368421052631,6.1192982456140355,9.725611199111238,5,0.13157894736842105,6.09,wikipedia-en
169,916,4.3076923076923075,12,14.083333333333334,83.28682884231539,5.099775449101795,6.045708582834331,6.816661863887846,13,0.07692307692307693,6.220000000000001,tinystories
146,748,3.9315068493150687,16,9.125,86.19794181034483,3.4878232758620697,5.004310344827586,7.413659706084162,11,0.07534246575342465,3.985,tinystories
190,1333,5.821052631578947,7,27.142857142857142,3.5984782608695696,19.28751552795031,21.818633540372673,18.99602597827317,63,0.33157894736842103,18.105,fineweb-edu
110,613,4.090909090909091,7,15.714285714285714,79.5575,6.137499999999999,8.542857142857143,8.841846274778883,15,0.13636363636363635,7.945,wikipedia-en
121,778,5.371900826446281,4,30.25,6.258601694915285,19.715,23.664406779661018,20.267338824336647,41,0.33884297520661155,19.130000000000003,arxiv
111,552,3.6126126126126126,15,7.4,91.60728205128208,2.2043846153846154,2.7733333333333334,5.683917801722854,3,0.02702702702702703,2.4866666666666664,tinystories
142,785,4.28169014084507,11,12.909090909090908,75.02454545454547,5.979303675048357,8.531528046421665,10.018931242160765,18,0.1267605633802817,6.607142857142858,fineweb-edu
67,466,5.865671641791045,3,22.333333333333332,6.332272727272738,17.84151515151515,21.527272727272727,18.243605946275583,34,0.5074626865671642,18.1,arxiv
57,448,6.315789473684211,5,11.4,14.13287096774198,14.368580645161291,18.508387096774193,14.836745963215662,23,0.40350877192982454,12.9,wikipedia-en
34,209,4.852941176470588,3,11.333333333333334,42.71333333333334,10.200000000000003,9.238095238095239,11.20814326018867,10,0.29411764705882354,7.8,wikipedia-en
103,672,5.466019417475728,5,20.6,25.508237623762426,14.71968316831683,18.3770297029703,16.647925096878797,33,0.32038834951456313,15.165,arxiv
147,1031,5.625850340136054,5,29.4,20.65611688311691,18.02979220779221,21.670649350649356,18.878054631974784,46,0.3129251700680272,18.475,arxiv
178,1288,6.151685393258427,8,22.25,-7.796802325581382,19.688023255813956,22.32093023255814,19.032712561301913,72,0.4044943820224719,18.8,arxiv
284,1482,3.954225352112676,40,7.1,99.77924999999999,1.0935425531914902,2.9618439716312057,4.6936,11,0.03873239436619718,2.8114285714285714,tinystories
78,486,5.17948717948718,4,19.5,35.6754707792208,13.065551948051947,14.972727272727276,14.191785591663535,20,0.2564102564102564,13.0225,arxiv
315,1751,4.355555555555555,21,15.0,57.58327956989251,8.89488479262673,12.614439324116745,12.28987398476788,44,0.13968253968253969,7.9,fineweb-edu
39,227,4.410256410256411,3,13.0,58.84138211382114,8.447317073170733,10.34471544715447,12.457975602129121,10,0.2564102564102564,7.666666666666667,wikipedia-en
123,794,5.300813008130081,6,20.5,34.64517217630856,13.436983471074385,16.66170798898072,15.247664890283005,39,0.3170731707317073,13.335,fineweb-edu
390,1999,3.764102564102564,49,7.959183673469388,99.44725563909776,1.3150161117078412,3.2073039742212672,4.953969858373467,15,0.038461538461538464,2.9533333333333336,tinystories
142,1002,6.007042253521127,5,28.4,-7.0404427480915786,20.750137404580155,23.609770992366414,19.882160675589997,52,0.36619718309859156,19.695,arxiv
299,1881,5.117056856187291,17,17.58823529411765,42.283235294117674,11.745686274509808,14.258823529411766,14.385316635316524,63,0.21070234113712374,12.145,fineweb-edu
300,1913,5.206666666666667,17,17.647058823529413,35.344814086169606,12.698843202832972,15.463387763132012,14.470270418902462,86,0.2866666666666667,12.865,fineweb-edu
173,879,3.901734104046243,16,10.8125,90.05180147058825,3.3384558823529424,4.9558823529411775,6.907726486568896,10,0.057803468208092484,4.48,tinystories
111,771,5.738738738738738,4,27.75,21.258863636363657,17.125909090909094,18.636363636363637,16.52667757954773,39,0.35135135135135137,16.935000000000002,arxiv
53,311,4.716981132075472,3,17.666666666666668,59.608993710691834,9.333962264150948,12.349685534591195,13.023866798666859,11,0.20754716981132076,10.25,wikipedia-en
219,1468,5.579908675799087,10,21.9,20.411,15.77844444444445,20.12148148148148,17.353723509956247,70,0.319634703196347,15.8,arxiv
67,475,6.029850746268656,3,22.333333333333332,5.231025641025667,17.912307692307696,23.435897435897438,19.287186520377343,28,0.417910447761194,18.665,arxiv
146,940,5.2465753424657535,4,36.5,18.056250000000006,19.4979255319149,21.475886524822698,19.032712561301913,42,0.2876712328767123,18.775,fineweb-edu
194,975,3.9072164948453607,14,13.857142857142858,85.79797120418851,4.6814996260284225,5.666566940912491,5.773587663045528,11,0.05670103092783505,5.225,tinystories
125,782,5.176,6,20.833333333333332,39.172849462365605,12.929677419354842,14.718279569892474,14.554592549557764,33,0.264,13.65,arxiv
148,951,5.175675675675675,6,24.666666666666668,29.945293764988037,14.837805755395685,17.899760191846525,16.32212239822248,41,0.27702702702702703,15.21,arxiv
287,1479,3.8815331010452963,36,7.972222222222222,96.28416666666669,1.7756382978723444,3.2751773049645387,5.033348758259628,15,0.05226480836236934,2.987142857142857,tinystories
165,1002,4.672727272727273,10,16.5,60.174921965317964,9.16393641618497,11.5442774566474,11.407655852321103,39,0.23636363636363636,8.785,fineweb-edu
110,683,5.0181818181818185,7,15.714285714285714,60.1395454545455,8.774935064935068,11.012987012987013,11.491704259439757,26,0.23636363636363636,10.533333333333331,fineweb-edu
71,471,5.323943661971831,3,23.666666666666668,9.915920398009973,17.4244776119403,19.082587064676616,18.243605946275583,19,0.2676056338028169,15.615,wikipedia-en
138,970,5.949275362318841,6,23.0,9.51902068126526,17.60405109489051,20.520194647201947,18.062587368997235,52,0.37681159420289856,17.645,arxiv
154,1018,5.311688311688312,8,19.25,42.21912974683548,12.27705696202532,14.988607594936708,14.191785591663535,44,0.2857142857142857,13.3,fineweb-edu
194,1128,4.592783505154639,9,21.555555555555557,48.89837915234824,11.793986254295536,13.570675830469646,12.838901577100671,54,0.27835051546391754,12.2,fineweb-edu
42,277,4.785714285714286,3,14.0,51.49775362318843,9.885652173913044,12.220289855072465,12.457975602129121,8,0.19047619047619047,10.07,wikipedia-en
60,428,5.8,3,20.0,19.387365591397867,15.68935483870968,18.589247311827958,16.728156217252725,26,0.43333333333333335,16.07,wikipedia-en
52,338,5.153846153846154,3,17.333333333333332,59.01939393939395,9.581818181818182,13.15151515151515,13.5591,12,0.23076923076923078,12.148333333333332,wikipedia-en
186,975,4.043010752688172,14,13.285714285714286,88.20478260869565,4.22158385093168,6.344099378881988,7.168621630094336,15,0.08064516129032258,5.425,tinystories
224,1654,6.129464285714286,9,24.88888888888889,-3.4480767314399543,19.89575485799701,24.081514698555058,20.267338824336647,75,0.33482142857142855,19.09,fineweb-edu
121,768,5.132231404958677,4,30.25,20.191338495575224,17.46112831858407,21.211504424778763,18.243605946275583,39,0.32231404958677684,17.07,arxiv
204,1404,5.6911764705882355,6,34.0,13.538316151202793,19.40350515463918,23.654982817869417,19.946969662950774,61,0.29901960784313725,19.75,arxiv
102,659,4.852941176470588,6,17.0,54.1224388379205,10.22344036697248,13.505198776758412,13.295006501635747,29,0.28431372549019607,10.9,wikipedia-en
89,531,4.685393258426966,5,17.8,63.46072093023258,8.680790697674421,10.135813953488373,10.793553405168563,18,0.20224719101123595,10.3,wikipedia-en
71,421,4.704225352112676,4,17.75,53.712500000000034,10.115000000000002,12.142857142857144,11.698219412168324,21,0.29577464788732394,10.6,wikipedia-en
153,799,4.098039215686274,11,13.909090909090908,81.88609090909092,5.22551515151515,6.521212121212122,8.00094639256281,12,0.0784313725490196,5.859999999999999,tinystories
99,627,4.98989898989899,6,16.5,53.39358974358976,10.118076923076924,11.933333333333334,12.457975602129121,19,0.1919191919191919,10.865,wikipedia-en
214,1368,5.275700934579439,10,21.4,33.82724162679429,13.733248803827752,16.39827751196172,14.975302809339372,70,0.32710280373831774,14.23,fineweb-edu
173,899,3.8959537572254335,16,10.8125,86.73072674418606,3.8327325581395364,4.997674418604651,6.907726486568896,12,0.06936416184971098,4.335,tinystories
184,1206,5.407608695652174,9,20.444444444444443,24.21448813982522,14.795243445692886,19.596504369538078,17.122413403193683,59,0.32065217391304346,15.53,fineweb-edu
288,1620,4.427083333333333,17,16.941176470588236,72.02904771698891,7.392155491567259,8.267873303167422,9.773937934552698,23,0.0798611111111111,8.495,fineweb-edu
175,1274,6.211428571428572,6,29.166666666666668,-2.3671428571428237,20.54547619047619,23.819047619047623,20.425298281703412,73,0.41714285714285715,20.22,arxiv
244,1434,4.569672131147541,10,24.4,53.82457894736842,11.416035087719305,13.155087719298246,12.161744961471694,48,0.19672131147540983,11.545,arxiv
160,895,3.675,23,6.956521739130435,97.58163698271346,1.4416500785751722,3.6098480880041905,5.511479884284511,10,0.0625,2.932857142857143,tinystories
164,876,4.036585365853658,24,6.833333333333333,85.99995471014495,2.930597826086956,3.1802277432712214,5.46131890053228,10,0.06097560975609756,2.6614285714285715,tinystories
118,824,5.915254237288136,4,29.5,3.767075688073419,19.50355504587156,23.01009174311927,20.503739492662863,35,0.2966101694915254,20.22,arxiv
131,703,3.83206106870229,12,10.916666666666666,84.90571741854637,4.17009398496241,4.433333333333334,8.07648339933343,4,0.030534351145038167,4.52,tinystories
57,293,3.9473684210526314,9,6.333333333333333,86.12245614035089,2.8203508771929826,3.2350877192982455,5.82211442006289,3,0.05263157894736842,2.3794444444444443,tinystories
128,716,4.4921875,8,16.0,57.10742378048781,9.113567073170735,10.052439024390246,11.45678717892309,29,0.2265625,9.535,wikipedia-en
168,1062,5.160714285714286,11,15.272727272727273,43.72254654983573,10.90991237677985,13.024315443592554,13.172668634160413,46,0.27380952380952384,11.18,fineweb-edu
157,880,4.414012738853503,11,14.272727272727273,71.12194805194808,6.975324675324675,9.581253529079616,10.018931242160765,27,0.17197452229299362,7.465714285714286,fineweb-edu
212,1358,5.334905660377358,10,21.2,22.15774257425747,15.187009900990098,17.9809900990099,16.280829582073984,60,0.2830188679245283,14.95,arxiv
79,511,5.417721518987341,4,19.75,30.85788461538465,13.799615384615386,17.543589743589745,15.579741850924794,32,0.4050632911392405,14.53,arxiv
96,628,5.0,5,19.2,51.7642941176471,11.107176470588236,12.47372549019608,12.340626583579944,26,0.2708333333333333,11.92,wikipedia-en
16,106,4.9375,1,16.0,35.309411764705914,12.55764705882353,13.858823529411765,13.023866798666859,7,0.4375,12.06,wikipedia-en
105,642,4.695238095238095,6,17.5,58.531666666666666,9.567037037037036,12.014814814814816,11.855464076750408,27,0.2571428571428571,10.035,wikipedia-en
181,1028,4.56353591160221,9,20.11111111111111,58.02346031746032,9.996761904761907,11.434920634920635,11.20814326018867,29,0.16022099447513813,10.355,fineweb-edu
132,779,4.674242424242424,7,18.857142857142858,58.42368421052632,9.830526315789477,11.509774436090225,11.491704259439757,34,0.25757575757575757,10.605,fineweb-edu
170,940,4.382352941176471,10,17.0,67.41514285714288,8.029857142857143,9.100952380952382,10.793553405168563,22,0.12941176470588237,8.278333333333332,tinystories
157,1005,5.267515923566879,9,17.444444444444443,36.19839105339108,12.461255411255411,17.75353535353535,15.616094167265928,44,0.2802547770700637,13.385,arxiv
88,616,5.954545454545454,4,22.0,6.959011627906989,17.629883720930234,21.15813953488372,18.511140095513987,33,0.375,18.12,arxiv
132,697,4.113636363636363,11,12.0,89.4816238723109,3.7369882026370576,5.985010409437891,7.348242739294969,6,0.045454545454545456,4.779999999999999,tinystories
154,807,3.987012987012987,20,7.7,95.1922272727273,1.8948181818181844,3.08,5.683917801722854,6,0.03896103896103896,2.897142857142857,tinystories
224,1368,5.0,11,20.363636363636363,41.689636363636396,12.525939393939396,14.937373737373736,13.88584557914918,59,0.26339285714285715,12.75,fineweb-edu
136,729,3.9705882352941178,14,9.714285714285714,87.66954545454549,3.3735064935064933,3.771428571428572,5.773587663045528,4,0.029411764705882353,4.25,tinystories
109,759,5.247706422018348,6,18.166666666666668,35.34725077881623,12.759392523364486,15.357632398753896,14.06817628641468,34,0.3119266055045872,13.9,arxiv
186,968,3.9086021505376345,26,7.153846153846154,100.29751891551074,1.0183879781420764,3.689701555275326,5.369823440869386,5,0.026881720430107527,2.902857142857143,tinystories
83,473,4.27710843373494,6,13.833333333333334,74.24015503875972,6.465116279069768,8.989147286821705,9.725611199111238,14,0.1686746987951807,7.605,fineweb-edu
173,1232,6.011560693641618,6,28.833333333333332,7.223289473684218,19.332017543859653,22.394152046783628,20.10790988173199,59,0.34104046242774566,18.775,arxiv
102,716,5.813725490196078,4,25.5,19.02800000000002,16.816,19.6,17.122413403193683,39,0.38235294117647056,17.62,fineweb-edu
109,641,4.541284403669724,6,18.166666666666668,60.776418918918935,9.378153153153153,12.805405405405407,12.457975602129121,22,0.2018348623853211,9.0,fineweb-edu
275,1835,5.156363636363636,19,14.473684210526315,47.9727386262266,10.425263157894737,13.803746654772524,13.023866798666859,76,0.27636363636363637,11.31,fineweb-edu
199,1320,5.552763819095477,9,22.11111111111111,20.989100801832762,15.686769759450176,18.106758304696452,16.32212239822248,74,0.37185929648241206,15.715,arxiv
107,644,4.728971962616822,5,21.4,48.33082242990656,11.8345046728972,13.045981308411214,13.023866798666859,30,0.2803738317757009,11.96,fineweb-edu
219,1399,5.30593607305936,8,27.375,29.892216981132094,15.673301886792455,17.581132075471697,15.579741850924794,63,0.2876712328767123,15.21,arxiv
129,841,5.046511627906977,7,18.428571428571427,44.72141791044777,11.777206823027722,14.5228144989339,13.925175675911131,39,0.3023255813953488,12.855,fineweb-edu
91,627,5.846153846153846,4,22.75,6.4961938202247325,17.880758426966292,22.383146067415733,19.032712561301913,41,0.45054945054945056,18.2875,arxiv
157,810,3.9808917197452227,12,13.083333333333334,79.10522849462369,5.4345967741935475,5.682795698924732,5.985473137389441,8,0.050955414012738856,5.2925,fineweb-edu
105,652,5.123809523809523,4,26.25,26.700769230769254,15.994230769230771,19.246153846153845,16.827784334635936,37,0.3523809523809524,16.25,arxiv
235,1467,5.017021276595744,12,19.583333333333332,44.397916666666674,11.931755319148937,14.47163120567376,13.81666964889586,77,0.3276595744680851,12.3,fineweb-edu
187,918,3.5989304812834226,26,7.1923076923076925,92.59058355437666,2.007356321839083,3.136693191865606,5.634304966280588,10,0.053475935828877004,2.5,fineweb-edu
115,652,4.573913043478261,7,16.428571428571427,63.92433628318585,8.353501896333757,9.289001264222504,11.20814326018867,20,0.17391304347826086,8.933333333333334,fineweb-edu
271,1801,5.531365313653136,12,22.583333333333332,28.897500000000008,14.818333333333332,18.77777777777778,17.02489783603662,83,0.3062730627306273,15.905,fineweb-edu
202,1064,3.8366336633663365,26,7.769230769230769,101.3405080367394,1.0449004975124403,3.0923076923076924,5.069623422648166,5,0.024752475247524754,2.91,tinystories
77,447,4.6103896103896105,5,15.4,63.69500000000001,8.350000000000005,9.9,9.888512548439397,17,0.22077922077922077,8.435,wikipedia-en
141,738,4.0,14,10.071428571428571,84.76901079136694,3.9022867420349456,3.9714285714285715,5.288315135182226,10,0.07092198581560284,3.98,tinystories
72,457,4.805555555555555,4,18.0,38.81261986301371,12.379554794520548,16.067123287671233,14.90622815163357,22,0.3055555555555556,11.1625,wikipedia-en
79,510,5.3164556962025316,4,19.75,27.910000000000025,14.335,18.5,16.218646115125612,22,0.27848101265822783,14.25,arxiv
240,1556,5.258333333333334,12,20.0,39.365769363762126,12.757852697095437,15.668188105117565,14.790194502661404,77,0.32083333333333336,13.6,fineweb-edu
121,796,5.297520661157025,6,20.166666666666668,39.52506097560976,12.839146341463415,15.67967479674797,14.554592549557764,38,0.3140495867768595,14.15,arxiv
103,565,4.310679611650485,6,17.166666666666668,76.06326051779938,6.914708737864078,8.420064724919095,8.344100000000001,17,0.1650485436893204,7.655,wikipedia-en
174,1172,5.649425287356322,6,29.0,14.450034930139736,18.158413173652693,21.91177644710579,19.117987234576393,49,0.28160919540229884,18.79,arxiv
150,1025,5.7,5,30.0,2.845718120805401,20.26555704697987,23.732080536912754,20.64404841556777,51,0.34,20.375,arxiv
163,812,3.773006134969325,16,10.1875,93.7290625,2.5615972222222254,4.609313725490196,6.6274283507984215,6,0.03680981595092025,4.43,tinystories
314,1683,4.098726114649682,49,6.408163265306122,93.21472209462563,1.83450226392808,3.181862326924339,6.493993757609592,12,0.03821656050955414,2.705,tinystories
176,1215,5.784090909090909,7,25.142857142857142,8.354131736526966,18.020872540633018,21.51890504704876,18.548980349730343,57,0.32386363636363635,18.29,fineweb-edu
68,426,5.1911764705882355,3,22.666666666666668,29.200416666666683,14.486250000000002,17.90833333333333,15.903189008614273,26,0.38235294117647056,15.416666666666668,arxiv
113,581,3.84070796460177,14,8.071428571428571,99.70641891891894,1.3219626769626807,3.1714285714285717,4.65589566412798,3,0.02654867256637168,2.938076923076923,tinystories
109,563,4.027522935779817,10,10.9,77.58966666666669,5.12014814814815,7.282962962962964,8.841846274778883,7,0.06422018348623854,5.07,tinystories
107,578,4.233644859813084,8,13.375,70.80730769230772,6.61269230769231,8.661538461538461,9.516144504307135,20,0.18691588785046728,6.859999999999999,fineweb-edu
96,611,4.864583333333333,6,16.0,50.703622112211235,10.369059405940593,14.258085808580859,13.295006501635747,19,0.19791666666666666,11.066666666666666,arxiv
257,1527,4.443579766536965,6,42.833333333333336,16.6102131782946,19.84453488372093,23.449612403100776,19.6203779977781,50,0.19455252918287938,19.045,arxiv
134,724,4.1716417910447765,12,11.166666666666666,86.27844527363185,3.999328358208956,4.466666666666667,5.46131890053228,8,0.05970149253731343,4.633333333333333,tinystories
279,1851,5.340501792114695,11,25.363636363636363,28.710347593582895,15.397754010695188,18.42032085561497,16.35954948731386,87,0.3118279569892473,15.56,arxiv
252,1760,5.865079365079365,9,28.0,5.985833333333346,19.049166666666668,22.16666666666667,18.946978176291534,94,0.373015873015873,18.67,arxiv
134,671,3.783582089552239,13,10.307692307692308,89.86540250447229,3.190077519379848,4.279308288610614,6.297961479604793,10,0.07462686567164178,4.065,tinystories
86,569,5.104651162790698,5,17.2,49.44500000000002,10.834444444444443,15.200000000000001,13.968273953766033,29,0.3372093023255814,12.38,wikipedia-en
139,862,4.906474820143885,9,15.444444444444445,53.53333333333333,9.684539007092198,11.940425531914894,12.261556223090622,29,0.20863309352517986,10.864999999999998,fineweb-edu
156,820,4.108974358974359,10,15.6,89.58250000000002,4.614999999999998,7.23225806451613,6.742157984588678,10,0.0641025641025641,6.42,tinystories
124,619,3.8870967741935485,10,12.4,86.96839344262295,4.159803278688525,5.207868852459017,6.2581,7,0.056451612903225805,4.703333333333333,tinystories
272,1822,5.5661764705882355,10,27.2,18.399386792452844,17.27632075471698,19.35471698113208,17.00531248756302,93,0.34191176470588236,16.67,arxiv
161,889,4.254658385093168,10,16.1,71.27402229299366,7.218350318471337,11.120764331210191,11.407655852321103,28,0.17391304347826086,8.24,fineweb-edu
80,502,5.1125,4,20.0,41.657500000000056,12.4175,15.5,14.554592549557764,28,0.35,13.325,wikipedia-en
56,321,4.214285714285714,4,14.0,62.81290254237291,8.162500000000001,14.035593220338985,13.023866798666859,10,0.17857142857142858,7.4625,wikipedia-en
40,287,5.725,2,20.0,12.291428571428611,16.761904761904763,17.923809523809524,17.693802365651003,20,0.5,14.955,wikipedia-en
127,889,5.94488188976378,4,31.75,1.8234016393442687,20.582049180327875,24.331147540983608,20.736966565827903,48,0.3779527559055118,19.95,arxiv
123,817,5.536585365853658,6,20.5,25.090000000000032,14.728333333333335,18.0,15.903189008614273,36,0.2926829268292683,15.665,arxiv
245,1342,4.387755102040816,16,15.3125,64.93271177685952,7.959989669421489,10.512809917355373,10.9516,29,0.11836734693877551,7.645,fineweb-edu
98,610,4.959183673469388,5,19.6,60.88782352941179,9.834627450980392,13.258039215686274,12.340626583579944,23,0.23469387755102042,11.015,wikipedia-en
94,675,5.808510638297872,4,23.5,14.29000000000002,16.98,20.504347826086956,17.693802365651003,42,0.44680851063829785,18.2,arxiv
179,1162,5.139664804469274,8,22.375,45.87495967741938,12.636639784946237,15.321505376344087,14.005844860021309,36,0.2011173184357542,12.845,fineweb-edu
58,332,4.689655172413793,3,19.333333333333332,62.87631578947371,9.209473684210526,11.810526315789474,11.20814326018867,13,0.22413793103448276,11.005,wikipedia-en
178,1031,4.5,11,16.181818181818183,66.61590909090913,8.032929292929293,8.545454545454545,9.339509955726097,26,0.14606741573033707,8.77,fineweb-edu
54,311,4.666666666666667,3,18.0,66.36500000000001,8.474444444444444,10.903703703703705,10.504223727775692,8,0.14814814814814814,10.13,fineweb-edu
71,439,4.873239436619718,4,17.75,56.196181506849314,9.954897260273974,11.683561643835617,11.698219412168324,16,0.22535211267605634,11.3875,wikipedia-en
180,1249,5.872222222222222,8,22.5,15.305000000000007,16.59,18.8,16.52667757954773,79,0.4388888888888889,16.675,arxiv
55,333,4.7272727272727275,3,18.333333333333332,69.06339080459772,8.429310344827588,11.1816091954023,10.504223727775692,15,0.2727272727272727,10.55,wikipedia-en
127,683,4.251968503937008,9,14.11111111111111,81.16785714285716,5.416031746031749,6.234920634920635,8.167268648758528,7,0.05511811023622047,6.265000000000001,tinystories
206,1459,5.961165048543689,7,29.428571428571427,5.8321287128713095,19.614780763790666,23.820084865629422,20.267338824336647,74,0.3592233009708738,19.49,arxiv
75,469,4.6,6,12.5,80.14248062015508,5.641860465116281,7.593798449612404,8.344100000000001,14,0.18666666666666668,6.951666666666666,wikipedia-en
105,621,4.857142857142857,6,17.5,49.48233333333337,10.498000000000001,13.466666666666669,12.745084868956482,31,0.29523809523809524,11.69,arxiv
292,1536,3.921232876712329,55,5.3090909090909095,102.29697492163012,0.3008463949843261,2.247021943573668,3.8994065505486644,4,0.0136986301369863,1.715588235294118,tinystories
104,698,5.538461538461538,4,26.0,14.419276315789517,17.148289473684212,21.710526315789476,18.7741,32,0.3076923076923077,18.8125,arxiv
17,104,5.117647058823529,1,17.0,35.309411764705914,12.55764705882353,16.211764705882356,14.554592549557764,7,0.4117647058823529,11.81,wikipedia-en
140,706,3.9714285714285715,9,15.555555555555555,84.69182539682541,5.310952380952383,6.222222222222222,6.937597516519254,7,0.05,5.845000000000001,tinystories
150,786,4.06,13,11.538461538461538,86.83546153846156,4.013999999999999,5.148717948717949,6.67199483983844,12,0.08,4.74,tinystories
68,426,5.029411764705882,4,17.0,47.10016304347829,10.975181159420288,12.697101449275364,12.602617957971052,18,0.2647058823529412,11.3025,wikipedia-en
112,557,3.8839285714285716,7,16.0,86.3237837837838,5.158249678249682,6.342857142857143,6.18269132825596,5,0.044642857142857144,5.4,tinystories
60,390,5.366666666666666,3,20.0,37.747909604519776,12.880000000000003,16.680225988700567,15.021129683784007,21,0.35,14.58,arxiv
127,638,3.8188976377952755,15,8.466666666666667,88.60078494623657,2.954967741935487,3.951827956989248,6.42735559955562,7,0.05511811023622047,3.2034615384615384,tinystories
62,398,5.258064516129032,3,20.666666666666668,46.12125683060111,11.877704918032787,16.002185792349728,15.470042427545799,18,0.2903225806451613,14.343333333333334,wikipedia-en
127,640,3.7401574803149606,15,8.466666666666667,93.96565853658537,2.190113821138212,3.28,5.2151,6,0.047244094488188976,3.16,tinystories
115,670,4.678260869565217,5,23.0,46.83772727272728,12.191818181818181,12.8,13.662883650711645,21,0.1826086956521739,11.675,wikipedia-en
138,855,5.028985507246377,7,19.714285714285715,42.75978260869567,12.192774327122155,14.262525879917185,14.554592549557764,35,0.2536231884057971,12.505,fineweb-edu
85,519,5.0,4,21.25,41.03640060240966,12.690451807228918,14.083132530120483,13.023866798666859,25,0.29411764705882354,12.83,arxiv
163,816,3.8834355828220857,12,13.583333333333334,86.02205227743272,4.5940527950310575,5.8635610766045545,6.816661863887846,11,0.06748466257668712,5.3125,tinystories
187,1002,4.128342245989304,14,13.357142857142858,83.60695652173914,4.862888198757766,6.561490683229813,7.168621630094336,15,0.08021390374331551,6.095000000000001,tinystories
105,763,6.180952380952381,5,21.0,6.651428571428596,17.54857142857143,21.733333333333334,19.083932058031824,44,0.41904761904761906,18.58,arxiv
144,747,3.9444444444444446,19,7.578947368421052,96.25592933382407,1.703305115936697,3.849687154950313,6.05967700443912,11,0.0763888888888889,3.0,tinystories
298,1834,4.9865771812080535,14,21.285714285714285,51.32970136518773,11.299105314480745,13.149585568015603,12.161744961471694,82,0.2751677852348993,12.31,fineweb-edu
166,1058,5.234939759036145,8,20.75,41.824261363636396,12.549507575757577,16.25,14.731742533061166,48,0.2891566265060241,13.335,wikipedia-en
167,846,3.7664670658682633,15,11.133333333333333,89.92557873210636,3.416098159509204,4.837464212678937,5.2151,12,0.0718562874251497,4.26,tinystories
126,624,3.7777777777777777,12,10.5,87.86763440860216,3.5706451612903223,4.455913978494624,4.7782277997778095,8,0.06349206349206349,3.95,tinystories
223,1435,5.228699551569507,11,20.272727272727273,28.201805896805922,14.33946764946765,18.162817362817364,16.24694786949722,66,0.29596412556053814,13.945,wikipedia-en
275,1579,4.52,15,18.333333333333332,62.26028640192541,9.162902527075811,11.285583634175692,11.855464076750408,48,0.17454545454545456,9.225,fineweb-edu
69,390,4.492753623188406,4,17.25,64.58964285714288,8.597857142857144,11.0,11.20814326018867,14,0.2028985507246377,8.95,wikipedia-en
234,1380,4.764957264957265,13,18.0,59.5187112887113,9.372034632034634,12.475657675657677,12.230961643895458,62,0.26495726495726496,10.67,wikipedia-en
249,1653,5.477911646586345,11,22.636363636363637,28.779618181818194,14.891236363636366,17.410909090909094,15.903189008614273,77,0.3092369477911647,15.08,fineweb-edu
60,405,5.716666666666667,3,20.0,23.40892655367233,14.880000000000003,18.714124293785314,16.728156217252725,23,0.38333333333333336,15.8,arxiv
249,1441,4.6305220883534135,14,17.785714285714285,60.82871457489878,9.157920763447084,11.591555812608446,11.491704259439757,49,0.19678714859437751,10.19,fineweb-edu
275,1893,5.785454545454545,8,34.375,-3.7241393442622552,21.35581967213115,25.806557377049185,21.640513641318698,75,0.2727272727272727,21.215,arxiv
116,588,3.7758620689655173,14,8.285714285714286,88.88532608695652,2.902267080745343,3.9813664596273295,6.18269132825596,8,0.06896551724137931,3.158333333333333,tinystories
139,715,3.985611510791367,12,11.583333333333334,93.43619004796165,3.10447841726619,4.9211031175059965,5.985473137389441,9,0.06474820143884892,4.728888888888889,tinystories
141,789,3.8226950354609928,17,8.294117647058824,93.89088835534214,2.311604641856743,4.0030412164865945,5.900188976854958,10,0.07092198581560284,3.5016666666666665,tinystories
136,727,4.044117647058823,20,6.8,97.91535294117651,1.2914117647058845,3.0141176470588236,4.406508900861427,7,0.051470588235294115,2.605,tinystories
178,1005,4.308988764044944,13,13.692307692307692,85.42559553349878,4.898602150537638,7.443507030603806,7.610546881738771,25,0.1404494382022472,6.895,fineweb-edu
42,199,3.380952380952381,5,8.4,100.82700000000001,0.9846666666666692,2.8800000000000003,5.683917801722854,3,0.07142857142857142,2.905,wikipedia-en
37,207,4.513513513513513,2,18.5,41.39659090909092,11.584393939393944,15.084848484848486,13.81666964889586,11,0.2972972972972973,11.35,wikipedia-en
88,637,6.170454545454546,4,22.0,-0.9107558139534433,18.72755813953488,22.553488372093025,19.032712561301913,33,0.375,18.8,arxiv
159,930,4.572327044025157,12,13.25,63.81233384458079,7.733266871165647,10.832106339468304,11.20814326018867,32,0.20125786163522014,8.212857142857143,fineweb-edu
188,968,3.9627659574468086,15,12.533333333333333,83.96347540983608,4.578928961748634,6.191475409836066,8.021203637495837,15,0.0797872340425532,5.0600000000000005,tinystories
331,1915,4.586102719033232,21,15.761904761904763,69.23953815261046,7.529328743545616,10.299713138267357,10.398101306919678,64,0.1933534743202417,8.935,fineweb-edu
341,1939,4.507331378299121,26,13.115384615384615,69.30489878542512,6.86046783625731,9.238146648672965,9.943994293440598,52,0.15249266862170088,7.941428571428571,fineweb-edu
220,1676,6.086363636363636,8,27.5,-2.039290919282479,20.468693946188342,22.988565022421525,19.906493383657665,61,0.2772727272727273,20.0,arxiv
132,689,3.962121212121212,11,12.0,80.82019027484145,4.899915433403805,5.931219168428471,6.574015621080383,12,0.09090909090909091,4.828333333333333,tinystories
85,575,5.588235294117647,4,21.25,23.680000000000035,14.925000000000004,19.0,16.827784334635936,31,0.36470588235294116,16.75,fineweb-edu
184,1231,5.576086956521739,6,30.666666666666668,12.668484848484866,18.779545454545453,22.187878787878788,19.117987234576393,61,0.33152173913043476,18.825,arxiv
65,372,4.323076923076923,4,16.25,67.03295454545456,8.008636363636366,9.630303030303033,9.516144504307135,16,0.24615384615384617,8.6,wikipedia-en
158,818,3.9936708860759493,11,14.363636363636363,80.95986277873074,5.557964551172098,6.284962835906232,6.574015621080383,14,0.08860759493670886,5.3875,tinystories
186,1251,5.650537634408602,6,31.0,6.846666666666692,19.84,24.001465201465205,20.425298281703412,70,0.3763440860215054,19.55,arxiv
134,722,4.119402985074627,9,14.88888888888889,79.14833333333337,5.863333333333333,6.16969696969697,7.3871296695380915,8,0.05970149253731343,6.470714285714285,tinystories
22,135,4.909090909090909,1,22.0,46.06863636363636,12.29909090909091,14.254545454545458,13.023866798666859,7,0.3181818181818182,12.34,wikipedia-en
187,1138,4.909090909090909,9,20.77777777777778,52.4327777777778,11.13539007092199,12.398108747044919,11.855464076750408,43,0.22994652406417113,10.95,fineweb-edu
98,712,5.959183673469388,4,24.5,3.2715816326530955,18.88948979591837,21.228571428571428,18.511140095513987,42,0.42857142857142855,18.76,arxiv
362,1894,3.9171270718232045,62,5.838709677419355,95.46801693324994,1.3899477258511332,2.993852202662854,6.453848037991605,9,0.024861878453038673,2.035555555555556,tinystories
96,601,4.572916666666667,9,10.666666666666666,58.02190476190478,8.064761904761905,9.238095238095239,10.74609503303851,23,0.23958333333333334,6.7,fineweb-edu
90,586,5.377777777777778,4,22.5,35.47750000000002,13.90055555555556,16.555555555555554,16.218646115125612,28,0.3111111111111111,14.69,wikipedia-en
142,796,4.5,9,15.777777777777779,59.31182539682541,8.850952380952382,9.650793650793652,10.980518767755715,30,0.2112676056338028,8.7,fineweb-edu
28,211,5.214285714285714,2,14.0,42.77411764705883,11.516470588235293,13.858823529411765,13.023866798666859,9,0.32142857142857145,11.305,wikipedia-en
136,901,5.492647058823529,5,27.2,18.64046268656719,17.317223880597016,20.57074626865672,17.80541091248751,49,0.3602941176470588,17.775,arxiv
63,396,5.174603174603175,4,15.75,30.870000000000033,12.680000000000003,15.333333333333332,13.81666964889586,24,0.38095238095238093,12.55,arxiv
63,398,5.174603174603175,3,21.0,39.186830601092936,12.844918032786886,16.002185792349728,14.554592549557764,25,0.3968253968253968,13.428333333333333,wikipedia-en
119,668,4.4033613445378155,8,14.875,72.46500000000002,6.878333333333337,8.666666666666668,9.188382445141503,22,0.18487394957983194,7.595,fineweb-edu
241,1567,5.327800829875518,12,20.083333333333332,29.343103741496606,14.238622448979594,16.166666666666668,15.359359093739592,62,0.2572614107883817,13.6,fineweb-edu
198,1099,4.257575757575758,16,12.375,74.68388252617804,5.808033376963351,7.706937172774869,8.841846274778883,31,0.15656565656565657,6.72,fineweb-edu
259,1731,5.38996138996139,9,28.77777777777778,20.24111111111111,17.28166666666667,20.699641577060934,17.879347455551382,76,0.29343629343629346,16.845,arxiv
109,680,4.908256880733945,7,15.571428571428571,54.312972972973,9.623114543114543,12.82934362934363,12.785403640627713,25,0.22935779816513763,10.965,fineweb-edu
119,735,4.957983193277311,6,19.833333333333332,50.91761204481796,11.084495798319328,14.319887955182072,13.295006501635747,32,0.2689075630252101,12.565,arxiv
188,966,3.824468085106383,32,5.875,105.30614354395607,-0.015831043956042734,2.275,3.1291,8,0.0425531914893617,1.778888888888889,tinystories
53,290,4.283018867924528,3,17.666666666666668,72.10320512820515,7.5084615384615425,9.241025641025642,9.725611199111238,8,0.1509433962264151,8.68,wikipedia-en
34,225,4.735294117647059,3,11.333333333333334,58.84138211382114,8.447317073170733,10.34471544715447,11.20814326018867,12,0.35294117647058826,6.55,wikipedia-en
166,1234,6.228915662650603,6,27.666666666666668,-9.44016877637128,21.117974683544308,24.963713080168777,20.736966565827903,73,0.4397590361445783,21.195,arxiv
81,457,4.444444444444445,3,27.0,46.247309236947814,13.681927710843372,17.33172690763052,15.021129683784007,12,0.14814814814814814,13.835,wikipedia-en
195,1015,4.082051282051282,15,13.0,84.25096563573885,4.721010309278352,5.998075601374571,6.742157984588678,15,0.07692307692307693,5.555,tinystories
57,371,5.175438596491228,3,19.0,47.785197740113006,11.480000000000004,13.290395480225989,13.5591,16,0.2807017543859649,12.4,wikipedia-en
284,1478,3.8556338028169015,39,7.282051282051282,95.35239985400128,1.7495373665480436,3.024400036499681,4.713530739802397,14,0.04929577464788732,2.801538461538461,tinystories
60,364,4.933333333333334,3,20.0,49.219096045197745,11.280000000000005,14.646327683615821,13.5591,20,0.3333333333333333,11.925,wikipedia-en
249,1251,3.7309236947791167,29,8.586206896551724,99.15714285714287,1.5276847290640418,3.3793103448275867,3.1291,9,0.03614457831325301,2.865,tinystories
128,653,3.9296875,11,11.636363636363637,86.4372077922078,4.0487012987013,4.8992784992785,6.112484441749459,8,0.0625,4.35,tinystories
128,657,3.9921875,8,16.0,81.54031250000001,5.860937500000002,7.3375,7.168621630094336,11,0.0859375,6.214285714285714,tinystories
158,986,5.1265822784810124,7,22.571428571428573,41.04576923076925,13.070659340659343,15.837362637362638,14.756829357015494,34,0.21518987341772153,13.795,fineweb-edu
31,169,4.258064516129032,2,15.5,68.2960483870968,7.584032258064514,8.780645161290323,10.125756701596842,6,0.1935483870967742,7.44,wikipedia-en
128,775,4.6875,8,16.0,66.88020833333336,8.123101851851853,9.712962962962964,10.411451182825502,23,0.1796875,8.933333333333334,wikipedia-en
107,673,5.233644859813084,6,17.833333333333332,42.848616352201276,11.671698113207547,13.481761006289311,13.295006501635747,32,0.29906542056074764,12.72,fineweb-edu
169,1113,5.27810650887574,9,18.77777777777778,37.19612074502251,12.846551059730249,17.399871547848427,15.470042427545799,48,0.28402366863905326,13.745,fineweb-edu
240,1369,4.358333333333333,17,14.117647058823529,72.29165085388996,6.800218216318786,9.061100569259962,9.478462496947788,38,0.15833333333333333,7.54,fineweb-edu
105,680,5.123809523809523,5,21.0,39.29992307692311,12.945076923076922,14.85846153846154,13.968273953766033,35,0.3333333333333333,13.815,wikipedia-en
50,312,5.06,3,16.666666666666668,46.09833333333336,10.970000000000002,13.866666666666669,13.5591,15,0.3,11.735,wikipedia-en
66,469,6.075757575757576,3,22.0,7.834102564102579,17.54923076923077,22.205128205128204,18.599290044081553,22,0.3333333333333333,18.205,arxiv
264,1521,4.606060606060606,15,17.6,65.92089743589746,8.37076923076923,10.164102564102564,10.504223727775692,39,0.14772727272727273,9.815,fineweb-edu
159,816,4.037735849056604,12,13.25,86.43908018867927,4.4944811320754745,5.803144654088051,5.46131890053228,13,0.08176100628930817,4.733333333333333,tinystories
119,817,5.7899159663865545,6,19.833333333333332,23.90248599439778,14.852563025210085,18.353501400560226,16.11434528070225,51,0.42857142857142855,16.1,arxiv
254,1353,4.188976377952756,15,16.933333333333334,76.98300000000003,6.695333333333334,8.942222222222222,9.029198982220553,24,0.09448818897637795,7.65,fineweb-edu
220,1304,4.5,17,12.941176470588236,64.94412545549193,7.503555439875068,10.627381572097867,10.96692322722173,40,0.18181818181818182,7.76,fineweb-edu
70,440,4.428571428571429,5,14.0,66.7333157894737,7.727473684210526,10.290526315789474,10.355215969177355,16,0.22857142857142856,8.745000000000001,arxiv
20,124,5.2,1,20.0,17.335000000000036,15.810000000000002,18.0,15.903189008614273,10,0.5,13.4,arxiv
92,619,5.619565217391305,4,23.0,16.26636363636365,16.455909090909092,19.70909090909091,17.122413403193683,29,0.31521739130434784,16.775,arxiv
142,728,3.9788732394366195,12,11.833333333333334,84.20163043478263,4.371811594202899,5.469565217391305,7.492282038375204,7,0.04929577464788732,5.018888888888888,tinystories
174,1235,6.0344827586206895,7,24.857142857142858,-2.233795180722865,19.46218588640276,22.979690189328746,19.7143461543385,73,0.41954022988505746,19.43,arxiv
141,909,5.120567375886525,9,15.666666666666666,44.077074829932,11.169115646258504,13.063945578231293,12.650343791298138,51,0.3617021276595745,11.445,wikipedia-en
176,1103,5.130681818181818,6,29.333333333333332,29.492348484848492,16.432954545454546,19.006060606060608,17.122413403193683,40,0.22727272727272727,15.855,wikipedia-en
60,379,4.783333333333333,4,15.0,59.729375000000005,8.903125,11.4,12.161744961471694,15,0.25,10.17,wikipedia-en
19,109,4.578947368421052,1,19.0,53.97105263157897,10.451578947368422,13.915789473684212,13.023866798666859,4,0.21052631578947367,9.605,wikipedia-en
87,524,4.919540229885057,5,17.4,46.25764705882355,11.030588235294118,12.917647058823531,12.340626583579944,25,0.28735632183908044,11.58,arxiv
386,1964,3.7927461139896375,61,6.327868852459017,99.32860655737707,0.936274851761425,3.316637600279037,5.555019362653747,11,0.02849740932642487,2.255,tinystories
58,353,4.913793103448276,3,19.333333333333332,39.89097701149427,12.498275862068965,13.940229885057471,13.023866798666859,17,0.29310344827586204,12.425,wikipedia-en
163,1178,6.0,6,27.166666666666668,4.619042443064245,19.28121118012422,21.665010351966874,18.599290044081553,64,0.39263803680981596,18.5,fineweb-edu
116,872,6.4655172413793105,4,29.0,-18.73124999999999,22.765833333333337,27.31621621621622,22.29023351292141,40,0.3448275862068966,21.225,arxiv
147,883,4.931972789115647,7,21.0,43.59000000000003,12.183444782168188,14.581965552178318,13.707050652182112,43,0.2925170068027211,13.5,arxiv
40,224,4.2,3,13.333333333333334,76.50153846153849,5.818461538461541,8.276923076923078,8.841846274778883,12,0.3,6.315,wikipedia-en
64,332,4.140625,4,16.0,69.31034836065577,7.380450819672131,8.067213114754098,9.516144504307135,11,0.171875,7.25,wikipedia-en
149,781,4.080536912751678,13,11.461538461538462,87.737284144427,3.8308843537414994,4.795185766614338,7.010146845296333,9,0.06040268456375839,4.839444444444444,tinystories
182,1082,4.681318681318682,11,16.545454545454547,68.6851759530792,7.879814271749758,9.774389051808408,10.018931242160765,36,0.1978021978021978,9.465,fineweb-edu
156,838,4.230769230769231,12,13.0,84.01748655913981,4.749435483870972,6.198924731182796,6.42735559955562,18,0.11538461538461539,5.945,tinystories
18,118,5.277777777777778,1,18.0,27.255263157894774,14.177894736842106,13.915789473684212,13.023866798666859,3,0.16666666666666666,12.65,wikipedia-en
227,1422,5.167400881057269,7,32.42857142857143,24.05443396226417,17.42803234501348,21.54824797843666,18.99602597827317,66,0.2907488986784141,18.45,arxiv
138,927,5.615942028985507,5,27.6,7.1910078740157815,18.566393700787405,22.128503937007874,19.287186520377343,46,0.3333333333333333,18.225,arxiv
164,840,3.908536585365854,14,11.714285714285714,87.44200310559009,3.919844720496897,5.096894409937889,6.868970318607317,11,0.06707317073170732,4.754444444444445,tinystories
180,1265,5.938888888888889,6,30.0,10.082330508474598,19.18166666666667,22.647457627118644,19.6203779977781,65,0.3611111111111111,18.375,arxiv
162,1113,5.753086419753086,6,27.0,15.653825051759867,17.742080745341614,20.671221532091096,17.879347455551382,48,0.2962962962962963,17.5,wikipedia-en
136,722,4.169117647058823,12,11.333333333333334,78.22958333333337,5.142685185185183,6.87037037037037,8.841846274778883,6,0.04411764705882353,5.371666666666666,tinystories
85,557,5.411764705882353,4,21.25,16.03680555555556,16.053179012345684,19.951851851851856,17.693802365651003,32,0.3764705882352941,16.197499999999998,arxiv
121,603,3.71900826446281,15,8.066666666666666,99.79945977011496,1.2604827586206895,3.0933333333333337,4.604124745555138,4,0.03305785123966942,2.751428571428572,tinystories
153,798,3.816993464052288,19,8.052631578947368,92.11467059256533,2.2809274935590764,3.2902465955097533,5.399115186594226,9,0.058823529411764705,3.59,tinystories
70,497,6.0,3,23.333333333333332,13.063913043478266,17.151014492753628,21.9536231884058,18.946978176291534,26,0.37142857142857144,18.41,arxiv
264,1732,5.492424242424242,8,33.0,16.37799418604655,18.986724806201554,22.357364341085272,19.16045447334379,79,0.29924242424242425,18.3,arxiv
137,1005,6.124087591240876,5,27.4,-3.7614014598539995,20.590890510948906,23.22277372262774,20.075844112070616,53,0.38686131386861317,18.77,fineweb-edu
241,1241,3.933609958506224,28,8.607142857142858,98.02500000000002,1.7161904761904765,3.7619047619047623,5.288315135182226,12,0.04979253112033195,3.585,tinystories
192,1330,5.697916666666667,9,21.333333333333332,15.64074272133098,16.239536541889482,21.57314319667261,18.243605946275583,80,0.4166666666666667,17.35,fineweb-edu
119,626,3.8403361344537816,17,7.0,92.83402714932127,2.02061337355455,2.7529411764705887,5.528933450103422,4,0.03361344537815126,2.453333333333333,tinystories
122,885,6.155737704918033,5,24.4,15.642770491803304,17.13911475409836,21.23540983606557,18.243605946275583,49,0.4016393442622951,18.51,arxiv
138,874,5.181159420289855,7,19.714285714285715,40.920652173913055,12.44929606625259,15.13209109730849,14.138980108339055,48,0.34782608695652173,13.16,fineweb-edu
160,1086,5.69375,8,20.0,13.701444805194825,16.130487012987015,20.946753246753246,17.553077303434723,59,0.36875,16.88,arxiv
85,519,4.694117647058824,5,17.0,61.665000000000006,9.130000000000003,11.200000000000001,11.602472056035307,17,0.2,8.9,wikipedia-en
125,845,5.64,6,20.833333333333332,22.329939024390256,15.237520325203256,19.256910569105692,16.92669308720184,44,0.352,15.815,arxiv
279,1952,5.440860215053763,12,23.25,26.448340395480272,15.677499999999998,18.511299435028246,16.52667757954773,73,0.2616487455197133,14.39,fineweb-edu
298,1572,4.070469798657718,22,13.545454545454545,81.19076148078726,5.220870040612308,6.802936582318026,7.348242739294969,34,0.11409395973154363,6.285,fineweb-edu
152,802,3.9210526315789473,16,9.5,91.66154233870971,2.8810282258064532,4.391129032258065,5.985473137389441,10,0.06578947368421052,4.145,tinystories
130,910,5.684615384615385,6,21.666666666666668,22.995909090909095,15.51727272727273,18.8,17.5058628484301,45,0.34615384615384615,15.6,fineweb-edu
112,733,5.3125,5,22.4,32.94433333333333,14.030296296296296,16.41777777777778,15.381575749822971,35,0.3125,14.855,arxiv
64,364,4.59375,4,16.0,67.66062500000001,7.7968750000000036,9.525,9.516144504307135,14,0.21875,8.75,wikipedia-en
298,1845,4.808724832214765,13,22.923076923076923,43.391122661122694,12.863648648648653,15.459043659043658,14.106358169646779,72,0.24161073825503357,12.9,fineweb-edu
101,677,5.643564356435643,5,20.2,13.951000000000022,16.282000000000004,19.200000000000003,16.647925096878797,43,0.42574257425742573,15.79,arxiv
213,1600,6.215962441314554,8,26.625,-8.748749999999973,21.000833333333336,26.88095238095238,21.968174718520544,90,0.4225352112676056,19.98,fineweb-edu
150,779,3.8733333333333335,15,10.0,87.33505747126439,3.4793103448275886,4.970114942528736,6.079149491110277,10,0.06666666666666667,4.4,tinystories
175,898,3.8971428571428572,16,10.9375,85.29842252994013,3.954876497005987,4.654041916167665,6.907726486568896,14,0.08,4.4,tinystories
189,1263,5.582010582010582,6,31.5,9.899737827715398,19.248539325842703,22.203745318352063,19.117987234576393,68,0.35978835978835977,18.45,arxiv
120,723,4.408333333333333,7,17.142857142857142,56.94146341463414,9.682369337979097,12.557026713124275,12.031772070788634,35,0.2916666666666667,9.82,wikipedia-en
88,529,4.806818181818182,5,17.6,61.18705882352944,8.948235294117648,11.505882352941178,11.602472056035307,25,0.2840909090909091,11.175,wikipedia-en
115,572,3.626086956521739,13,8.846153846153847,95.09709244883557,2.078165137614679,3.7208186309103746,5.369823440869386,5,0.043478260869565216,2.8915384615384614,tinystories
125,684,4.288,8,15.625,79.21217741935487,6.061451612903227,8.458064516129033,9.188382445141503,14,0.112,7.54,fineweb-edu
145,1005,5.834482758620689,5,29.0,6.012000000000029,19.426439716312057,22.060141843971635,19.287186520377343,54,0.3724137931034483,18.455,arxiv
64,423,5.484375,3,21.333333333333332,22.591041666666683,15.408125000000002,19.78333333333333,17.5058628484301,25,0.390625,14.633333333333333,wikipedia-en
166,1192,6.108433734939759,6,27.666666666666668,-9.326478494623643,20.977903225806447,26.075268817204304,21.493009986710348,64,0.3855421686746988,20.4,arxiv
192,1334,5.828125,7,27.428571428571427,8.575000000000017,18.73534954407295,23.296048632218845,19.7143461543385,59,0.3072916666666667,18.46,arxiv
228,1326,4.5131578947368425,16,14.25,67.6975657894737,7.356973684210526,8.857894736842105,10.550175099000144,38,0.16666666666666666,8.64,fineweb-edu
62,410,5.532258064516129,3,20.666666666666668,13.37163841807913,16.28,20.748022598870058,17.5058628484301,29,0.46774193548387094,16.46,arxiv
162,822,3.882716049382716,17,9.529411764705882,94.75651443185971,2.3954548776032176,3.7882352941176474,4.514644488427479,4,0.024691358024691357,2.973076923076923,tinystories
137,927,5.569343065693431,5,27.4,15.800384615384644,17.514615384615386,23.01538461538462,19.48791578843652,49,0.35766423357664234,18.225,arxiv
268,1452,4.302238805970149,16,16.75,73.38363711977188,7.1073170152091265,8.856368821292776,9.354420925462398,34,0.12686567164179105,7.994999999999999,fineweb-edu
133,671,3.8045112781954886,15,8.866666666666667,99.12141025641029,1.5869230769230782,3.7743589743589747,5.683917801722854,4,0.03007518796992481,3.188333333333333,tinystories
132,759,4.484848484848484,5,26.4,46.20613953488376,13.223937984496125,14.66108527131783,13.662883650711645,31,0.23484848484848486,12.7,wikipedia-en
320,1894,4.36875,25,12.8,77.57688235294118,5.817529411764706,8.028235294117648,9.065960079200115,36,0.1125,7.234999999999999,fineweb-edu
185,1271,5.735135135135135,7,26.428571428571427,19.055000000000007,16.989682539682537,20.063492063492063,17.451712890111914,63,0.34054054054054056,17.369999999999997,arxiv
167,862,4.047904191616767,10,16.7,78.76460975609758,6.347463414634149,7.29170731707317,7.168621630094336,9,0.05389221556886228,6.685714285714285,tinystories
216,1115,3.9074074074074074,17,12.705882352941176,83.91390756302523,4.623837535014008,5.512605042016808,6.79490614679532,17,0.0787037037037037,5.245,tinystories
191,1254,5.267015706806283,6,31.833333333333332,4.824885229540939,19.500928143712574,23.348902195608783,19.946969662950774,63,0.3298429319371728,19.1,arxiv
138,856,4.978260869565218,9,15.333333333333334,54.562971014492774,9.45811594202899,11.930434782608698,11.645159339076184,37,0.26811594202898553,11.205,fineweb-edu
70,482,5.857142857142857,3,23.333333333333332,5.919509803921585,18.064705882352943,20.243137254901963,17.879347455551382,28,0.4,17.945,wikipedia-en
231,1359,4.636363636363637,14,16.5,63.88664847161576,8.4119931378665,10.73499688084841,10.7630783206399,51,0.22077922077922077,9.84,fineweb-edu
244,1441,4.758196721311475,16,15.25,61.23425304878049,8.537957317073172,11.190650406504066,11.81641974633143,48,0.19672131147540983,9.225,fineweb-edu
176,916,3.897727272727273,20,8.8,89.8966976744186,2.8570232558139566,3.44,4.406508900861427,5,0.028409090909090908,3.27,tinystories
100,678,5.69,5,20.0,22.9205918367347,14.931551020408165,20.084897959183674,17.353723509956247,30,0.3,16.15,arxiv
146,930,4.705479452054795,11,13.272727272727273,71.98675324675325,7.012792207792209,8.013852813852814,10.832165505486643,21,0.14383561643835616,7.75,wikipedia-en
131,674,3.786259541984733,16,8.1875,90.19733513779528,2.650506889763779,3.1750000000000003,3.1291,11,0.08396946564885496,2.938076923076923,tinystories
189,1216,4.925925925925926,9,21.0,34.773180708180746,13.432930402930406,17.75921855921856,15.760457277294734,55,0.291005291005291,13.76,arxiv
77,483,5.0,4,19.25,59.05788461538465,9.866282051282052,12.415384615384617,11.698219412168324,23,0.2987012987012987,11.89,wikipedia-en
98,561,4.63265306122449,5,19.6,63.766842105263166,9.08526315789474,10.968421052631578,11.602472056035307,23,0.23469387755102042,10.675,wikipedia-en
228,1447,5.118421052631579,11,20.727272727272727,31.78933360756892,13.816495269436448,16.905141916906622,15.429909175157395,75,0.32894736842105265,14.67,fineweb-edu
151,842,4.456953642384106,9,16.77777777777778,70.67496996997001,7.4868468468468485,9.010210210210209,8.841846274778883,31,0.2052980132450331,8.760000000000002,wikipedia-en
38,229,4.2368421052631575,3,12.666666666666666,79.82500000000002,5.603333333333335,5.6000000000000005,3.1291,6,0.15789473684210525,6.366666666666667,wikipedia-en
127,649,3.9133858267716537,11,11.545454545454545,85.202977809592,4.243435934144596,5.2481030780243385,9.339509955726097,6,0.047244094488188976,4.555,tinystories
113,572,3.7787610619469025,11,10.272727272727273,88.89286905754797,3.3222518765638043,3.9636363636363634,5.565023196281405,5,0.04424778761061947,3.7981818181818174,tinystories
114,825,6.06140350877193,4,28.5,2.7706578947368428,19.9530701754386,24.38245614035088,20.503739492662863,43,0.37719298245614036,19.36,arxiv
138,998,6.13768115942029,6,23.0,-6.499004975124365,19.714029850746268,24.45572139303483,19.946969662950774,53,0.38405797101449274,19.3,arxiv
205,1312,5.219512195121951,12,17.083333333333332,39.63502668308706,11.933608374384239,15.633661740558294,14.554592549557764,65,0.3170731707317073,13.17,arxiv
156,1112,6.0576923076923075,6,26.0,9.38593073593077,18.32649350649351,22.993939393939396,19.454632303725962,57,0.36538461538461536,18.765,arxiv
183,1278,5.885245901639344,8,22.875,6.417112430167634,17.922842178770953,22.35782122905028,18.903936251131103,65,0.3551912568306011,18.335,arxiv
96,678,5.885416666666667,4,24.0,6.758830645161311,18.092553763440865,21.773118279569896,18.511140095513987,38,0.3958333333333333,18.692500000000003,arxiv
28,158,4.214285714285714,2,14.0,65.72500000000001,7.570000000000004,9.885714285714286,11.20814326018867,7,0.25,7.71,wikipedia-en
91,647,5.978021978021978,4,22.75,9.34787921348314,17.48300561797753,21.034831460674155,18.243605946275583,33,0.3626373626373626,18.535,arxiv
118,781,5.5,4,29.5,22.05689655172415,17.38724137931035,19.875862068965517,17.971250198000288,33,0.2796610169491525,19.22,arxiv
299,1709,4.595317725752508,14,21.357142857142858,59.64250000000001,10.050912698412699,12.117460317460319,11.491704259439757,52,0.17391304347826086,10.72,fineweb-edu
204,1430,5.882352941176471,7,29.142857142857142,11.915909090909082,18.62425685425686,23.031457431457433,19.5731925562951,69,0.3382352941176471,18.36,arxiv
56,361,5.0,3,18.666666666666668,56.38858757062147,10.280000000000005,11.934463276836158,11.20814326018867,19,0.3392857142857143,11.315,wikipedia-en
104,664,5.076923076923077,6,17.333333333333332,53.34629204892968,10.331697247706423,12.03730886850153,11.855464076750408,29,0.27884615384615385,11.535,fineweb-edu
32,188,4.28125,2,16.0,65.16823529411766,8.39294117647059,10.329411764705883,11.20814326018867,10,0.3125,7.79,wikipedia-en
148,1021,5.783783783783784,6,24.666666666666668,15.996431924882643,16.90760563380282,19.889201877934273,17.5058628484301,52,0.35135135135135137,17.685000000000002,arxiv
121,793,5.3884297520661155,6,20.166666666666668,31.722654061624667,13.761806722689077,16.672829131652662,15.021129683784007,39,0.32231404958677684,14.92,arxiv
210,1075,3.9571428571428573,17,12.352941176470589,89.15105042016809,3.8933613445378192,5.322128851540617,5.528933450103422,23,0.10952380952380952,4.903888888888889,tinystories
175,944,4.222857142857142,14,12.5,77.41735549132952,5.531019818331959,7.4862097440132125,8.418075326091056,23,0.13142857142857142,6.140000000000001,tinystories
266,1622,4.954887218045113,11,24.181818181818183,41.35282405807121,13.431123401313517,15.951469063256136,14.424011203321125,72,0.2706766917293233,14.7,arxiv
235,1628,5.6680851063829785,7,33.57142857142857,5.8260810810810995,20.325418275418276,24.57760617760618,20.80303759183278,70,0.2978723404255319,19.765,arxiv
160,819,3.8875,15,10.666666666666666,86.91328691983122,3.7534430379746837,5.985485232067511,7.3011,9,0.05625,4.42,tinystories
68,380,4.455882352941177,4,17.0,70.14470588235295,7.698823529411765,10.917647058823531,10.686352973137792,17,0.25,8.27,wikipedia-en
279,1662,4.867383512544803,9,31.0,38.922929292929325,15.421212121212122,16.87676767676768,15.322241378113624,54,0.1935483870967742,15.395,fineweb-edu
226,1369,4.482300884955753,21,10.761904761904763,66.3254878048781,6.918408826945413,9.075958188153312,9.957137785484202,36,0.1592920353982301,6.615,fineweb-edu
170,860,3.823529411764706,17,10.0,91.42864280652022,2.932693125442949,4.387810063784551,6.227271661974013,10,0.058823529411764705,3.853636363636364,tinystories
73,450,4.931506849315069,5,14.6,50.03594736842106,10.056421052631581,15.027368421052632,13.662883650711645,20,0.273972602739726,9.58,fineweb-edu
97,628,5.185567010309279,4,24.25,20.65296052631581,16.278815789473686,19.18421052631579,16.827784334635936,35,0.36082474226804123,16.7,arxiv
182,1291,5.906593406593407,6,30.333333333333332,1.0339065510597436,20.27812138728324,23.3252408477842,20.581828153500815,66,0.3626373626373626,20.005,arxiv
84,557,5.571428571428571,4,21.0,27.398571428571444,14.654761904761909,18.400000000000002,16.218646115125612,24,0.2857142857142857,15.114999999999998,arxiv
315,1964,4.996825396825397,15,21.0,47.97104166666668,11.868125000000003,15.533333333333331,14.167174469761473,75,0.23809523809523808,11.62,fineweb-edu
123,819,5.186991869918699,6,20.5,39.89500000000004,12.663333333333338,16.0,14.554592549557764,37,0.3008130081300813,13.5,arxiv
178,900,3.9101123595505616,14,12.714285714285714,88.32500000000002,4.062857142857144,5.0285714285714285,5.773587663045528,13,0.07303370786516854,4.703333333333333,tinystories
107,628,4.710280373831775,6,17.833333333333332,60.71474358974362,9.09692307692308,11.933333333333334,12.161744961471694,26,0.24299065420560748,10.865,wikipedia-en
235,1543,5.293617021276596,7,33.57142857142857,15.706578947368428,19.16022556390978,23.02857142857143,19.5731925562951,63,0.2680851063829787,18.65,arxiv
