word,fre,log_frequency,len,pos,difficult_ug,lexical_difficulty
a,784,6.665683717782408,1,DT,0.0,0.0
i,51,3.9512437185814275,1,NN,0.0,0.0
am,2,1.0986122886681096,2,VBP,0.0,0.0
go,9,2.302585092994046,2,VB,0.0,0.0
me,12,2.5649493574615367,2,PRP,0.0,0.0
my,20,3.044522437723423,2,PRP$,0.0,0.0
us,29,3.4011973816621555,2,PRP,0.0,0.0
if,32,3.4965075614664802,2,IN,0.0,0.0
do,33,3.5263605246161616,2,VB,0.0,0.0
no,37,3.6375861597263857,2,DT,0.0,0.0
so,42,3.7612001156935624,2,RB,0.0,0.0
up,42,3.7612001156935624,2,RP,0.0,0.0
at,115,4.7535901911063645,2,IN,0.0,0.0
an,123,4.820281565605037,2,DT,0.0,0.0
we,136,4.919980925828125,2,PRP,0.0,0.0
or,142,4.962844630259907,2,CC,0.0,0.0
be,150,5.017279836814924,2,VB,0.0,0.0
on,165,5.111987788356544,2,IN,0.0,0.0
by,166,5.117993812416755,2,IN,0.0,0.0
he,182,5.209486152841421,2,PRP,0.0,0.0
it,266,5.58724865840025,2,PRP,0.0,0.0
as,308,5.733341276897746,2,IN,0.0,0.0
is,536,6.285998094508865,2,VBZ,0.0,0.0
in,753,6.625392368007956,2,IN,0.0,0.0
to,781,6.661854740545311,2,TO,0.0,0.0
of,1304,7.173958319756794,2,IN,0.0,0.0
bid,1,0.6931471805599453,3,NN,0.0,0.0
bit,1,0.6931471805599453,3,NN,0.0,0.0
buy,1,0.6931471805599453,3,VB,0.0,0.0
cap,1,0.6931471805599453,3,VB,0.0,0.0
fun,1,0.6931471805599453,3,NN,0.0,0.0
hid,1,0.6931471805599453,3,NN,0.0,0.0
icy,1,0.6931471805599453,3,NN,0.0,0.0
jim,1,0.6931471805599453,3,NN,0.0,0.0
joy,1,0.6931471805599453,3,NN,0.0,0.0
key,1,0.6931471805599453,3,JJ,0.0,0.0
lay,1,0.6931471805599453,3,NN,0.0,0.0
mid,1,0.6931471805599453,3,JJ,0.0,0.0
paw,1,0.6931471805599453,3,JJ,0.0,0.0
pin,1,0.6931471805599453,3,NNS,0.0,0.0
pop,1,0.6931471805599453,3,VBP,0.0,0.0
raw,1,0.6931471805599453,3,JJ,0.0,0.0
red,1,0.6931471805599453,3,JJ,0.0,0.0
rid,1,0.6931471805599453,3,JJ,0.0,0.0
row,1,0.6931471805599453,3,NN,0.0,0.0
sad,1,0.6931471805599453,3,JJ,0.0,0.0
sin,1,0.6931471805599453,3,VBD,0.0,0.0
sky,1,0.6931471805599453,3,JJ,0.0,0.0
ups,1,0.6931471805599453,3,JJ,0.0,0.0
won,1,0.6931471805599453,3,VBD,0.0,0.0
ask,2,1.0986122886681096,3,NN,0.0,0.0
bad,2,1.0986122886681096,3,JJ,0.0,0.0
bed,2,1.0986122886681096,3,VBD,0.0,0.0
cut,2,1.0986122886681096,3,VBN,0.0,0.0
dog,2,1.0986122886681096,3,NN,0.0,0.0
era,2,1.0986122886681096,3,NN,0.0,0.0
eye,2,1.0986122886681096,3,NN,0.0,0.0
fit,2,1.0986122886681096,3,NN,0.0,0.0
hut,2,1.0986122886681096,3,JJ,0.0,0.0
law,2,1.0986122886681096,3,NN,0.0,0.0
lie,2,1.0986122886681096,3,VB,0.0,0.0
low,2,1.0986122886681096,3,JJ,0.0,0.0
map,2,1.0986122886681096,3,VBZ,0.0,0.0
pay,2,1.0986122886681096,3,NN,0.0,0.0
pen,2,1.0986122886681096,3,VB,0.0,0.0
ran,2,1.0986122886681096,3,VBD,0.0,0.0
sea,2,1.0986122886681096,3,NN,0.0,0.0
sip,2,1.0986122886681096,3,JJ,0.0,0.0
six,2,1.0986122886681096,3,CD,0.0,0.0
zoo,2,1.0986122886681096,3,VBP,0.0,0.0
boy,3,1.3862943611198906,3,NN,0.0,0.0
eat,3,1.3862943611198906,3,JJ,0.0,0.0
god,3,1.3862943611198906,3,JJ,0.0,0.0
ice,3,1.3862943611198906,3,NN,0.0,0.0
sit,3,1.3862943611198906,3,NN,0.0,0.0
son,3,1.3862943611198906,3,NN,0.0,0.0
ago,4,1.6094379124341003,3,RB,0.0,0.0
aim,4,1.6094379124341003,3,VBD,0.0,0.0
arm,4,1.6094379124341003,3,JJ,0.0,0.0
cow,4,1.6094379124341003,3,VB,0.0,0.0
tom,4,1.6094379124341003,3,NN,0.0,0.0
gun,5,1.791759469228055,3,NN,0.0,0.0
job,5,1.791759469228055,3,NN,0.0,0.0
led,5,1.791759469228055,3,VBD,0.0,0.0
pre,5,1.791759469228055,3,JJ,0.0,0.0
sub,5,1.791759469228055,3,NN,0.0,0.0
try,5,1.791759469228055,3,NN,0.0,0.0
mrs,6,1.9459101490553132,3,JJ,0.0,0.0
non,6,1.9459101490553132,3,NNS,0.0,0.0
etc,7,2.0794415416798357,3,NN,0.0,0.0
get,7,2.0794415416798357,3,VBP,0.0,0.0
met,7,2.0794415416798357,3,VBD,0.0,0.0
act,8,2.1972245773362196,3,VB,0.0,0.0
big,8,2.1972245773362196,3,JJ,0.0,0.0
die,8,2.1972245773362196,3,VB,0.0,0.0
got,8,2.1972245773362196,3,VBD,0.0,0.0
let,8,2.1972245773362196,3,JJR,0.0,0.0
saw,8,2.1972245773362196,3,NNS,0.0,0.0
off,9,2.302585092994046,3,IN,0.0,0.0
run,9,2.302585092994046,3,VB,0.0,0.0
few,10,2.3978952727983707,3,JJ,0.0,0.0
put,10,2.3978952727983707,3,NN,0.0,0.0
too,10,2.3978952727983707,3,RB,0.0,0.0
yet,10,2.3978952727983707,3,RB,0.0,0.0
due,11,2.4849066497880004,3,JJ,0.0,0.0
far,11,2.4849066497880004,3,RB,0.0,0.0
age,12,2.5649493574615367,3,NN,0.0,0.0
why,13,2.639057329615259,3,WRB,0.0,0.0
men,16,2.833213344056216,3,NNS,0.0,0.0
now,16,2.833213344056216,3,RB,0.0,0.0
end,17,2.8903717578961645,3,NN,0.0,0.0
old,17,2.8903717578961645,3,JJ,0.0,0.0
set,18,2.9444389791664403,3,VBN,0.0,0.0
art,20,3.044522437723423,3,NN,0.0,0.0
did,20,3.044522437723423,3,VBD,0.0,0.0
use,20,3.044522437723423,3,NN,0.0,0.0
own,22,3.1354942159291497,3,JJ,0.0,0.0
day,23,3.1780538303479458,3,NN,0.0,0.0
war,23,3.1780538303479458,3,NN,0.0,0.0
say,24,3.2188758248682006,3,VBP,0.0,0.0
see,24,3.2188758248682006,3,VBP,0.0,0.0
way,32,3.4965075614664802,3,NN,0.0,0.0
how,33,3.5263605246161616,3,WRB,0.0,0.0
air,38,3.6635616461296463,3,NN,0.0,0.0
any,38,3.6635616461296463,3,DT,0.0,0.0
two,40,3.713572066704308,3,CD,0.0,0.0
our,41,3.7376696182833684,3,PRP$,0.0,0.0
man,42,3.7612001156935624,3,NN,0.0,0.0
out,45,3.828641396489095,3,IN,0.0,0.0
may,46,3.8501476017100584,3,MD,0.0,0.0
new,59,4.0943445622221,3,JJ,0.0,0.0
you,62,4.143134726391533,3,PRP,0.0,0.0
has,71,4.276666119016055,3,VBZ,0.0,0.0
had,72,4.290459441148391,3,VBD,0.0,0.0
she,73,4.304065093204169,3,PRP,0.0,0.0
who,73,4.304065093204169,3,WP,0.0,0.0
its,79,4.382026634673881,3,PRP$,0.0,0.0
can,80,4.394449154672439,3,MD,0.0,0.0
one,82,4.418840607796598,3,CD,0.0,0.0
all,89,4.499809670330265,3,DT,0.0,0.0
him,89,4.499809670330265,3,PRP,0.0,0.0
but,120,4.795790545596741,3,CC,0.0,0.0
are,130,4.875197323201151,3,VBP,0.0,0.0
her,138,4.9344739331306915,3,PRP$,0.0,0.0
not,149,5.0106352940962555,3,RB,0.0,0.0
his,189,5.247024072160486,3,PRP$,0.0,0.0
was,203,5.318119993844216,3,VBD,0.0,0.0
for,216,5.37989735354046,3,IN,0.0,0.0
and,945,6.852242569051878,3,CC,0.0,0.0
the,2410,7.787796878181171,3,DT,0.0,0.0
july,7,2.0794415416798357,4,RB,0.0,0.0
aged,1,0.6931471805599453,4,VBN,0.0,0.0
able,7,2.0794415416798357,4,JJ,0.0,0.0
alms,1,0.6931471805599453,4,NNS,0.0,0.0
bank,1,0.6931471805599453,4,NN,0.0,0.0
also,71,4.276666119016055,4,RB,0.0,0.0
army,12,2.5649493574615367,4,NN,0.0,0.0
blue,1,0.6931471805599453,4,JJ,0.0,0.0
arts,8,2.1972245773362196,4,NNS,0.0,0.0
bore,1,0.6931471805599453,4,NN,0.0,0.0
calm,1,0.6931471805599453,4,NN,0.0,0.0
asks,7,2.0794415416798357,4,VBZ,0.0,0.0
cart,1,0.6931471805599453,4,JJ,0.0,0.0
cave,1,0.6931471805599453,4,VBP,0.0,0.0
away,16,2.833213344056216,4,RB,0.0,0.0
cell,1,0.6931471805599453,4,NN,0.0,0.0
back,18,2.9444389791664403,4,RB,0.0,0.0
club,1,0.6931471805599453,4,NN,0.0,0.0
cure,1,0.6931471805599453,4,NN,0.0,0.0
damn,1,0.6931471805599453,4,NN,0.0,0.0
been,38,3.6635616461296463,4,VBN,0.0,0.0
dare,1,0.6931471805599453,4,NN,0.0,0.0
dawn,1,0.6931471805599453,4,NN,0.0,0.0
dear,1,0.6931471805599453,4,JJ,0.0,0.0
deer,1,0.6931471805599453,4,NN,0.0,0.0
dire,1,0.6931471805599453,4,NN,0.0,0.0
drug,1,0.6931471805599453,4,NN,0.0,0.0
body,9,2.302585092994046,4,NN,0.0,0.0
ease,1,0.6931471805599453,4,VBP,0.0,0.0
book,12,2.5649493574615367,4,NN,0.0,0.0
edge,1,0.6931471805599453,4,NN,0.0,0.0
born,11,2.4849066497880004,4,VBN,0.0,0.0
evil,1,0.6931471805599453,4,JJ,0.0,0.0
both,26,3.295836866004329,4,DT,0.0,0.0
cage,5,1.791759469228055,4,NN,0.0,0.0
farm,1,0.6931471805599453,4,NN,0.0,0.0
call,5,1.791759469228055,4,JJ,0.0,0.0
feed,1,0.6931471805599453,4,VBP,0.0,0.0
came,13,2.639057329615259,4,VBD,0.0,0.0
fell,1,0.6931471805599453,4,VBD,0.0,0.0
fine,1,0.6931471805599453,4,JJ,0.0,0.0
fish,1,0.6931471805599453,4,VBD,0.0,0.0
case,8,2.1972245773362196,4,NN,0.0,0.0
fool,1,0.6931471805599453,4,JJ,0.0,0.0
gear,1,0.6931471805599453,4,JJ,0.0,0.0
gift,1,0.6931471805599453,4,JJ,0.0,0.0
glad,1,0.6931471805599453,4,JJ,0.0,0.0
goal,1,0.6931471805599453,4,NN,0.0,0.0
grab,1,0.6931471805599453,4,NN,0.0,0.0
come,16,2.833213344056216,4,VBN,0.0,0.0
head,1,0.6931471805599453,4,VBN,0.0,0.0
hell,1,0.6931471805599453,4,NN,0.0,0.0
hide,1,0.6931471805599453,4,RB,0.0,0.0
hind,1,0.6931471805599453,4,NN,0.0,0.0
hour,1,0.6931471805599453,4,NN,0.0,0.0
dark,9,2.302585092994046,4,JJ,0.0,0.0
jail,1,0.6931471805599453,4,JJ,0.0,0.0
jean,1,0.6931471805599453,4,JJ,0.0,0.0
days,11,2.4849066497880004,4,NNS,0.0,0.0
jeep,1,0.6931471805599453,4,NN,0.0,0.0
dead,12,2.5649493574615367,4,JJ,0.0,0.0
joke,1,0.6931471805599453,4,VBD,0.0,0.0
deal,9,2.302585092994046,4,NN,0.0,0.0
kill,1,0.6931471805599453,4,NN,0.0,0.0
lamb,1,0.6931471805599453,4,NN,0.0,0.0
lash,1,0.6931471805599453,4,NN,0.0,0.0
list,1,0.6931471805599453,4,VBP,0.0,0.0
live,1,0.6931471805599453,4,JJ,0.0,0.0
lock,1,0.6931471805599453,4,NN,0.0,0.0
lose,1,0.6931471805599453,4,VB,0.0,0.0
does,31,3.4657359027997265,4,VBZ,0.0,0.0
done,8,2.1972245773362196,4,VBN,0.0,0.0
mark,1,0.6931471805599453,4,NN,0.0,0.0
mass,1,0.6931471805599453,4,NN,0.0,0.0
down,9,2.302585092994046,4,RP,0.0,0.0
none,1,0.6931471805599453,4,NN,0.0,0.0
each,18,2.9444389791664403,4,DT,0.0,0.0
owns,1,0.6931471805599453,4,VBZ,0.0,0.0
pack,1,0.6931471805599453,4,NN,0.0,0.0
peep,1,0.6931471805599453,4,JJ,0.0,0.0
pick,1,0.6931471805599453,4,NN,0.0,0.0
plum,1,0.6931471805599453,4,NN,0.0,0.0
even,33,3.5263605246161616,4,RB,0.0,0.0
pole,1,0.6931471805599453,4,JJ,0.0,0.0
race,1,0.6931471805599453,4,NN,0.0,0.0
rain,1,0.6931471805599453,4,NN,0.0,0.0
eyes,5,1.791759469228055,4,NNS,0.0,0.0
rear,1,0.6931471805599453,4,JJ,0.0,0.0
face,11,2.4849066497880004,4,NN,0.0,0.0
reel,1,0.6931471805599453,4,NN,0.0,0.0
fact,24,3.2188758248682006,4,NN,0.0,0.0
ride,1,0.6931471805599453,4,NN,0.0,0.0
risk,1,0.6931471805599453,4,NN,0.0,0.0
road,1,0.6931471805599453,4,NN,0.0,0.0
rock,1,0.6931471805599453,4,NN,0.0,0.0
rosy,1,0.6931471805599453,4,JJ,0.0,0.0
ruin,1,0.6931471805599453,4,NN,0.0,0.0
sane,1,0.6931471805599453,4,NN,0.0,0.0
feel,11,2.4849066497880004,4,VB,0.0,0.0
save,1,0.6931471805599453,4,VBP,0.0,0.0
send,1,0.6931471805599453,4,VBP,0.0,0.0
sigh,1,0.6931471805599453,4,JJ,0.0,0.0
sign,1,0.6931471805599453,4,NN,0.0,0.0
find,8,2.1972245773362196,4,VBP,0.0,0.0
sins,1,0.6931471805599453,4,NNS,0.0,0.0
fire,6,1.9459101490553132,4,NN,0.0,0.0
size,1,0.6931471805599453,4,NN,0.0,0.0
slag,1,0.6931471805599453,4,NN,0.0,0.0
snow,1,0.6931471805599453,4,NN,0.0,0.0
span,1,0.6931471805599453,4,NN,0.0,0.0
food,5,1.791759469228055,4,NN,0.0,0.0
tile,1,0.6931471805599453,4,NN,0.0,0.0
tiny,1,0.6931471805599453,4,JJ,0.0,0.0
tone,1,0.6931471805599453,4,NN,0.0,0.0
form,31,3.4657359027997265,4,VB,0.0,0.0
torn,1,0.6931471805599453,4,JJ,0.0,0.0
trap,1,0.6931471805599453,4,NN,0.0,0.0
free,6,1.9459101490553132,4,JJ,0.0,0.0
trim,1,0.6931471805599453,4,JJ,0.0,0.0
from,146,4.990432586778736,4,IN,0.0,0.0
vain,1,0.6931471805599453,4,VBP,0.0,0.0
game,5,1.791759469228055,4,NN,0.0,0.0
gave,8,2.1972245773362196,4,VBD,0.0,0.0
week,1,0.6931471805599453,4,NN,0.0,0.0
weld,1,0.6931471805599453,4,NN,0.0,0.0
wins,1,0.6931471805599453,4,NNS,0.0,0.0
girl,7,2.0794415416798357,4,NN,0.0,0.0
give,6,1.9459101490553132,4,VBP,0.0,0.0
woke,1,0.6931471805599453,4,VBD,0.0,0.0
goes,11,2.4849066497880004,4,VBZ,0.0,0.0
york,1,0.6931471805599453,4,RB,0.0,0.0
good,17,2.8903717578961645,4,JJ,0.0,0.0
anti,2,1.0986122886681096,4,VBP,0.0,0.0
area,2,1.0986122886681096,4,NN,0.0,0.0
ball,2,1.0986122886681096,4,NN,0.0,0.0
bear,2,1.0986122886681096,4,IN,0.0,0.0
boat,2,1.0986122886681096,4,NN,0.0,0.0
hand,21,3.091042453358316,4,NN,0.0,0.0
boys,2,1.0986122886681096,4,JJ,0.0,0.0
hard,7,2.0794415416798357,4,JJ,0.0,0.0
cast,2,1.0986122886681096,4,VBD,0.0,0.0
cats,2,1.0986122886681096,4,NNS,0.0,0.0
have,84,4.442651256490317,4,VBP,0.0,0.0
chap,2,1.0986122886681096,4,NN,0.0,0.0
city,2,1.0986122886681096,4,NN,0.0,0.0
hear,5,1.791759469228055,4,JJ,0.0,0.0
coal,2,1.0986122886681096,4,NN,0.0,0.0
core,2,1.0986122886681096,4,NN,0.0,0.0
held,9,2.302585092994046,4,VBD,0.0,0.0
deep,2,1.0986122886681096,4,JJ,0.0,0.0
help,6,1.9459101490553132,4,NN,0.0,0.0
died,2,1.0986122886681096,4,VBD,0.0,0.0
here,8,2.1972245773362196,4,RB,0.0,0.0
ends,2,1.0986122886681096,4,VBZ,0.0,0.0
epic,2,1.0986122886681096,4,NN,0.0,0.0
ever,2,1.0986122886681096,4,RB,0.0,0.0
fear,2,1.0986122886681096,4,NN,0.0,0.0
gone,2,1.0986122886681096,4,VBN,0.0,0.0
hold,6,1.9459101490553132,4,NN,0.0,0.0
grey,2,1.0986122886681096,4,JJ,0.0,0.0
hair,2,1.0986122886681096,4,NN,0.0,0.0
hope,5,1.791759469228055,4,VBP,0.0,0.0
hips,2,1.0986122886681096,4,NNS,0.0,0.0
hose,2,1.0986122886681096,4,JJ,0.0,0.0
indo,2,1.0986122886681096,4,NN,0.0,0.0
huge,7,2.0794415416798357,4,JJ,0.0,0.0
knew,2,1.0986122886681096,4,NNS,0.0,0.0
laid,2,1.0986122886681096,4,VBN,0.0,0.0
late,2,1.0986122886681096,4,JJ,0.0,0.0
idea,10,2.3978952727983707,4,NN,0.0,0.0
main,2,1.0986122886681096,4,JJ,0.0,0.0
mate,2,1.0986122886681096,4,NN,0.0,0.0
into,50,3.9318256327243257,4,IN,0.0,0.0
mode,2,1.0986122886681096,4,VBD,0.0,0.0
nice,2,1.0986122886681096,4,JJ,0.0,0.0
onto,2,1.0986122886681096,4,IN,0.0,0.0
oven,2,1.0986122886681096,4,RB,0.0,0.0
just,11,2.4849066497880004,4,RB,0.0,0.0
pain,2,1.0986122886681096,4,NN,0.0,0.0
pass,2,1.0986122886681096,4,NN,0.0,0.0
path,2,1.0986122886681096,4,NN,0.0,0.0
pied,2,1.0986122886681096,4,VBD,0.0,0.0
safe,2,1.0986122886681096,4,JJ,0.0,0.0
kind,12,2.5649493574615367,4,NN,0.0,0.0
sake,2,1.0986122886681096,4,JJ,0.0,0.0
know,21,3.091042453358316,4,VBP,0.0,0.0
seem,2,1.0986122886681096,4,VBP,0.0,0.0
shop,2,1.0986122886681096,4,NN,0.0,0.0
soft,2,1.0986122886681096,4,JJ,0.0,0.0
song,2,1.0986122886681096,4,JJ,0.0,0.0
sons,2,1.0986122886681096,4,NNS,0.0,0.0
land,9,2.302585092994046,4,NN,0.0,0.0
sort,2,1.0986122886681096,4,VBP,0.0,0.0
star,2,1.0986122886681096,4,NN,0.0,0.0
last,10,2.3978952727983707,4,JJ,0.0,0.0
tear,2,1.0986122886681096,4,NN,0.0,0.0
laws,8,2.1972245773362196,4,NNS,0.0,0.0
town,2,1.0986122886681096,4,NN,0.0,0.0
left,6,1.9459101490553132,4,VBN,0.0,0.0
wait,2,1.0986122886681096,4,VBP,0.0,0.0
legs,16,2.833213344056216,4,JJ,0.0,0.0
wake,2,1.0986122886681096,4,NN,0.0,0.0
want,2,1.0986122886681096,4,VBP,0.0,0.0
less,7,2.0794415416798357,4,JJR,0.0,0.0
weak,2,1.0986122886681096,4,JJ,0.0,0.0
wild,2,1.0986122886681096,4,WP,0.0,0.0
life,63,4.1588830833596715,4,NN,0.0,0.0
wind,2,1.0986122886681096,4,VB,0.0,0.0
like,30,3.4339872044851463,4,IN,0.0,0.0
year,2,1.0986122886681096,4,NN,0.0,0.0
line,8,2.1972245773362196,4,NN,0.0,0.0
aunt,3,1.3862943611198906,4,RP,0.0,0.0
link,5,1.791759469228055,4,VBP,0.0,0.0
beat,3,1.3862943611198906,4,NN,0.0,0.0
bill,3,1.3862943611198906,4,NN,0.0,0.0
bond,3,1.3862943611198906,4,NN,0.0,0.0
care,3,1.3862943611198906,4,JJ,0.0,0.0
long,17,2.8903717578961645,4,JJ,0.0,0.0
cold,3,1.3862943611198906,4,VBD,0.0,0.0
look,7,2.0794415416798357,4,NN,0.0,0.0
door,3,1.3862943611198906,4,NN,0.0,0.0
duty,3,1.3862943611198906,4,NN,0.0,0.0
loss,5,1.791759469228055,4,NN,0.0,0.0
easy,3,1.3862943611198906,4,JJ,0.0,0.0
lost,8,2.1972245773362196,4,VBN,0.0,0.0
fast,3,1.3862943611198906,4,NN,0.0,0.0
feet,3,1.3862943611198906,4,NNS,0.0,0.0
love,7,2.0794415416798357,4,NN,0.0,0.0
five,3,1.3862943611198906,4,CD,0.0,0.0
four,3,1.3862943611198906,4,CD,0.0,0.0
made,31,3.4657359027997265,4,VBD,0.0,0.0
frog,3,1.3862943611198906,4,NN,0.0,0.0
gold,3,1.3862943611198906,4,RB,0.0,0.0
make,22,3.1354942159291497,4,VB,0.0,0.0
grew,3,1.3862943611198906,4,VBD,0.0,0.0
high,3,1.3862943611198906,4,JJ,0.0,0.0
many,45,3.828641396489095,4,JJ,0.0,0.0
john,3,1.3862943611198906,4,NN,0.0,0.0
keen,3,1.3862943611198906,4,JJ,0.0,0.0
king,3,1.3862943611198906,4,VBG,0.0,0.0
lack,3,1.3862943611198906,4,RB,0.0,0.0
mean,7,2.0794415416798357,4,JJ,0.0,0.0
lord,3,1.3862943611198906,4,NN,0.0,0.0
meat,5,1.791759469228055,4,NN,0.0,0.0
mary,3,1.3862943611198906,4,JJ,0.0,0.0
meet,3,1.3862943611198906,4,NN,0.0,0.0
near,3,1.3862943611198906,4,IN,0.0,0.0
milk,8,2.1972245773362196,4,NN,0.0,0.0
news,3,1.3862943611198906,4,NN,0.0,0.0
mind,21,3.091042453358316,4,NN,0.0,0.0
note,3,1.3862943611198906,4,NN,0.0,0.0
obey,3,1.3862943611198906,4,NN,0.0,0.0
open,3,1.3862943611198906,4,JJ,0.0,0.0
paid,3,1.3862943611198906,4,VBD,0.0,0.0
more,44,3.8066624897703196,4,RBR,0.0,0.0
plot,3,1.3862943611198906,4,NN,0.0,0.0
most,28,3.367295829986474,4,RBS,0.0,0.0
poor,3,1.3862943611198906,4,JJ,0.0,0.0
much,18,2.9444389791664403,4,JJ,0.0,0.0
rose,3,1.3862943611198906,4,VBD,0.0,0.0
must,16,2.833213344056216,4,MD,0.0,0.0
runs,3,1.3862943611198906,4,VBZ,0.0,0.0
seek,3,1.3862943611198906,4,NN,0.0,0.0
name,5,1.791759469228055,4,NN,0.0,0.0
sled,3,1.3862943611198906,4,VBD,0.0,0.0
nana,15,2.772588722239781,4,RB,0.0,0.0
sold,3,1.3862943611198906,4,VBD,0.0,0.0
soul,3,1.3862943611198906,4,NN,0.0,0.0
spot,3,1.3862943611198906,4,NN,0.0,0.0
need,9,2.302585092994046,4,VBP,0.0,0.0
thou,3,1.3862943611198906,4,NN,0.0,0.0
next,6,1.9459101490553132,4,JJ,0.0,0.0
tool,3,1.3862943611198906,4,NN,0.0,0.0
turn,3,1.3862943611198906,4,NN,0.0,0.0
walk,3,1.3862943611198906,4,VBP,0.0,0.0
warm,3,1.3862943611198906,4,JJ,0.0,0.0
TRUE,3,1.3862943611198906,4,NNP,0.0,0.0
acts,4,1.6094379124341003,4,NNS,0.0,0.0
best,4,1.6094379124341003,4,RB,0.0,0.0
once,12,2.5649493574615367,4,RB,0.0,0.0
cake,4,1.6094379124341003,4,VB,0.0,0.0
ones,5,1.791759469228055,4,NNS,0.0,0.0
crew,4,1.6094379124341003,4,VBD,0.0,0.0
only,49,3.912023005428146,4,RB,0.0,0.0
cubs,4,1.6094379124341003,4,JJ,0.0,0.0
east,4,1.6094379124341003,4,JJ,0.0,0.0
fall,4,1.6094379124341003,4,NN,0.0,0.0
oral,6,1.9459101490553132,4,JJ,0.0,0.0
felt,4,1.6094379124341003,4,RB,0.0,0.0
film,4,1.6094379124341003,4,NN,0.0,0.0
over,24,3.2188758248682006,4,IN,0.0,0.0
flow,4,1.6094379124341003,4,NN,0.0,0.0
full,4,1.6094379124341003,4,JJ,0.0,0.0
gain,4,1.6094379124341003,4,NN,0.0,0.0
page,4,1.6094379124341003,4,NN,0.0,0.0
gang,4,1.6094379124341003,4,NN,0.0,0.0
gets,4,1.6094379124341003,4,VBZ,0.0,0.0
half,4,1.6094379124341003,4,NN,0.0,0.0
hero,4,1.6094379124341003,4,VBZ,0.0,0.0
home,4,1.6094379124341003,4,NN,0.0,0.0
part,18,2.9444389791664403,4,NN,0.0,0.0
jump,4,1.6094379124341003,4,NN,0.0,0.0
past,12,2.5649493574615367,4,IN,0.0,0.0
keep,4,1.6094379124341003,4,VB,0.0,0.0
kept,4,1.6094379124341003,4,NN,0.0,0.0
lies,4,1.6094379124341003,4,VBZ,0.0,0.0
male,4,1.6094379124341003,4,NN,0.0,0.0
pits,5,1.791759469228055,4,NNS,0.0,0.0
play,21,3.091042453358316,4,VBP,0.0,0.0
poem,24,3.2188758248682006,4,NN,0.0,0.0
poet,16,2.833213344056216,4,NN,0.0,0.0
post,4,1.6094379124341003,4,NN,0.0,0.0
raja,9,2.302585092994046,4,JJ,0.0,0.0
read,9,2.302585092994046,4,JJ,0.0,0.0
real,5,1.791759469228055,4,JJ,0.0,0.0
rest,5,1.791759469228055,4,NN,0.0,0.0
rich,7,2.0794415416798357,4,JJ,0.0,0.0
ring,8,2.1972245773362196,4,VBG,0.0,0.0
rise,8,2.1972245773362196,4,NN,0.0,0.0
role,10,2.3978952727983707,4,NN,0.0,0.0
rule,5,1.791759469228055,4,NN,0.0,0.0
said,6,1.9459101490553132,4,VBD,0.0,0.0
same,19,2.995732273553991,4,JJ,0.0,0.0
says,7,2.0794415416798357,4,VBZ,0.0,0.0
seen,12,2.5649493574615367,4,VBN,0.0,0.0
sees,5,1.791759469228055,4,NNS,0.0,0.0
self,15,2.772588722239781,4,JJ,0.0,0.0
sent,4,1.6094379124341003,4,JJ,0.0,0.0
sets,5,1.791759469228055,4,NNS,0.0,0.0
show,5,1.791759469228055,4,NN,0.0,0.0
side,4,1.6094379124341003,4,NN,0.0,0.0
some,33,3.5263605246161616,4,DT,0.0,0.0
soon,6,1.9459101490553132,4,RB,0.0,0.0
such,42,3.7612001156935624,4,JJ,0.0,0.0
sure,5,1.791759469228055,4,JJ,0.0,0.0
take,24,3.2188758248682006,4,VB,0.0,0.0
talk,5,1.791759469228055,4,NN,0.0,0.0
tall,4,1.6094379124341003,4,JJ,0.0,0.0
task,4,1.6094379124341003,4,NN,0.0,0.0
tell,6,1.9459101490553132,4,VBP,0.0,0.0
term,9,2.302585092994046,4,NN,0.0,0.0
text,14,2.70805020110221,4,NN,0.0,0.0
than,24,3.2188758248682006,4,IN,0.0,0.0
that,397,5.986452005284438,4,DT,0.0,0.0
them,74,4.31748811353631,4,PRP,0.0,0.0
then,16,2.833213344056216,4,RB,0.0,0.0
they,102,4.634728988229636,4,PRP,0.0,0.0
thin,8,2.1972245773362196,4,VBP,0.0,0.0
this,174,5.1647859739235145,4,DT,0.0,0.0
thus,20,3.044522437723423,4,RB,0.0,0.0
till,4,1.6094379124341003,4,NN,0.0,0.0
time,56,4.04305126783455,4,NN,0.0,0.0
tiye,5,1.791759469228055,4,NN,0.0,0.0
told,11,2.4849066497880004,4,VBD,0.0,0.0
took,15,2.772588722239781,4,VBD,0.0,0.0
upon,15,2.772588722239781,4,IN,0.0,0.0
used,27,3.332204510175204,4,VBN,0.0,0.0
uses,9,2.302585092994046,4,NNS,0.0,0.0
vast,4,1.6094379124341003,4,JJ,0.0,0.0
very,25,3.258096538021482,4,RB,0.0,0.0
view,12,2.5649493574615367,4,VBP,0.0,0.0
wars,4,1.6094379124341003,4,NNS,0.0,0.0
ways,14,2.70805020110221,4,NNS,0.0,0.0
well,38,3.6635616461296463,4,RB,0.0,0.0
went,5,1.791759469228055,4,VBD,0.0,0.0
were,65,4.189654742026425,4,VBD,0.0,0.0
west,8,2.1972245773362196,4,JJS,0.0,0.0
what,65,4.189654742026425,4,WP,0.0,0.0
when,70,4.2626798770413155,4,WRB,0.0,0.0
whom,4,1.6094379124341003,4,WP,0.0,0.0
wide,6,1.9459101490553132,4,JJ,0.0,0.0
wife,4,1.6094379124341003,4,NN,0.0,0.0
will,23,3.1780538303479458,4,MD,0.0,0.0
with,231,5.44673737166631,4,IN,0.0,0.0
word,10,2.3978952727983707,4,NN,0.0,0.0
work,44,3.8066624897703196,4,NN,0.0,0.0
your,5,1.791759469228055,4,PRP$,0.0,0.0
about,71,4.276666119016055,5,IN,0.0,0.0
above,13,2.639057329615259,5,IN,0.0,0.0
acres,1,0.6931471805599453,5,NNS,0.0,0.0
adjoa,18,2.9444389791664403,5,VBP,0.0,0.0
admit,1,0.6931471805599453,5,VBP,0.0,0.0
adult,3,1.3862943611198906,5,NN,0.0,0.0
after,25,3.258096538021482,5,IN,0.0,0.0
again,8,2.1972245773362196,5,RB,0.0,0.0
agent,3,1.3862943611198906,5,JJ,0.0,0.0
aidoo,1,0.6931471805599453,5,NN,0.0,0.0
alert,2,1.0986122886681096,5,JJ,0.0,0.0
alice,6,1.9459101490553132,5,NN,0.0,0.0
alive,1,0.6931471805599453,5,JJ,0.0,0.0
alley,1,0.6931471805599453,5,NN,0.0,0.0
allow,1,0.6931471805599453,5,VB,0.0,0.0
alone,2,1.0986122886681096,5,RB,0.0,0.0
along,11,2.4849066497880004,5,RB,0.0,0.0
among,8,2.1972245773362196,5,IN,0.0,0.0
amply,1,0.6931471805599453,5,JJ,0.0,0.0
angle,4,1.6094379124341003,5,JJ,0.0,0.0
apply,1,0.6931471805599453,5,NN,0.0,0.0
arabs,1,0.6931471805599453,5,JJ,0.0,0.0
areas,8,2.1972245773362196,5,NNS,0.0,0.0
armed,1,0.6931471805599453,5,JJ,0.0,0.0
asian,1,0.6931471805599453,5,JJ,0.0,0.0
aside,1,0.6931471805599453,5,NN,0.0,0.0
asked,3,1.3862943611198906,5,VBD,0.0,0.0
aught,1,0.6931471805599453,5,NN,0.0,0.0
avoid,2,1.0986122886681096,5,VB,0.0,0.0
award,1,0.6931471805599453,5,NN,0.0,0.0
aware,7,2.0794415416798357,5,JJ,0.0,0.0
awful,1,0.6931471805599453,5,JJ,0.0,0.0
badly,1,0.6931471805599453,5,RB,0.0,0.0
basic,13,2.639057329615259,5,JJ,0.0,0.0
basis,4,1.6094379124341003,5,NN,0.0,0.0
batch,1,0.6931471805599453,5,NN,0.0,0.0
bears,1,0.6931471805599453,5,NNS,0.0,0.0
began,5,1.791759469228055,5,VBD,0.0,0.0
begin,1,0.6931471805599453,5,JJ,0.0,0.0
being,33,3.5263605246161616,5,VBG,0.0,0.0
bills,2,1.0986122886681096,5,NNS,0.0,0.0
birds,3,1.3862943611198906,5,NNS,0.0,0.0
birth,5,1.791759469228055,5,JJ,0.0,0.0
black,13,2.639057329615259,5,JJ,0.0,0.0
blame,2,1.0986122886681096,5,NN,0.0,0.0
block,2,1.0986122886681096,5,NN,0.0,0.0
blood,3,1.3862943611198906,5,NN,0.0,0.0
bombs,1,0.6931471805599453,5,VBP,0.0,0.0
bonds,1,0.6931471805599453,5,NNS,0.0,0.0
books,9,2.302585092994046,5,NNS,0.0,0.0
bound,2,1.0986122886681096,5,IN,0.0,0.0
boxes,1,0.6931471805599453,5,NNS,0.0,0.0
brady,1,0.6931471805599453,5,JJ,0.0,0.0
break,7,2.0794415416798357,5,NN,0.0,0.0
brief,2,1.0986122886681096,5,NN,0.0,0.0
bring,3,1.3862943611198906,5,VBG,0.0,0.0
brook,1,0.6931471805599453,5,NN,0.0,0.0
brown,1,0.6931471805599453,5,JJ,0.0,0.0
brunt,1,0.6931471805599453,5,NN,0.0,0.0
build,3,1.3862943611198906,5,NN,0.0,0.0
built,3,1.3862943611198906,5,VBN,0.0,0.0
burke,2,1.0986122886681096,5,IN,0.0,0.0
burst,1,0.6931471805599453,5,NN,0.0,0.0
calls,4,1.6094379124341003,5,VBZ,0.0,0.0
camel,1,0.6931471805599453,5,NN,0.0,0.0
camps,1,0.6931471805599453,5,NNS,0.0,0.0
cards,1,0.6931471805599453,5,NNS,0.0,0.0
carry,2,1.0986122886681096,5,VBP,0.0,0.0
carve,1,0.6931471805599453,5,VBP,0.0,0.0
cases,2,1.0986122886681096,5,NNS,0.0,0.0
chaff,1,0.6931471805599453,5,JJ,0.0,0.0
chair,7,2.0794415416798357,5,NN,0.0,0.0
cheap,2,1.0986122886681096,5,JJ,0.0,0.0
check,1,0.6931471805599453,5,NN,0.0,0.0
chess,9,2.302585092994046,5,NN,0.0,0.0
chief,2,1.0986122886681096,5,NN,0.0,0.0
child,14,2.70805020110221,5,NN,0.0,0.0
chris,4,1.6094379124341003,5,JJ,0.0,0.0
civil,2,1.0986122886681096,5,JJ,0.0,0.0
clash,1,0.6931471805599453,5,NN,0.0,0.0
class,12,2.5649493574615367,5,NN,0.0,0.0
clear,7,2.0794415416798357,5,JJ,0.0,0.0
clerk,2,1.0986122886681096,5,NN,0.0,0.0
climb,1,0.6931471805599453,5,NN,0.0,0.0
clock,2,1.0986122886681096,5,NN,0.0,0.0
close,8,2.1972245773362196,5,JJ,0.0,0.0
clubs,1,0.6931471805599453,5,NNS,0.0,0.0
coals,1,0.6931471805599453,5,NNS,0.0,0.0
comes,17,2.8903717578961645,5,VBZ,0.0,0.0
could,33,3.5263605246161616,5,MD,0.0,0.0
court,3,1.3862943611198906,5,NN,0.0,0.0
crops,1,0.6931471805599453,5,NNS,0.0,0.0
cross,1,0.6931471805599453,5,VBP,0.0,0.0
daily,9,2.302585092994046,5,JJ,0.0,0.0
dairy,1,0.6931471805599453,5,NN,0.0,0.0
dance,5,1.791759469228055,5,NN,0.0,0.0
dates,1,0.6931471805599453,5,NNS,0.0,0.0
daula,1,0.6931471805599453,5,VBP,0.0,0.0
david,1,0.6931471805599453,5,JJ,0.0,0.0
dawns,1,0.6931471805599453,5,NNS,0.0,0.0
deals,2,1.0986122886681096,5,NNS,0.0,0.0
death,7,2.0794415416798357,5,NN,0.0,0.0
delay,1,0.6931471805599453,5,NN,0.0,0.0
doesn,7,2.0794415416798357,5,NN,0.0,0.0
donne,1,0.6931471805599453,5,JJ,0.0,0.0
doors,2,1.0986122886681096,5,NNS,0.0,0.0
doubt,5,1.791759469228055,5,VBP,0.0,0.0
drama,11,2.4849066497880004,5,NN,0.0,0.0
drawn,3,1.3862943611198906,5,NN,0.0,0.0
draws,3,1.3862943611198906,5,VBZ,0.0,0.0
dream,2,1.0986122886681096,5,NN,0.0,0.0
drink,4,1.6094379124341003,5,NN,0.0,0.0
drive,2,1.0986122886681096,5,NN,0.0,0.0
drops,1,0.6931471805599453,5,NNS,0.0,0.0
dying,1,0.6931471805599453,5,VBG,0.0,0.0
early,10,2.3978952727983707,5,JJ,0.0,0.0
earth,2,1.0986122886681096,5,NN,0.0,0.0
eater,2,1.0986122886681096,5,NN,0.0,0.0
eight,1,0.6931471805599453,5,CD,0.0,0.0
elegy,7,2.0794415416798357,5,NN,0.0,0.0
emile,1,0.6931471805599453,5,RB,0.0,0.0
ended,1,0.6931471805599453,5,VBN,0.0,0.0
enemy,1,0.6931471805599453,5,NN,0.0,0.0
entry,1,0.6931471805599453,5,NN,0.0,0.0
essay,3,1.3862943611198906,5,VBP,0.0,0.0
evans,4,1.6094379124341003,5,NNS,0.0,0.0
event,2,1.0986122886681096,5,NN,0.0,0.0
every,16,2.833213344056216,5,DT,0.0,0.0
exact,2,1.0986122886681096,5,JJ,0.0,0.0
exist,2,1.0986122886681096,5,VBP,0.0,0.0
extra,2,1.0986122886681096,5,JJ,0.0,0.0
faced,2,1.0986122886681096,5,VBN,0.0,0.0
facts,3,1.3862943611198906,5,NNS,0.0,0.0
fails,3,1.3862943611198906,5,VBZ,0.0,0.0
faith,1,0.6931471805599453,5,NN,0.0,0.0
falls,3,1.3862943611198906,5,VBZ,0.0,0.0
farms,1,0.6931471805599453,5,NNS,0.0,0.0
fault,3,1.3862943611198906,5,NN,0.0,0.0
feels,6,1.9459101490553132,5,NNS,0.0,0.0
fever,2,1.0986122886681096,5,VBP,0.0,0.0
field,2,1.0986122886681096,5,NN,0.0,0.0
fiend,1,0.6931471805599453,5,VBP,0.0,0.0
fifty,2,1.0986122886681096,5,JJ,0.0,0.0
fight,2,1.0986122886681096,5,NN,0.0,0.0
finds,9,2.302585092994046,5,NNS,0.0,0.0
first,31,3.4657359027997265,5,RB,0.0,0.0
flies,1,0.6931471805599453,5,NNS,0.0,0.0
flock,1,0.6931471805599453,5,VBP,0.0,0.0
focus,6,1.9459101490553132,5,NN,0.0,0.0
force,3,1.3862943611198906,5,NN,0.0,0.0
forms,9,2.302585092994046,5,NNS,0.0,0.0
forty,4,1.6094379124341003,5,VBP,0.0,0.0
found,11,2.4849066497880004,5,VBN,0.0,0.0
frank,1,0.6931471805599453,5,JJ,0.0,0.0
fraud,1,0.6931471805599453,5,NN,0.0,0.0
fresh,1,0.6931471805599453,5,JJ,0.0,0.0
freud,1,0.6931471805599453,5,NN,0.0,0.0
front,3,1.3862943611198906,5,NN,0.0,0.0
funny,1,0.6931471805599453,5,JJ,0.0,0.0
fused,1,0.6931471805599453,5,VBD,0.0,0.0
gains,3,1.3862943611198906,5,NNS,0.0,0.0
games,1,0.6931471805599453,5,NNS,0.0,0.0
ghana,1,0.6931471805599453,5,JJ,0.0,0.0
ghost,1,0.6931471805599453,5,NN,0.0,0.0
girls,1,0.6931471805599453,5,NNS,0.0,0.0
given,13,2.639057329615259,5,VBN,0.0,0.0
gives,7,2.0794415416798357,5,VBZ,0.0,0.0
glare,1,0.6931471805599453,5,JJ,0.0,0.0
glass,4,1.6094379124341003,5,NN,0.0,0.0
glory,2,1.0986122886681096,5,NN,0.0,0.0
goats,1,0.6931471805599453,5,VBZ,0.0,0.0
going,7,2.0794415416798357,5,VBG,0.0,0.0
grain,1,0.6931471805599453,5,NN,0.0,0.0
grand,4,1.6094379124341003,5,JJ,0.0,0.0
grave,1,0.6931471805599453,5,NN,0.0,0.0
great,27,3.332204510175204,5,JJ,0.0,0.0
greco,1,0.6931471805599453,5,JJ,0.0,0.0
group,8,2.1972245773362196,5,NN,0.0,0.0
grown,1,0.6931471805599453,5,JJ,0.0,0.0
grows,3,1.3862943611198906,5,VBZ,0.0,0.0
guest,3,1.3862943611198906,5,JJS,0.0,0.0
guilt,1,0.6931471805599453,5,NN,0.0,0.0
hands,4,1.6094379124341003,5,VBZ,0.0,0.0
happy,2,1.0986122886681096,5,JJ,0.0,0.0
haste,1,0.6931471805599453,5,NN,0.0,0.0
haven,1,0.6931471805599453,5,RB,0.0,0.0
heaps,1,0.6931471805599453,5,NNS,0.0,0.0
heard,7,2.0794415416798357,5,JJ,0.0,0.0
hears,2,1.0986122886681096,5,NNS,0.0,0.0
heart,3,1.3862943611198906,5,NN,0.0,0.0
hence,4,1.6094379124341003,5,RB,0.0,0.0
henry,1,0.6931471805599453,5,JJ,0.0,0.0
hindi,3,1.3862943611198906,5,NN,0.0,0.0
hippo,1,0.6931471805599453,5,NN,0.0,0.0
holds,2,1.0986122886681096,5,VBZ,0.0,0.0
horse,1,0.6931471805599453,5,NN,0.0,0.0
hours,2,1.0986122886681096,5,NNS,0.0,0.0
house,7,2.0794415416798357,5,NN,0.0,0.0
human,53,3.9889840465642745,5,JJ,0.0,0.0
ideas,9,2.302585092994046,5,NNS,0.0,0.0
iliad,1,0.6931471805599453,5,VBP,0.0,0.0
image,4,1.6094379124341003,5,NN,0.0,0.0
india,39,3.6888794541139363,5,JJ,0.0,0.0
inner,1,0.6931471805599453,5,NN,0.0,0.0
inter,3,1.3862943611198906,5,NN,0.0,0.0
irony,3,1.3862943611198906,5,NN,0.0,0.0
issue,6,1.9459101490553132,5,NN,0.0,0.0
italy,1,0.6931471805599453,5,VBZ,0.0,0.0
jesus,3,1.3862943611198906,5,NN,0.0,0.0
jimmy,11,2.4849066497880004,5,NN,0.0,0.0
judge,2,1.0986122886681096,5,NN,0.0,0.0
jules,1,0.6931471805599453,5,NNS,0.0,0.0
keeps,2,1.0986122886681096,5,NNS,0.0,0.0
kenya,1,0.6931471805599453,5,VB,0.0,0.0
kinds,4,1.6094379124341003,5,VBZ,0.0,0.0
kings,2,1.0986122886681096,5,NNS,0.0,0.0
kitty,6,1.9459101490553132,5,JJ,0.0,0.0
knock,1,0.6931471805599453,5,NN,0.0,0.0
known,11,2.4849066497880004,5,VBN,0.0,0.0
knows,4,1.6094379124341003,5,VBZ,0.0,0.0
lacks,2,1.0986122886681096,5,VBZ,0.0,0.0
lands,5,1.791759469228055,5,VBZ,0.0,0.0
large,14,2.70805020110221,5,JJ,0.0,0.0
later,8,2.1972245773362196,5,RB,0.0,0.0
latin,2,1.0986122886681096,5,JJ,0.0,0.0
laugh,1,0.6931471805599453,5,IN,0.0,0.0
leads,10,2.3978952727983707,5,VBZ,0.0,0.0
learn,5,1.791759469228055,5,JJ,0.0,0.0
least,4,1.6094379124341003,5,JJS,0.0,0.0
leave,3,1.3862943611198906,5,JJ,0.0,0.0
legal,1,0.6931471805599453,5,JJ,0.0,0.0
level,11,2.4849066497880004,5,NN,0.0,0.0
light,3,1.3862943611198906,5,NN,0.0,0.0
lines,4,1.6094379124341003,5,NNS,0.0,0.0
links,2,1.0986122886681096,5,NNS,0.0,0.0
lists,1,0.6931471805599453,5,NNS,0.0,0.0
lived,5,1.791759469228055,5,VBD,0.0,0.0
lives,4,1.6094379124341003,5,NNS,0.0,0.0
loans,1,0.6931471805599453,5,NNS,0.0,0.0
local,5,1.791759469228055,5,JJ,0.0,0.0
logic,6,1.9459101490553132,5,NN,0.0,0.0
looks,3,1.3862943611198906,5,VBZ,0.0,0.0
loose,2,1.0986122886681096,5,JJ,0.0,0.0
loses,4,1.6094379124341003,5,NNS,0.0,0.0
lubey,1,0.6931471805599453,5,VBP,0.0,0.0
lunch,1,0.6931471805599453,5,JJ,0.0,0.0
lying,3,1.3862943611198906,5,VBG,0.0,0.0
maami,3,1.3862943611198906,5,NN,0.0,0.0
madan,1,0.6931471805599453,5,NN,0.0,0.0
major,11,2.4849066497880004,5,JJ,0.0,0.0
maker,1,0.6931471805599453,5,NN,0.0,0.0
makes,15,2.772588722239781,5,VBZ,0.0,0.0
marks,1,0.6931471805599453,5,NNS,0.0,0.0
marry,2,1.0986122886681096,5,VBP,0.0,0.0
match,1,0.6931471805599453,5,NN,0.0,0.0
means,18,2.9444389791664403,5,VBZ,0.0,0.0
meant,9,2.302585092994046,5,JJ,0.0,0.0
meaty,1,0.6931471805599453,5,JJ,0.0,0.0
mempi,1,0.6931471805599453,5,VBP,0.0,0.0
metal,1,0.6931471805599453,5,NN,0.0,0.0
meted,1,0.6931471805599453,5,VBD,0.0,0.0
might,15,2.772588722239781,5,MD,0.0,0.0
minds,5,1.791759469228055,5,NNS,0.0,0.0
miner,1,0.6931471805599453,5,VBP,0.0,0.0
mines,6,1.9459101490553132,5,NNS,0.0,0.0
minor,1,0.6931471805599453,5,JJ,0.0,0.0
miter,1,0.6931471805599453,5,NN,0.0,0.0
model,2,1.0986122886681096,5,NN,0.0,0.0
modes,5,1.791759469228055,5,NNS,0.0,0.0
moles,1,0.6931471805599453,5,NNS,0.0,0.0
money,7,2.0794415416798357,5,NN,0.0,0.0
moods,1,0.6931471805599453,5,NNS,0.0,0.0
moral,7,2.0794415416798357,5,JJ,0.0,0.0
morel,1,0.6931471805599453,5,NN,0.0,0.0
mouth,4,1.6094379124341003,5,RB,0.0,0.0
moved,4,1.6094379124341003,5,VBN,0.0,0.0
moves,2,1.0986122886681096,5,NNS,0.0,0.0
munis,1,0.6931471805599453,5,VBP,0.0,0.0
music,6,1.9459101490553132,5,NN,0.0,0.0
mustn,1,0.6931471805599453,5,NN,0.0,0.0
named,1,0.6931471805599453,5,VBN,0.0,0.0
names,1,0.6931471805599453,5,RB,0.0,0.0
needs,4,1.6094379124341003,5,VBZ,0.0,0.0
needy,1,0.6931471805599453,5,JJ,0.0,0.0
negro,2,1.0986122886681096,5,NN,0.0,0.0
never,19,2.995732273553991,5,RB,0.0,0.0
newly,5,1.791759469228055,5,RB,0.0,0.0
night,9,2.302585092994046,5,NN,0.0,0.0
noise,1,0.6931471805599453,5,NN,0.0,0.0
norms,5,1.791759469228055,5,NNS,0.0,0.0
north,2,1.0986122886681096,5,RB,0.0,0.0
noted,2,1.0986122886681096,5,JJ,0.0,0.0
notes,1,0.6931471805599453,5,NNS,0.0,0.0
novel,49,3.912023005428146,5,JJ,0.0,0.0
ocean,2,1.0986122886681096,5,JJ,0.0,0.0
odour,1,0.6931471805599453,5,JJ,0.0,0.0
offer,3,1.3862943611198906,5,NN,0.0,0.0
often,13,2.639057329615259,5,RB,0.0,0.0
opens,3,1.3862943611198906,5,NNS,0.0,0.0
order,14,2.70805020110221,5,NN,0.0,0.0
other,67,4.219507705176107,5,JJ,0.0,0.0
outer,1,0.6931471805599453,5,NN,0.0,0.0
owned,2,1.0986122886681096,5,VBD,0.0,0.0
owner,1,0.6931471805599453,5,NN,0.0,0.0
paper,1,0.6931471805599453,5,NN,0.0,0.0
parts,4,1.6094379124341003,5,NNS,0.0,0.0
party,1,0.6931471805599453,5,NN,0.0,0.0
paths,1,0.6931471805599453,5,NNS,0.0,0.0
pause,2,1.0986122886681096,5,VBP,0.0,0.0
peace,2,1.0986122886681096,5,NN,0.0,0.0
pence,1,0.6931471805599453,5,NN,0.0,0.0
phase,5,1.791759469228055,5,NN,0.0,0.0
piece,5,1.791759469228055,5,VBP,0.0,0.0
piled,1,0.6931471805599453,5,JJ,0.0,0.0
place,19,2.995732273553991,5,NN,0.0,0.0
plane,3,1.3862943611198906,5,NN,0.0,0.0
plays,10,2.3978952727983707,5,VBZ,0.0,0.0
poems,5,1.791759469228055,5,NNS,0.0,0.0
poets,3,1.3862943611198906,5,NNS,0.0,0.0
point,13,2.639057329615259,5,VBP,0.0,0.0
pokes,1,0.6931471805599453,5,NNS,0.0,0.0
poona,1,0.6931471805599453,5,NNS,0.0,0.0
power,6,1.9459101490553132,5,NN,0.0,0.0
pride,3,1.3862943611198906,5,IN,0.0,0.0
prose,12,2.5649493574615367,5,VBP,0.0,0.0
queen,2,1.0986122886681096,5,JJ,0.0,0.0
queer,1,0.6931471805599453,5,NN,0.0,0.0
quest,2,1.0986122886681096,5,JJS,0.0,0.0
quiet,2,1.0986122886681096,5,JJ,0.0,0.0
quite,4,1.6094379124341003,5,JJ,0.0,0.0
radio,6,1.9459101490553132,5,NN,0.0,0.0
rainy,1,0.6931471805599453,5,NN,0.0,0.0
ralph,1,0.6931471805599453,5,NN,0.0,0.0
range,4,1.6094379124341003,5,NN,0.0,0.0
react,1,0.6931471805599453,5,JJ,0.0,0.0
ready,2,1.0986122886681096,5,JJ,0.0,0.0
refer,3,1.3862943611198906,5,VBP,0.0,0.0
rests,1,0.6931471805599453,5,NNS,0.0,0.0
right,8,2.1972245773362196,5,JJ,0.0,0.0
rises,1,0.6931471805599453,5,NNS,0.0,0.0
river,2,1.0986122886681096,5,RB,0.0,0.0
roger,1,0.6931471805599453,5,VBP,0.0,0.0
roles,2,1.0986122886681096,5,NNS,0.0,0.0
roman,1,0.6931471805599453,5,VBP,0.0,0.0
roots,2,1.0986122886681096,5,NNS,0.0,0.0
rough,1,0.6931471805599453,5,JJ,0.0,0.0
round,7,2.0794415416798357,5,NN,0.0,0.0
ruler,1,0.6931471805599453,5,NN,0.0,0.0
rules,7,2.0794415416798357,5,NNS,0.0,0.0
rural,5,1.791759469228055,5,JJ,0.0,0.0
saved,1,0.6931471805599453,5,VBN,0.0,0.0
scale,2,1.0986122886681096,5,JJ,0.0,0.0
scarf,1,0.6931471805599453,5,JJ,0.0,0.0
scene,5,1.791759469228055,5,NN,0.0,0.0
scope,2,1.0986122886681096,5,NN,0.0,0.0
seems,3,1.3862943611198906,5,VBZ,0.0,0.0
seize,1,0.6931471805599453,5,JJ,0.0,0.0
sense,24,3.2188758248682006,5,NN,0.0,0.0
serve,2,1.0986122886681096,5,VB,0.0,0.0
seven,2,1.0986122886681096,5,CD,0.0,0.0
shall,4,1.6094379124341003,5,MD,0.0,0.0
shame,1,0.6931471805599453,5,VB,0.0,0.0
sheep,1,0.6931471805599453,5,JJ,0.0,0.0
sheet,2,1.0986122886681096,5,NN,0.0,0.0
shell,1,0.6931471805599453,5,NN,0.0,0.0
shift,3,1.3862943611198906,5,VB,0.0,0.0
shoot,2,1.0986122886681096,5,NN,0.0,0.0
short,10,2.3978952727983707,5,JJ,0.0,0.0
shown,8,2.1972245773362196,5,VBN,0.0,0.0
shows,4,1.6094379124341003,5,NNS,0.0,0.0
sight,2,1.0986122886681096,5,VBD,0.0,0.0
signs,1,0.6931471805599453,5,NNS,0.0,0.0
since,15,2.772588722239781,5,IN,0.0,0.0
siraj,1,0.6931471805599453,5,NN,0.0,0.0
sixty,1,0.6931471805599453,5,NN,0.0,0.0
skill,4,1.6094379124341003,5,NN,0.0,0.0
small,7,2.0794415416798357,5,JJ,0.0,0.0
smash,1,0.6931471805599453,5,NN,0.0,0.0
smith,1,0.6931471805599453,5,NN,0.0,0.0
solve,1,0.6931471805599453,5,VBP,0.0,0.0
songs,2,1.0986122886681096,5,NNS,0.0,0.0
sorts,3,1.3862943611198906,5,NNS,0.0,0.0
sound,15,2.772588722239781,5,VBD,0.0,0.0
south,8,2.1972245773362196,5,JJ,0.0,0.0
space,3,1.3862943611198906,5,NN,0.0,0.0
spain,3,1.3862943611198906,5,NN,0.0,0.0
spare,1,0.6931471805599453,5,JJ,0.0,0.0
spark,1,0.6931471805599453,5,JJ,0.0,0.0
speak,8,2.1972245773362196,5,NN,0.0,0.0
spear,1,0.6931471805599453,5,JJ,0.0,0.0
spent,2,1.0986122886681096,5,NN,0.0,0.0
spicy,1,0.6931471805599453,5,NN,0.0,0.0
spite,1,0.6931471805599453,5,JJ,0.0,0.0
split,2,1.0986122886681096,5,NN,0.0,0.0
spoke,2,1.0986122886681096,5,VBD,0.0,0.0
spots,1,0.6931471805599453,5,JJ,0.0,0.0
stage,6,1.9459101490553132,5,NN,0.0,0.0
stamp,1,0.6931471805599453,5,NN,0.0,0.0
stand,7,2.0794415416798357,5,VBP,0.0,0.0
state,12,2.5649493574615367,5,NN,0.0,0.0
stays,1,0.6931471805599453,5,NNS,0.0,0.0
steal,1,0.6931471805599453,5,VBP,0.0,0.0
stems,1,0.6931471805599453,5,VBZ,0.0,0.0
steve,4,1.6094379124341003,5,VBP,0.0,0.0
still,11,2.4849066497880004,5,RB,0.0,0.0
stool,2,1.0986122886681096,5,JJ,0.0,0.0
store,6,1.9459101490553132,5,NN,0.0,0.0
story,30,3.4339872044851463,5,NN,0.0,0.0
study,9,2.302585092994046,5,NN,0.0,0.0
stung,1,0.6931471805599453,5,VBD,0.0,0.0
style,3,1.3862943611198906,5,NN,0.0,0.0
swami,1,0.6931471805599453,5,NN,0.0,0.0
sweet,6,1.9459101490553132,5,NN,0.0,0.0
swims,1,0.6931471805599453,5,NNS,0.0,0.0
table,3,1.3862943611198906,5,NN,0.0,0.0
taken,17,2.8903717578961645,5,VBN,0.0,0.0
takes,2,1.0986122886681096,5,VBZ,0.0,0.0
tales,3,1.3862943611198906,5,NNS,0.0,0.0
talks,2,1.0986122886681096,5,NNS,0.0,0.0
tamed,1,0.6931471805599453,5,VBD,0.0,0.0
tames,1,0.6931471805599453,5,NNS,0.0,0.0
taste,3,1.3862943611198906,5,VBP,0.0,0.0
teach,2,1.0986122886681096,5,JJ,0.0,0.0
tears,3,1.3862943611198906,5,NNS,0.0,0.0
teens,1,0.6931471805599453,5,VBZ,0.0,0.0
tells,5,1.791759469228055,5,NNS,0.0,0.0
terms,16,2.833213344056216,5,NNS,0.0,0.0
texts,5,1.791759469228055,5,VBP,0.0,0.0
thank,1,0.6931471805599453,5,NN,0.0,0.0
their,108,4.6913478822291435,5,PRP$,0.0,0.0
there,62,4.143134726391533,5,EX,0.0,0.0
these,62,4.143134726391533,5,DT,0.0,0.0
thing,10,2.3978952727983707,5,NN,0.0,0.0
think,15,2.772588722239781,5,VBP,0.0,0.0
third,4,1.6094379124341003,5,IN,0.0,0.0
those,28,3.367295829986474,5,DT,0.0,0.0
three,12,2.5649493574615367,5,CD,0.0,0.0
throw,2,1.0986122886681096,5,NN,0.0,0.0
tiger,22,3.1354942159291497,5,NN,0.0,0.0
times,5,1.791759469228055,5,NNS,0.0,0.0
title,1,0.6931471805599453,5,VBP,0.0,0.0
today,4,1.6094379124341003,5,NN,0.0,0.0
tools,1,0.6931471805599453,5,VBZ,0.0,0.0
topic,2,1.0986122886681096,5,JJ,0.0,0.0
total,3,1.3862943611198906,5,JJ,0.0,0.0
touch,2,1.0986122886681096,5,NN,0.0,0.0
trade,7,2.0794415416798357,5,NN,0.0,0.0
trail,1,0.6931471805599453,5,VBP,0.0,0.0
treat,4,1.6094379124341003,5,NN,0.0,0.0
trend,1,0.6931471805599453,5,NN,0.0,0.0
trick,3,1.3862943611198906,5,NN,0.0,0.0
tried,2,1.0986122886681096,5,VBD,0.0,0.0
tries,1,0.6931471805599453,5,NNS,0.0,0.0
trout,1,0.6931471805599453,5,IN,0.0,0.0
truly,2,1.0986122886681096,5,RB,0.0,0.0
trust,1,0.6931471805599453,5,JJ,0.0,0.0
turns,2,1.0986122886681096,5,VBZ,0.0,0.0
under,14,2.70805020110221,5,IN,0.0,0.0
undue,1,0.6931471805599453,5,JJ,0.0,0.0
union,2,1.0986122886681096,5,NN,0.0,0.0
units,3,1.3862943611198906,5,NNS,0.0,0.0
until,1,0.6931471805599453,5,IN,0.0,0.0
urban,4,1.6094379124341003,5,JJ,0.0,0.0
urges,1,0.6931471805599453,5,NNS,0.0,0.0
using,6,1.9459101490553132,5,VBG,0.0,0.0
utter,4,1.6094379124341003,5,JJ,0.0,0.0
value,3,1.3862943611198906,5,NN,0.0,0.0
verse,8,2.1972245773362196,5,FW,0.0,0.0
vices,1,0.6931471805599453,5,NNS,0.0,0.0
views,1,0.6931471805599453,5,NNS,0.0,0.0
visit,2,1.0986122886681096,5,VBP,0.0,0.0
vivid,4,1.6094379124341003,5,JJ,0.0,0.0
voice,5,1.791759469228055,5,NN,0.0,0.0
wages,2,1.0986122886681096,5,NNS,0.0,0.0
walks,2,1.0986122886681096,5,VBP,0.0,0.0
wants,6,1.9459101490553132,5,VBZ,0.0,0.0
water,4,1.6094379124341003,5,NN,0.0,0.0
weeks,1,0.6931471805599453,5,NNS,0.0,0.0
wells,3,1.3862943611198906,5,NNS,0.0,0.0
where,25,3.258096538021482,5,WRB,0.0,0.0
which,145,4.983606621708336,5,WDT,0.0,0.0
while,24,3.2188758248682006,5,IN,0.0,0.0
whims,1,0.6931471805599453,5,NNS,0.0,0.0
white,17,2.8903717578961645,5,JJ,0.0,0.0
whole,13,2.639057329615259,5,JJ,0.0,0.0
whose,11,2.4849066497880004,5,WP$,0.0,0.0
widow,2,1.0986122886681096,5,JJ,0.0,0.0
wield,1,0.6931471805599453,5,NN,0.0,0.0
winds,1,0.6931471805599453,5,VBZ,0.0,0.0
wings,1,0.6931471805599453,5,NNS,0.0,0.0
woman,6,1.9459101490553132,5,NN,0.0,0.0
women,16,2.833213344056216,5,NNS,0.0,0.0
woolf,2,1.0986122886681096,5,VBP,0.0,0.0
words,42,3.7612001156935624,5,NNS,0.0,0.0
works,12,2.5649493574615367,5,VBZ,0.0,0.0
world,65,4.189654742026425,5,NN,0.0,0.0
worth,3,1.3862943611198906,5,NN,0.0,0.0
would,47,3.8712010109078907,5,MD,0.0,0.0
write,7,2.0794415416798357,5,VB,0.0,0.0
wrote,7,2.0794415416798357,5,VBD,0.0,0.0
years,21,3.091042453358316,5,NNS,0.0,0.0
yeats,6,1.9459101490553132,5,NNS,0.0,0.0
young,7,2.0794415416798357,5,JJ,0.0,0.0
youth,2,1.0986122886681096,5,RB,0.0,0.0
zorey,3,1.3862943611198906,5,JJ,0.0,0.0
aboard,1,0.6931471805599453,6,IN,0.0,0.0
absurd,1,0.6931471805599453,6,JJ,0.0,0.0
across,10,2.3978952727983707,6,IN,0.0,0.0
action,12,2.5649493574615367,6,NN,0.0,0.0
active,7,2.0794415416798357,6,JJ,0.0,0.0
adding,1,0.6931471805599453,6,VBG,0.0,0.0
admits,1,0.6931471805599453,6,NNS,0.0,0.0
adults,8,2.1972245773362196,6,NNS,0.0,0.0
advice,1,0.6931471805599453,6,NN,0.0,0.0
africa,7,2.0794415416798357,6,NN,0.0,0.0
albert,1,0.6931471805599453,6,JJ,0.0,0.0
alexie,2,1.0986122886681096,6,NN,0.0,0.0
allows,1,0.6931471805599453,6,VBZ,0.0,0.0
almost,12,2.5649493574615367,6,RB,0.0,0.0
always,15,2.772588722239781,6,RB,0.0,0.0
amount,3,1.3862943611198906,6,VB,0.0,0.0
amused,1,0.6931471805599453,6,JJ,0.0,0.0
animal,12,2.5649493574615367,6,JJ,0.0,0.0
anyhow,1,0.6931471805599453,6,VBP,0.0,0.0
anyone,3,1.3862943611198906,6,NN,0.0,0.0
apiece,2,1.0986122886681096,6,RB,0.0,0.0
arctic,1,0.6931471805599453,6,JJ,0.0,0.0
arises,1,0.6931471805599453,6,NNS,0.0,0.0
around,15,2.772588722239781,6,IN,0.0,0.0
arrive,4,1.6094379124341003,6,JJ,0.0,0.0
artful,1,0.6931471805599453,6,NN,0.0,0.0
arthur,4,1.6094379124341003,6,NNS,0.0,0.0
artist,3,1.3862943611198906,6,VBP,0.0,0.0
asians,1,0.6931471805599453,6,NNS,0.0,0.0
asking,1,0.6931471805599453,6,VBG,0.0,0.0
asleep,2,1.0986122886681096,6,JJ,0.0,0.0
assets,1,0.6931471805599453,6,NNS,0.0,0.0
assume,4,1.6094379124341003,6,VBP,0.0,0.0
author,24,3.2188758248682006,6,NN,0.0,0.0
avtara,1,0.6931471805599453,6,NN,0.0,0.0
bakkie,2,1.0986122886681096,6,NN,0.0,0.0
barons,1,0.6931471805599453,6,NNS,0.0,0.0
basket,1,0.6931471805599453,6,NN,0.0,0.0
bathed,1,0.6931471805599453,6,VBD,0.0,0.0
battle,3,1.3862943611198906,6,NN,0.0,0.0
beauty,3,1.3862943611198906,6,NN,0.0,0.0
became,6,1.9459101490553132,6,VBD,0.0,0.0
become,11,2.4849066497880004,6,JJ,0.0,0.0
before,21,3.091042453358316,6,IN,0.0,0.0
begets,1,0.6931471805599453,6,NNS,0.0,0.0
beggar,1,0.6931471805599453,6,VBP,0.0,0.0
begins,6,1.9459101490553132,6,VBZ,0.0,0.0
behalf,1,0.6931471805599453,6,NN,0.0,0.0
behind,3,1.3862943611198906,6,IN,0.0,0.0
beings,16,2.833213344056216,6,NNS,0.0,0.0
belief,3,1.3862943611198906,6,NN,0.0,0.0
belong,2,1.0986122886681096,6,JJ,0.0,0.0
bengal,1,0.6931471805599453,6,JJ,0.0,0.0
better,5,1.791759469228055,6,RBR,0.0,0.0
beyond,6,1.9459101490553132,6,IN,0.0,0.0
bigger,3,1.3862943611198906,6,JJR,0.0,0.0
biting,1,0.6931471805599453,6,VBG,0.0,0.0
blacks,3,1.3862943611198906,6,NNS,0.0,0.0
blamed,1,0.6931471805599453,6,VBD,0.0,0.0
blocks,3,1.3862943611198906,6,NNS,0.0,0.0
bodily,1,0.6931471805599453,6,RB,0.0,0.0
border,1,0.6931471805599453,6,VB,0.0,0.0
borrow,2,1.0986122886681096,6,NN,0.0,0.0
boston,1,0.6931471805599453,6,NN,0.0,0.0
bought,1,0.6931471805599453,6,VBD,0.0,0.0
branch,1,0.6931471805599453,6,NN,0.0,0.0
breaks,1,0.6931471805599453,6,NNS,0.0,0.0
breath,1,0.6931471805599453,6,NN,0.0,0.0
bridge,4,1.6094379124341003,6,NN,0.0,0.0
bright,1,0.6931471805599453,6,JJ,0.0,0.0
brings,3,1.3862943611198906,6,NNS,0.0,0.0
builds,1,0.6931471805599453,6,NNS,0.0,0.0
buoyed,1,0.6931471805599453,6,VBD,0.0,0.0
burden,3,1.3862943611198906,6,JJ,0.0,0.0
bustle,1,0.6931471805599453,6,NN,0.0,0.0
called,27,3.332204510175204,6,VBN,0.0,0.0
canada,1,0.6931471805599453,6,VBP,0.0,0.0
cannot,20,3.044522437723423,6,JJ,0.0,0.0
career,1,0.6931471805599453,6,VBP,0.0,0.0
cattle,6,1.9459101490553132,6,NNS,0.0,0.0
caught,1,0.6931471805599453,6,VBD,0.0,0.0
caused,3,1.3862943611198906,6,JJ,0.0,0.0
ceased,2,1.0986122886681096,6,VBD,0.0,0.0
centre,1,0.6931471805599453,6,JJ,0.0,0.0
chairs,1,0.6931471805599453,6,NNS,0.0,0.0
chance,1,0.6931471805599453,6,NN,0.0,0.0
charge,1,0.6931471805599453,6,NN,0.0,0.0
chilly,1,0.6931471805599453,6,RB,0.0,0.0
choice,5,1.791759469228055,6,NN,0.0,0.0
chosen,4,1.6094379124341003,6,VBN,0.0,0.0
church,2,1.0986122886681096,6,NN,0.0,0.0
cinema,7,2.0794415416798357,6,NN,0.0,0.0
circle,2,1.0986122886681096,6,NN,0.0,0.0
circus,14,2.70805020110221,6,NN,0.0,0.0
cities,5,1.791759469228055,6,NNS,0.0,0.0
climax,1,0.6931471805599453,6,NNS,0.0,0.0
closed,3,1.3862943611198906,6,VBD,0.0,0.0
clowns,1,0.6931471805599453,6,NNS,0.0,0.0
colour,4,1.6094379124341003,6,JJ,0.0,0.0
coming,6,1.9459101490553132,6,VBG,0.0,0.0
common,17,2.8903717578961645,6,JJ,0.0,0.0
convey,5,1.791759469228055,6,NN,0.0,0.0
corner,1,0.6931471805599453,6,VBP,0.0,0.0
corpse,1,0.6931471805599453,6,JJ,0.0,0.0
couldn,2,1.0986122886681096,6,JJ,0.0,0.0
couple,1,0.6931471805599453,6,NN,0.0,0.0
course,14,2.70805020110221,6,NN,0.0,0.0
coward,1,0.6931471805599453,6,NN,0.0,0.0
create,7,2.0794415416798357,6,VBP,0.0,0.0
crusoe,8,2.1972245773362196,6,NN,0.0,0.0
cursed,1,0.6931471805599453,6,VBD,0.0,0.0
custom,2,1.0986122886681096,6,JJ,0.0,0.0
daniel,3,1.3862943611198906,6,NN,0.0,0.0
deadly,2,1.0986122886681096,6,RB,0.0,0.0
debtor,1,0.6931471805599453,6,NN,0.0,0.0
decent,1,0.6931471805599453,6,JJ,0.0,0.0
deeply,2,1.0986122886681096,6,RB,0.0,0.0
deever,4,1.6094379124341003,6,RB,0.0,0.0
defied,1,0.6931471805599453,6,VBN,0.0,0.0
define,5,1.791759469228055,6,JJ,0.0,0.0
denial,1,0.6931471805599453,6,JJ,0.0,0.0
depend,1,0.6931471805599453,6,JJ,0.0,0.0
detail,3,1.3862943611198906,6,NN,0.0,0.0
dharma,1,0.6931471805599453,6,NN,0.0,0.0
differ,1,0.6931471805599453,6,NN,0.0,0.0
direct,3,1.3862943611198906,6,JJ,0.0,0.0
dismal,1,0.6931471805599453,6,JJ,0.0,0.0
dollar,1,0.6931471805599453,6,NN,0.0,0.0
donkey,1,0.6931471805599453,6,NN,0.0,0.0
doubts,1,0.6931471805599453,6,NNS,0.0,0.0
dreamy,1,0.6931471805599453,6,VBP,0.0,0.0
driven,1,0.6931471805599453,6,VBN,0.0,0.0
during,14,2.70805020110221,6,IN,0.0,0.0
earned,1,0.6931471805599453,6,VBN,0.0,0.0
easily,7,2.0794415416798357,6,RB,0.0,0.0
effect,4,1.6094379124341003,6,NN,0.0,0.0
effort,4,1.6094379124341003,6,NN,0.0,0.0
either,5,1.791759469228055,6,CC,0.0,0.0
elders,1,0.6931471805599453,6,NNS,0.0,0.0
eldest,1,0.6931471805599453,6,VBP,0.0,0.0
empire,1,0.6931471805599453,6,NN,0.0,0.0
enable,2,1.0986122886681096,6,JJ,0.0,0.0
enacts,1,0.6931471805599453,6,NNS,0.0,0.0
engage,3,1.3862943611198906,6,NN,0.0,0.0
engine,1,0.6931471805599453,6,NN,0.0,0.0
enjoys,1,0.6931471805599453,6,VBZ,0.0,0.0
enough,3,1.3862943611198906,6,JJ,0.0,0.0
ensure,1,0.6931471805599453,6,VB,0.0,0.0
enters,4,1.6094379124341003,6,NNS,0.0,0.0
entire,6,1.9459101490553132,6,JJ,0.0,0.0
erased,1,0.6931471805599453,6,VBD,0.0,0.0
escape,4,1.6094379124341003,6,NN,0.0,0.0
eulogy,1,0.6931471805599453,6,NN,0.0,0.0
europe,11,2.4849066497880004,6,NN,0.0,0.0
events,8,2.1972245773362196,6,NNS,0.0,0.0
evokes,1,0.6931471805599453,6,NNS,0.0,0.0
except,4,1.6094379124341003,6,IN,0.0,0.0
excuse,1,0.6931471805599453,6,NN,0.0,0.0
exerts,1,0.6931471805599453,6,NNS,0.0,0.0
exists,2,1.0986122886681096,6,NNS,0.0,0.0
expect,2,1.0986122886681096,6,VBP,0.0,0.0
expose,1,0.6931471805599453,6,JJ,0.0,0.0
extent,1,0.6931471805599453,6,NN,0.0,0.0
failed,3,1.3862943611198906,6,VBD,0.0,0.0
fairly,1,0.6931471805599453,6,RB,0.0,0.0
fallen,4,1.6094379124341003,6,VBN,0.0,0.0
fallow,1,0.6931471805599453,6,JJ,0.0,0.0
family,23,3.1780538303479458,6,NN,0.0,0.0
famous,2,1.0986122886681096,6,JJ,0.0,0.0
father,12,2.5649493574615367,6,NN,0.0,0.0
faults,1,0.6931471805599453,6,NNS,0.0,0.0
fellow,2,1.0986122886681096,6,JJ,0.0,0.0
female,1,0.6931471805599453,6,NN,0.0,0.0
finest,1,0.6931471805599453,6,JJS,0.0,0.0
firmly,2,1.0986122886681096,6,RB,0.0,0.0
flying,1,0.6931471805599453,6,VBG,0.0,0.0
follow,1,0.6931471805599453,6,RB,0.0,0.0
forced,4,1.6094379124341003,6,VBN,0.0,0.0
forces,1,0.6931471805599453,6,NNS,0.0,0.0
forest,2,1.0986122886681096,6,RB,0.0,0.0
formal,2,1.0986122886681096,6,JJ,0.0,0.0
formed,1,0.6931471805599453,6,VBD,0.0,0.0
fought,4,1.6094379124341003,6,NN,0.0,0.0
framed,1,0.6931471805599453,6,VBN,0.0,0.0
france,5,1.791759469228055,6,RB,0.0,0.0
franco,1,0.6931471805599453,6,VBP,0.0,0.0
french,6,1.9459101490553132,6,JJ,0.0,0.0
friend,11,2.4849066497880004,6,NN,0.0,0.0
fruits,1,0.6931471805599453,6,NNS,0.0,0.0
future,3,1.3862943611198906,6,NN,0.0,0.0
gadget,1,0.6931471805599453,6,NN,0.0,0.0
gender,2,1.0986122886681096,6,JJ,0.0,0.0
genres,2,1.0986122886681096,6,NNS,0.0,0.0
george,2,1.0986122886681096,6,JJ,0.0,0.0
gifted,2,1.0986122886681096,6,VBD,0.0,0.0
giving,3,1.3862943611198906,6,VBG,0.0,0.0
gladly,2,1.0986122886681096,6,RB,0.0,0.0
godwin,3,1.3862943611198906,6,JJ,0.0,0.0
gossip,1,0.6931471805599453,6,VBP,0.0,0.0
gothic,2,1.0986122886681096,6,JJ,0.0,0.0
grapes,1,0.6931471805599453,6,VBZ,0.0,0.0
ground,2,1.0986122886681096,6,NN,0.0,0.0
groups,1,0.6931471805599453,6,NNS,0.0,0.0
growth,3,1.3862943611198906,6,NN,0.0,0.0
grunts,1,0.6931471805599453,6,NNS,0.0,0.0
guests,2,1.0986122886681096,6,NNS,0.0,0.0
habits,1,0.6931471805599453,6,NNS,0.0,0.0
hailed,1,0.6931471805599453,6,VBD,0.0,0.0
handed,1,0.6931471805599453,6,VBN,0.0,0.0
handle,1,0.6931471805599453,6,JJ,0.0,0.0
happen,1,0.6931471805599453,6,NNS,0.0,0.0
hardly,2,1.0986122886681096,6,RB,0.0,0.0
hatred,2,1.0986122886681096,6,JJ,0.0,0.0
having,4,1.6094379124341003,6,VBG,0.0,0.0
headed,3,1.3862943611198906,6,VBN,0.0,0.0
health,1,0.6931471805599453,6,NN,0.0,0.0
hearts,2,1.0986122886681096,6,NNS,0.0,0.0
heaven,1,0.6931471805599453,6,VBP,0.0,0.0
heaves,1,0.6931471805599453,6,NNS,0.0,0.0
height,1,0.6931471805599453,6,VBD,0.0,0.0
helped,4,1.6094379124341003,6,VBD,0.0,0.0
hester,9,2.302585092994046,6,JJ,0.0,0.0
hidden,1,0.6931471805599453,6,NN,0.0,0.0
hiding,2,1.0986122886681096,6,VBG,0.0,0.0
higher,5,1.791759469228055,6,JJR,0.0,0.0
highly,6,1.9459101490553132,6,RB,0.0,0.0
hinted,1,0.6931471805599453,6,JJ,0.0,0.0
honest,1,0.6931471805599453,6,NN,0.0,0.0
hoping,1,0.6931471805599453,6,VBG,0.0,0.0
horror,2,1.0986122886681096,6,NN,0.0,0.0
horses,1,0.6931471805599453,6,NNS,0.0,0.0
housed,1,0.6931471805599453,6,VBD,0.0,0.0
humans,3,1.3862943611198906,6,NNS,0.0,0.0
hunger,2,1.0986122886681096,6,RB,0.0,0.0
hunted,1,0.6931471805599453,6,VBD,0.0,0.0
hustle,1,0.6931471805599453,6,JJ,0.0,0.0
ideals,3,1.3862943611198906,6,NNS,0.0,0.0
images,7,2.0794415416798357,6,NNS,0.0,0.0
impact,4,1.6094379124341003,6,VBP,0.0,0.0
impart,3,1.3862943611198906,6,NN,0.0,0.0
income,1,0.6931471805599453,6,NN,0.0,0.0
indeed,7,2.0794415416798357,6,RB,0.0,0.0
indian,49,3.912023005428146,6,JJ,0.0,0.0
inside,1,0.6931471805599453,6,IN,0.0,0.0
insist,1,0.6931471805599453,6,JJ,0.0,0.0
intend,1,0.6931471805599453,6,JJ,0.0,0.0
intent,2,1.0986122886681096,6,NN,0.0,0.0
issues,10,2.3978952727983707,6,NNS,0.0,0.0
itself,14,2.70805020110221,6,PRP,0.0,0.0
judges,2,1.0986122886681096,6,NNS,0.0,0.0
jungle,2,1.0986122886681096,6,VBP,0.0,0.0
junior,1,0.6931471805599453,6,JJ,0.0,0.0
karmas,1,0.6931471805599453,6,FW,0.0,0.0
keenly,1,0.6931471805599453,6,RB,0.0,0.0
keller,11,2.4849066497880004,6,VB,0.0,0.0
killed,3,1.3862943611198906,6,VBN,0.0,0.0
labour,3,1.3862943611198906,6,VBP,0.0,0.0
larger,9,2.302585092994046,6,JJR,0.0,0.0
lashed,2,1.0986122886681096,6,VBD,0.0,0.0
latter,8,2.1972245773362196,6,JJ,0.0,0.0
leader,1,0.6931471805599453,6,NN,0.0,0.0
learns,4,1.6094379124341003,6,JJ,0.0,0.0
leaves,2,1.0986122886681096,6,NNS,0.0,0.0
letter,9,2.302585092994046,6,NN,0.0,0.0
levels,3,1.3862943611198906,6,NNS,0.0,0.0
lights,2,1.0986122886681096,6,RBR,0.0,0.0
likely,2,1.0986122886681096,6,JJ,0.0,0.0
limits,2,1.0986122886681096,6,NNS,0.0,0.0
linear,1,0.6931471805599453,6,VBP,0.0,0.0
linked,3,1.3862943611198906,6,VBN,0.0,0.0
listen,2,1.0986122886681096,6,VBP,0.0,0.0
litter,1,0.6931471805599453,6,JJR,0.0,0.0
little,12,2.5649493574615367,6,JJ,0.0,0.0
living,13,2.639057329615259,6,NN,0.0,0.0
london,2,1.0986122886681096,6,RBR,0.0,0.0
lonely,1,0.6931471805599453,6,RB,0.0,0.0
longer,3,1.3862943611198906,6,RBR,0.0,0.0
losing,1,0.6931471805599453,6,VBG,0.0,0.0
lovers,1,0.6931471805599453,6,NNS,0.0,0.0
mainly,2,1.0986122886681096,6,RB,0.0,0.0
making,13,2.639057329615259,6,VBG,0.0,0.0
manner,7,2.0794415416798357,6,NN,0.0,0.0
marked,4,1.6094379124341003,6,JJ,0.0,0.0
marker,1,0.6931471805599453,6,NN,0.0,0.0
market,3,1.3862943611198906,6,NN,0.0,0.0
master,6,1.9459101490553132,6,NN,0.0,0.0
matrix,1,0.6931471805599453,6,NN,0.0,0.0
matter,10,2.3978952727983707,6,NN,0.0,0.0
meddle,1,0.6931471805599453,6,JJ,0.0,0.0
member,2,1.0986122886681096,6,NN,0.0,0.0
memory,4,1.6094379124341003,6,NN,0.0,0.0
mental,6,1.9459101490553132,6,JJ,0.0,0.0
method,3,1.3862943611198906,6,JJ,0.0,0.0
middle,8,2.1972245773362196,6,JJ,0.0,0.0
midway,1,0.6931471805599453,6,NN,0.0,0.0
milieu,1,0.6931471805599453,6,NN,0.0,0.0
miners,2,1.0986122886681096,6,NNS,0.0,0.0
mining,4,1.6094379124341003,6,VBG,0.0,0.0
minute,2,1.0986122886681096,6,NN,0.0,0.0
mirror,1,0.6931471805599453,6,NN,0.0,0.0
mixing,1,0.6931471805599453,6,VBG,0.0,0.0
moment,3,1.3862943611198906,6,NN,0.0,0.0
monkey,2,1.0986122886681096,6,JJ,0.0,0.0
months,1,0.6931471805599453,6,NNS,0.0,0.0
morbid,1,0.6931471805599453,6,VBD,0.0,0.0
morris,1,0.6931471805599453,6,JJ,0.0,0.0
mostly,1,0.6931471805599453,6,RB,0.0,0.0
mother,22,3.1354942159291497,6,CC,0.0,0.0
motion,2,1.0986122886681096,6,NN,0.0,0.0
mounds,1,0.6931471805599453,6,NNS,0.0,0.0
mughal,1,0.6931471805599453,6,JJ,0.0,0.0
murder,1,0.6931471805599453,6,NN,0.0,0.0
muscle,1,0.6931471805599453,6,NN,0.0,0.0
muslim,1,0.6931471805599453,6,NN,0.0,0.0
myself,1,0.6931471805599453,6,PRP,0.0,0.0
nabbed,1,0.6931471805599453,6,VBD,0.0,0.0
namely,1,0.6931471805599453,6,RB,0.0,0.0
nation,7,2.0794415416798357,6,NN,0.0,0.0
nature,14,2.70805020110221,6,NN,0.0,0.0
nearly,2,1.0986122886681096,6,RB,0.0,0.0
needed,1,0.6931471805599453,6,VBN,0.0,0.0
needle,1,0.6931471805599453,6,JJ,0.0,0.0
nigger,2,1.0986122886681096,6,NN,0.0,0.0
noises,1,0.6931471805599453,6,VBZ,0.0,0.0
normal,3,1.3862943611198906,6,JJ,0.0,0.0
noting,1,0.6931471805599453,6,VBG,0.0,0.0
number,25,3.258096538021482,6,NN,0.0,0.0
nyagar,1,0.6931471805599453,6,JJ,0.0,0.0
obeyed,1,0.6931471805599453,6,JJ,0.0,0.0
obtain,2,1.0986122886681096,6,VB,0.0,0.0
octave,1,0.6931471805599453,6,VBP,0.0,0.0
office,2,1.0986122886681096,6,NN,0.0,0.0
origin,1,0.6931471805599453,6,JJ,0.0,0.0
others,7,2.0794415416798357,6,NNS,0.0,0.0
parody,1,0.6931471805599453,6,NN,0.0,0.0
parrot,2,1.0986122886681096,6,NN,0.0,0.0
parted,1,0.6931471805599453,6,VBD,0.0,0.0
pascal,10,2.3978952727983707,6,JJ,0.0,0.0
passed,4,1.6094379124341003,6,JJ,0.0,0.0
passes,4,1.6094379124341003,6,NNS,0.0,0.0
pedals,1,0.6931471805599453,6,NNS,0.0,0.0
people,46,3.8501476017100584,6,NNS,0.0,0.0
period,24,3.2188758248682006,6,NN,0.0,0.0
person,14,2.70805020110221,6,NN,0.0,0.0
pieces,8,2.1972245773362196,6,NNS,0.0,0.0
pinned,1,0.6931471805599453,6,VBD,0.0,0.0
placed,5,1.791759469228055,6,JJ,0.0,0.0
places,5,1.791759469228055,6,NNS,0.0,0.0
plight,2,1.0986122886681096,6,JJ,0.0,0.0
pocket,2,1.0986122886681096,6,NN,0.0,0.0
poetry,14,2.70805020110221,6,NN,0.0,0.0
police,4,1.6094379124341003,6,NN,0.0,0.0
policy,20,3.044522437723423,6,NN,0.0,0.0
powers,4,1.6094379124341003,6,NNS,0.0,0.0
pretty,1,0.6931471805599453,6,RB,0.0,0.0
priest,1,0.6931471805599453,6,VBP,0.0,0.0
profit,3,1.3862943611198906,6,NN,0.0,0.0
proved,2,1.0986122886681096,6,VBD,0.0,0.0
public,3,1.3862943611198906,6,JJ,0.0,0.0
pulled,2,1.0986122886681096,6,VBN,0.0,0.0
pulses,1,0.6931471805599453,6,NNS,0.0,0.0
punter,1,0.6931471805599453,6,RBR,0.0,0.0
pursue,1,0.6931471805599453,6,VB,0.0,0.0
pushed,3,1.3862943611198906,6,VBN,0.0,0.0
raised,1,0.6931471805599453,6,VBD,0.0,0.0
raises,1,0.6931471805599453,6,NNS,0.0,0.0
reader,38,3.6635616461296463,6,VBP,0.0,0.0
reason,11,2.4849066497880004,6,NN,0.0,0.0
record,1,0.6931471805599453,6,NN,0.0,0.0
refers,8,2.1972245773362196,6,NNS,0.0,0.0
reform,7,2.0794415416798357,6,VBP,0.0,0.0
refuge,1,0.6931471805599453,6,JJ,0.0,0.0
regard,3,1.3862943611198906,6,NN,0.0,0.0
regime,4,1.6094379124341003,6,NN,0.0,0.0
region,5,1.791759469228055,6,NN,0.0,0.0
relate,2,1.0986122886681096,6,NN,0.0,0.0
relief,2,1.0986122886681096,6,NN,0.0,0.0
remain,2,1.0986122886681096,6,VBP,0.0,0.0
remote,1,0.6931471805599453,6,JJ,0.0,0.0
repeat,3,1.3862943611198906,6,NN,0.0,0.0
rescue,1,0.6931471805599453,6,NN,0.0,0.0
result,6,1.9459101490553132,6,NN,0.0,0.0
return,6,1.9459101490553132,6,NN,0.0,0.0
revamp,1,0.6931471805599453,6,NN,0.0,0.0
reveal,1,0.6931471805599453,6,NN,0.0,0.0
rights,5,1.791759469228055,6,NNS,0.0,0.0
rishis,1,0.6931471805599453,6,VBP,0.0,0.0
ritual,1,0.6931471805599453,6,NN,0.0,0.0
roared,1,0.6931471805599453,6,VBD,0.0,0.0
rolled,1,0.6931471805599453,6,JJ,0.0,0.0
rooted,3,1.3862943611198906,6,VBN,0.0,0.0
rounds,1,0.6931471805599453,6,NNS,0.0,0.0
runner,1,0.6931471805599453,6,NN,0.0,0.0
ruskin,1,0.6931471805599453,6,NN,0.0,0.0
safety,1,0.6931471805599453,6,NN,0.0,0.0
saucer,2,1.0986122886681096,6,NN,0.0,0.0
saving,1,0.6931471805599453,6,VBG,0.0,0.0
saying,2,1.0986122886681096,6,VBG,0.0,0.0
scenes,1,0.6931471805599453,6,NNS,0.0,0.0
scheme,3,1.3862943611198906,6,JJ,0.0,0.0
school,11,2.4849066497880004,6,NN,0.0,0.0
scores,1,0.6931471805599453,6,NNS,0.0,0.0
search,4,1.6094379124341003,6,VBP,0.0,0.0
second,18,2.9444389791664403,6,JJ,0.0,0.0
secret,1,0.6931471805599453,6,JJ,0.0,0.0
secure,2,1.0986122886681096,6,NN,0.0,0.0
seeing,3,1.3862943611198906,6,NN,0.0,0.0
seized,2,1.0986122886681096,6,JJ,0.0,0.0
series,6,1.9459101490553132,6,NN,0.0,0.0
settle,1,0.6931471805599453,6,JJ,0.0,0.0
severe,3,1.3862943611198906,6,JJ,0.0,0.0
shadow,1,0.6931471805599453,6,NN,0.0,0.0
shamba,1,0.6931471805599453,6,NN,0.0,0.0
shared,2,1.0986122886681096,6,VBD,0.0,0.0
shield,1,0.6931471805599453,6,JJ,0.0,0.0
should,11,2.4849066497880004,6,MD,0.0,0.0
showed,3,1.3862943611198906,6,VB,0.0,0.0
sifted,1,0.6931471805599453,6,VBN,0.0,0.0
signal,1,0.6931471805599453,6,JJ,0.0,0.0
simple,6,1.9459101490553132,6,NN,0.0,0.0
simply,5,1.791759469228055,6,RB,0.0,0.0
single,6,1.9459101490553132,6,JJ,0.0,0.0
sister,4,1.6094379124341003,6,NN,0.0,0.0
skills,1,0.6931471805599453,6,NNS,0.0,0.0
slaves,2,1.0986122886681096,6,NNS,0.0,0.0
slight,3,1.3862943611198906,6,VBD,0.0,0.0
slowed,1,0.6931471805599453,6,VBN,0.0,0.0
smooth,2,1.0986122886681096,6,RBR,0.0,0.0
soiled,1,0.6931471805599453,6,VBD,0.0,0.0
sorrow,1,0.6931471805599453,6,NN,0.0,0.0
sounds,33,3.5263605246161616,6,NNS,0.0,0.0
source,9,2.302585092994046,6,NN,0.0,0.0
soviet,1,0.6931471805599453,6,JJ,0.0,0.0
spaces,1,0.6931471805599453,6,NNS,0.0,0.0
spared,1,0.6931471805599453,6,VBD,0.0,0.0
speaks,2,1.0986122886681096,6,NNS,0.0,0.0
specks,1,0.6931471805599453,6,NNS,0.0,0.0
speech,28,3.367295829986474,6,VBP,0.0,0.0
speedy,1,0.6931471805599453,6,JJ,0.0,0.0
spirit,7,2.0794415416798357,6,NN,0.0,0.0
splits,1,0.6931471805599453,6,NNS,0.0,0.0
sports,1,0.6931471805599453,6,NNS,0.0,0.0
square,2,1.0986122886681096,6,RBR,0.0,0.0
stages,2,1.0986122886681096,6,NNS,0.0,0.0
stands,3,1.3862943611198906,6,VBZ,0.0,0.0
starts,1,0.6931471805599453,6,NNS,0.0,0.0
states,5,1.791759469228055,6,NNS,0.0,0.0
status,5,1.791759469228055,6,NN,0.0,0.0
sticks,1,0.6931471805599453,6,NNS,0.0,0.0
stitch,1,0.6931471805599453,6,VBP,0.0,0.0
stolen,2,1.0986122886681096,6,VBN,0.0,0.0
stores,2,1.0986122886681096,6,NNS,0.0,0.0
strays,1,0.6931471805599453,6,VBZ,0.0,0.0
stream,14,2.70805020110221,6,NN,0.0,0.0
street,3,1.3862943611198906,6,NN,0.0,0.0
string,2,1.0986122886681096,6,NN,0.0,0.0
strong,7,2.0794415416798357,6,JJ,0.0,0.0
styles,1,0.6931471805599453,6,NNS,0.0,0.0
subdue,2,1.0986122886681096,6,JJ,0.0,0.0
sudden,3,1.3862943611198906,6,JJ,0.0,0.0
suffer,2,1.0986122886681096,6,NN,0.0,0.0
suited,2,1.0986122886681096,6,VBD,0.0,0.0
supply,2,1.0986122886681096,6,NN,0.0,0.0
survey,1,0.6931471805599453,6,NN,0.0,0.0
symbol,6,1.9459101490553132,6,NN,0.0,0.0
system,22,3.1354942159291497,6,NN,0.0,0.0
tackle,2,1.0986122886681096,6,JJ,0.0,0.0
taking,8,2.1972245773362196,6,VBG,0.0,0.0
tandem,1,0.6931471805599453,6,NN,0.0,0.0
taught,4,1.6094379124341003,6,NN,0.0,0.0
teamed,1,0.6931471805599453,6,VBD,0.0,0.0
temper,2,1.0986122886681096,6,NN,0.0,0.0
tended,1,0.6931471805599453,6,VBD,0.0,0.0
thefts,1,0.6931471805599453,6,NNS,0.0,0.0
theirs,2,1.0986122886681096,6,PRP,0.0,0.0
themes,4,1.6094379124341003,6,RB,0.0,0.0
theory,11,2.4849066497880004,6,JJ,0.0,0.0
things,16,2.833213344056216,6,NNS,0.0,0.0
thinks,4,1.6094379124341003,6,NNS,0.0,0.0
thirst,1,0.6931471805599453,6,RB,0.0,0.0
though,13,2.639057329615259,6,IN,0.0,0.0
thread,1,0.6931471805599453,6,JJ,0.0,0.0
thrust,1,0.6931471805599453,6,RB,0.0,0.0
traces,1,0.6931471805599453,6,NNS,0.0,0.0
trains,1,0.6931471805599453,6,NNS,0.0,0.0
trauma,1,0.6931471805599453,6,VBP,0.0,0.0
treats,1,0.6931471805599453,6,NNS,0.0,0.0
tricks,3,1.3862943611198906,6,NNS,0.0,0.0
trophy,1,0.6931471805599453,6,NN,0.0,0.0
trough,2,1.0986122886681096,6,IN,0.0,0.0
truest,1,0.6931471805599453,6,JJ,0.0,0.0
truths,1,0.6931471805599453,6,NNS,0.0,0.0
trying,6,1.9459101490553132,6,VBG,0.0,0.0
turned,3,1.3862943611198906,6,VBD,0.0,0.0
twenty,9,2.302585092994046,6,JJ,0.0,0.0
unable,4,1.6094379124341003,6,JJ,0.0,0.0
unfold,1,0.6931471805599453,6,JJ,0.0,0.0
unique,5,1.791759469228055,6,NN,0.0,0.0
united,3,1.3862943611198906,6,VBD,0.0,0.0
unlike,7,2.0794415416798357,6,IN,0.0,0.0
unseen,1,0.6931471805599453,6,JJ,0.0,0.0
uphold,1,0.6931471805599453,6,JJ,0.0,0.0
upkeep,2,1.0986122886681096,6,JJ,0.0,0.0
urgent,1,0.6931471805599453,6,NN,0.0,0.0
useful,3,1.3862943611198906,6,JJ,0.0,0.0
values,6,1.9459101490553132,6,NNS,0.0,0.0
vanity,1,0.6931471805599453,6,NN,0.0,0.0
vcr[s],1,0.6931471805599453,6,VBP,0.0,0.0
victim,1,0.6931471805599453,6,NN,0.0,0.0
victor,19,2.995732273553991,6,NN,0.0,0.0
visits,1,0.6931471805599453,6,NNS,0.0,0.0
visual,6,1.9459101490553132,6,JJ,0.0,0.0
voices,2,1.0986122886681096,6,NNS,0.0,0.0
waited,2,1.0986122886681096,6,VBD,0.0,0.0
waking,1,0.6931471805599453,6,VBG,0.0,0.0
walked,2,1.0986122886681096,6,JJ,0.0,0.0
walter,2,1.0986122886681096,6,NN,0.0,0.0
walton,5,1.791759469228055,6,NN,0.0,0.0
wanted,5,1.791759469228055,6,VBD,0.0,0.0
warned,2,1.0986122886681096,6,VBD,0.0,0.0
watery,1,0.6931471805599453,6,NN,0.0,0.0
wealth,3,1.3862943611198906,6,NN,0.0,0.0
weapon,2,1.0986122886681096,6,NN,0.0,0.0
welded,1,0.6931471805599453,6,VBD,0.0,0.0
whites,2,1.0986122886681096,6,NNS,0.0,0.0
wilder,1,0.6931471805599453,6,VBP,0.0,0.0
wildly,1,0.6931471805599453,6,RB,0.0,0.0
winter,1,0.6931471805599453,6,JJ,0.0,0.0
wished,2,1.0986122886681096,6,VBD,0.0,0.0
wishes,2,1.0986122886681096,6,NNS,0.0,0.0
within,12,2.5649493574615367,6,IN,0.0,0.0
wonder,3,1.3862943611198906,6,NN,0.0,0.0
wooded,1,0.6931471805599453,6,VBD,0.0,0.0
worked,6,1.9459101490553132,6,JJ,0.0,0.0
worlds,2,1.0986122886681096,6,NNS,0.0,0.0
writer,31,3.4657359027997265,6,NN,0.0,0.0
writes,1,0.6931471805599453,6,NNS,0.0,0.0
yellow,1,0.6931471805599453,6,JJ,0.0,0.0
ability,5,1.791759469228055,7,NN,0.0,0.0
absence,4,1.6094379124341003,7,JJ,0.0,0.0
acquire,5,1.791759469228055,7,VB,0.0,0.0
actions,5,1.791759469228055,7,NNS,0.0,0.0
address,1,0.6931471805599453,7,RB,0.0,0.0
advises,2,1.0986122886681096,7,VBZ,0.0,0.0
affairs,2,1.0986122886681096,7,NNS,0.0,0.0
african,10,2.3978952727983707,7,JJ,0.0,0.0
against,15,2.772588722239781,7,IN,0.0,0.0
alcohol,3,1.3862943611198906,7,NN,0.0,0.0
allowed,2,1.0986122886681096,7,VBN,0.0,0.0
already,6,1.9459101490553132,7,RB,0.0,0.0
altered,2,1.0986122886681096,7,VBN,0.0,0.0
analyse,3,1.3862943611198906,7,NN,0.0,0.0
anatomy,1,0.6931471805599453,7,JJ,0.0,0.0
ancient,8,2.1972245773362196,7,JJ,0.0,0.0
animals,22,3.1354942159291497,7,NNS,0.0,0.0
answers,1,0.6931471805599453,7,NNS,0.0,0.0
arguing,2,1.0986122886681096,7,VBG,0.0,0.0
arrests,1,0.6931471805599453,7,NNS,0.0,0.0
arrival,1,0.6931471805599453,7,VBP,0.0,0.0
arrives,1,0.6931471805599453,7,NNS,0.0,0.0
article,1,0.6931471805599453,7,NN,0.0,0.0
artists,1,0.6931471805599453,7,NNS,0.0,0.0
ashamed,1,0.6931471805599453,7,VBD,0.0,0.0
aspects,6,1.9459101490553132,7,NNS,0.0,0.0
athlete,3,1.3862943611198906,7,NN,0.0,0.0
attempt,4,1.6094379124341003,7,VBP,0.0,0.0
augment,1,0.6931471805599453,7,JJ,0.0,0.0
authors,3,1.3862943611198906,7,NNS,0.0,0.0
average,3,1.3862943611198906,7,JJ,0.0,0.0
balance,1,0.6931471805599453,7,NN,0.0,0.0
bamford,3,1.3862943611198906,7,NN,0.0,0.0
battery,1,0.6931471805599453,7,NN,0.0,0.0
because,26,3.295836866004329,7,RB,0.0,0.0
becomes,10,2.3978952727983707,7,VBZ,0.0,0.0
bedrock,1,0.6931471805599453,7,NN,0.0,0.0
beliefs,1,0.6931471805599453,7,NNS,0.0,0.0
believe,6,1.9459101490553132,7,VBP,0.0,0.0
between,46,3.8501476017100584,7,IN,0.0,0.0
bicycle,1,0.6931471805599453,7,NN,0.0,0.0
blazing,1,0.6931471805599453,7,NN,0.0,0.0
blinded,1,0.6931471805599453,7,VBN,0.0,0.0
blindly,1,0.6931471805599453,7,RB,0.0,0.0
bluntly,1,0.6931471805599453,7,RB,0.0,0.0
bonfire,1,0.6931471805599453,7,NN,0.0,0.0
bottoms,3,1.3862943611198906,7,NNS,0.0,0.0
branded,1,0.6931471805599453,7,VBD,0.0,0.0
bribing,1,0.6931471805599453,7,NN,0.0,0.0
brinded,1,0.6931471805599453,7,VBD,0.0,0.0
britain,2,1.0986122886681096,7,NN,0.0,0.0
british,16,2.833213344056216,7,JJ,0.0,0.0
brother,2,1.0986122886681096,7,RB,0.0,0.0
buffalo,3,1.3862943611198906,7,RP,0.0,0.0
bulging,2,1.0986122886681096,7,VBG,0.0,0.0
burning,1,0.6931471805599453,7,VBG,0.0,0.0
caliban,1,0.6931471805599453,7,NN,0.0,0.0
cancels,1,0.6931471805599453,7,NNS,0.0,0.0
capable,3,1.3862943611198906,7,JJ,0.0,0.0
captain,32,3.4965075614664802,7,VBP,0.0,0.0
carlyle,7,2.0794415416798357,7,NN,0.0,0.0
carried,2,1.0986122886681096,7,VBD,0.0,0.0
carries,1,0.6931471805599453,7,VBZ,0.0,0.0
carroll,1,0.6931471805599453,7,NN,0.0,0.0
cartoon,1,0.6931471805599453,7,NN,0.0,0.0
causing,1,0.6931471805599453,7,VBG,0.0,0.0
central,5,1.791759469228055,7,JJ,0.0,0.0
century,19,2.995732273553991,7,NN,0.0,0.0
changes,8,2.1972245773362196,7,NNS,0.0,0.0
charges,1,0.6931471805599453,7,NNS,0.0,0.0
charity,1,0.6931471805599453,7,NN,0.0,0.0
chasing,2,1.0986122886681096,7,VBG,0.0,0.0
chicago,1,0.6931471805599453,7,NN,0.0,0.0
circles,1,0.6931471805599453,7,NNS,0.0,0.0
citizen,6,1.9459101490553132,7,NNS,0.0,0.0
clamour,1,0.6931471805599453,7,JJ,0.0,0.0
clashes,1,0.6931471805599453,7,NNS,0.0,0.0
classes,3,1.3862943611198906,7,NNS,0.0,0.0
clearer,1,0.6931471805599453,7,VBP,0.0,0.0
clearly,7,2.0794415416798357,7,RB,0.0,0.0
climate,1,0.6931471805599453,7,VBP,0.0,0.0
closely,1,0.6931471805599453,7,RB,0.0,0.0
coexist,2,1.0986122886681096,7,NN,0.0,0.0
coleman,1,0.6931471805599453,7,NN,0.0,0.0
comfort,1,0.6931471805599453,7,NN,0.0,0.0
company,7,2.0794415416798357,7,NN,0.0,0.0
complex,11,2.4849066497880004,7,NN,0.0,0.0
concept,3,1.3862943611198906,7,NN,0.0,0.0
confirm,1,0.6931471805599453,7,VBP,0.0,0.0
conform,2,1.0986122886681096,7,NN,0.0,0.0
console,1,0.6931471805599453,7,NN,0.0,0.0
control,5,1.791759469228055,7,NN,0.0,0.0
corpses,1,0.6931471805599453,7,NNS,0.0,0.0
counter,4,1.6094379124341003,7,JJ,0.0,0.0
country,10,2.3978952727983707,7,NN,0.0,0.0
courage,2,1.0986122886681096,7,NN,0.0,0.0
cradled,1,0.6931471805599453,7,VBN,0.0,0.0
created,4,1.6094379124341003,7,VBN,0.0,0.0
creates,4,1.6094379124341003,7,NNS,0.0,0.0
creator,4,1.6094379124341003,7,VBP,0.0,0.0
crucial,4,1.6094379124341003,7,JJ,0.0,0.0
curious,1,0.6931471805599453,7,JJ,0.0,0.0
current,5,1.791759469228055,7,JJ,0.0,0.0
customs,1,0.6931471805599453,7,NNS,0.0,0.0
dadhaji,7,2.0794415416798357,7,VBP,0.0,0.0
dancing,1,0.6931471805599453,7,NN,0.0,0.0
dappled,4,1.6094379124341003,7,VBD,0.0,0.0
decline,3,1.3862943611198906,7,NN,0.0,0.0
deevers,1,0.6931471805599453,7,NNS,0.0,0.0
defarge,1,0.6931471805599453,7,VBP,0.0,0.0
defends,1,0.6931471805599453,7,NNS,0.0,0.0
defined,6,1.9459101490553132,7,VBD,0.0,0.0
defines,2,1.0986122886681096,7,NNS,0.0,0.0
demands,3,1.3862943611198906,7,NNS,0.0,0.0
departs,1,0.6931471805599453,7,NNS,0.0,0.0
depicts,1,0.6931471805599453,7,NNS,0.0,0.0
desired,1,0.6931471805599453,7,VBD,0.0,0.0
desires,2,1.0986122886681096,7,NNS,0.0,0.0
develop,1,0.6931471805599453,7,JJ,0.0,0.0
devoted,4,1.6094379124341003,7,VBN,0.0,0.0
devotee,1,0.6931471805599453,7,NN,0.0,0.0
diamond,2,1.0986122886681096,7,NN,0.0,0.0
dickens,11,2.4849066497880004,7,VBZ,0.0,0.0
differs,1,0.6931471805599453,7,NNS,0.0,0.0
discuss,2,1.0986122886681096,7,JJ,0.0,0.0
disgust,1,0.6931471805599453,7,NN,0.0,0.0
distant,1,0.6931471805599453,7,JJ,0.0,0.0
diverse,2,1.0986122886681096,7,NN,0.0,0.0
divided,4,1.6094379124341003,7,VBD,0.0,0.0
divorce,1,0.6931471805599453,7,NN,0.0,0.0
dollars,1,0.6931471805599453,7,NNS,0.0,0.0
donkeys,1,0.6931471805599453,7,VBP,0.0,0.0
doorway,2,1.0986122886681096,7,RB,0.0,0.0
douglas,1,0.6931471805599453,7,JJ,0.0,0.0
drawing,2,1.0986122886681096,7,VBG,0.0,0.0
drinker,2,1.0986122886681096,7,NN,0.0,0.0
driving,1,0.6931471805599453,7,NN,0.0,0.0
dropped,1,0.6931471805599453,7,VBD,0.0,0.0
dynamic,1,0.6931471805599453,7,JJ,0.0,0.0
earlier,12,2.5649493574615367,7,RBR,0.0,0.0
eastern,2,1.0986122886681096,7,JJ,0.0,0.0
economy,2,1.0986122886681096,7,NN,0.0,0.0
edwidge,1,0.6931471805599453,7,NN,0.0,0.0
effects,4,1.6094379124341003,7,NNS,0.0,0.0
elbowed,1,0.6931471805599453,7,VBD,0.0,0.0
ellison,1,0.6931471805599453,7,NN,0.0,0.0
emerged,2,1.0986122886681096,7,VBD,0.0,0.0
empathy,1,0.6931471805599453,7,JJ,0.0,0.0
endless,2,1.0986122886681096,7,JJ,0.0,0.0
enemies,2,1.0986122886681096,7,NNS,0.0,0.0
england,12,2.5649493574615367,7,VBP,0.0,0.0
english,66,4.204692619390966,7,JJ,0.0,0.0
entered,3,1.3862943611198906,7,JJ,0.0,0.0
equaled,1,0.6931471805599453,7,VBD,0.0,0.0
escaped,2,1.0986122886681096,7,JJ,0.0,0.0
essence,2,1.0986122886681096,7,NN,0.0,0.0
eternal,1,0.6931471805599453,7,JJ,0.0,0.0
evening,1,0.6931471805599453,7,NN,0.0,0.0
evolved,2,1.0986122886681096,7,JJ,0.0,0.0
examine,3,1.3862943611198906,7,VBP,0.0,0.0
example,13,2.639057329615259,7,NN,0.0,0.0
excuses,1,0.6931471805599453,7,NNS,0.0,0.0
exhumed,1,0.6931471805599453,7,RB,0.0,0.0
explain,4,1.6094379124341003,7,NN,0.0,0.0
explore,3,1.3862943611198906,7,RB,0.0,0.0
express,5,1.791759469228055,7,JJ,0.0,0.0
extreme,4,1.6094379124341003,7,JJ,0.0,0.0
eyebrow,2,1.0986122886681096,7,VBP,0.0,0.0
ezekiel,2,1.0986122886681096,7,JJ,0.0,0.0
factors,3,1.3862943611198906,7,NNS,0.0,0.0
failure,2,1.0986122886681096,7,NN,0.0,0.0
falling,1,0.6931471805599453,7,VBG,0.0,0.0
farmers,1,0.6931471805599453,7,NNS,0.0,0.0
feeding,1,0.6931471805599453,7,NN,0.0,0.0
feeling,3,1.3862943611198906,7,VBG,0.0,0.0
fending,1,0.6931471805599453,7,VBG,0.0,0.0
fertile,1,0.6931471805599453,7,NN,0.0,0.0
fetched,1,0.6931471805599453,7,VBN,0.0,0.0
figures,3,1.3862943611198906,7,VBZ,0.0,0.0
finally,5,1.791759469228055,7,RB,0.0,0.0
finches,1,0.6931471805599453,7,NNS,0.0,0.0
firstly,2,1.0986122886681096,7,RB,0.0,0.0
flowing,1,0.6931471805599453,7,VBG,0.0,0.0
focused,1,0.6931471805599453,7,JJ,0.0,0.0
follies,1,0.6931471805599453,7,NNS,0.0,0.0
follows,2,1.0986122886681096,7,VBZ,0.0,0.0
foolish,1,0.6931471805599453,7,JJ,0.0,0.0
forests,1,0.6931471805599453,7,NNS,0.0,0.0
forgets,2,1.0986122886681096,7,NNS,0.0,0.0
forming,1,0.6931471805599453,7,VBG,0.0,0.0
fortify,1,0.6931471805599453,7,NN,0.0,0.0
fortune,1,0.6931471805599453,7,VBZ,0.0,0.0
forward,1,0.6931471805599453,7,JJ,0.0,0.0
freshly,1,0.6931471805599453,7,RB,0.0,0.0
friends,6,1.9459101490553132,7,NNS,0.0,0.0
fulfill,1,0.6931471805599453,7,VBP,0.0,0.0
fullest,1,0.6931471805599453,7,JJS,0.0,0.0
gathers,1,0.6931471805599453,7,NNS,0.0,0.0
general,3,1.3862943611198906,7,JJ,0.0,0.0
genevan,1,0.6931471805599453,7,NN,0.0,0.0
germany,1,0.6931471805599453,7,JJ,0.0,0.0
getting,2,1.0986122886681096,7,VBG,0.0,0.0
glowing,1,0.6931471805599453,7,VBG,0.0,0.0
greater,6,1.9459101490553132,7,JJR,0.0,0.0
greatly,1,0.6931471805599453,7,RB,0.0,0.0
guiding,2,1.0986122886681096,7,VBG,0.0,0.0
gunshot,1,0.6931471805599453,7,JJ,0.0,0.0
haitian,1,0.6931471805599453,7,JJ,0.0,0.0
hanging,1,0.6931471805599453,7,NN,0.0,0.0
happens,7,2.0794415416798357,7,VBZ,0.0,0.0
harmony,1,0.6931471805599453,7,JJ,0.0,0.0
hasodzi,1,0.6931471805599453,7,NN,0.0,0.0
heeding,1,0.6931471805599453,7,VBG,0.0,0.0
helping,1,0.6931471805599453,7,VBG,0.0,0.0
herbert,1,0.6931471805599453,7,VB,0.0,0.0
herself,10,2.3978952727983707,7,PRP,0.0,0.0
hideous,1,0.6931471805599453,7,JJ,0.0,0.0
himself,8,2.1972245773362196,7,PRP,0.0,0.0
history,30,3.4339872044851463,7,NN,0.0,0.0
holding,2,1.0986122886681096,7,VBG,0.0,0.0
holiday,1,0.6931471805599453,7,NN,0.0,0.0
honesty,1,0.6931471805599453,7,NN,0.0,0.0
hopkins,5,1.791759469228055,7,NNS,0.0,0.0
hostile,1,0.6931471805599453,7,JJ,0.0,0.0
housing,1,0.6931471805599453,7,NN,0.0,0.0
however,27,3.332204510175204,7,RB,0.0,0.0
hundred,4,1.6094379124341003,7,VBD,0.0,0.0
hunting,7,2.0794415416798357,7,VBG,0.0,0.0
hurdles,1,0.6931471805599453,7,NNS,0.0,0.0
husband,2,1.0986122886681096,7,NN,0.0,0.0
imagery,4,1.6094379124341003,7,NN,0.0,0.0
imagine,2,1.0986122886681096,7,NN,0.0,0.0
implied,1,0.6931471805599453,7,JJ,0.0,0.0
implies,2,1.0986122886681096,7,NNS,0.0,0.0
indians,13,2.639057329615259,7,NNS,0.0,0.0
indulge,1,0.6931471805599453,7,VBP,0.0,0.0
initial,1,0.6931471805599453,7,JJ,0.0,0.0
insight,1,0.6931471805599453,7,NN,0.0,0.0
insists,1,0.6931471805599453,7,NNS,0.0,0.0
inspire,1,0.6931471805599453,7,VBP,0.0,0.0
inspite,1,0.6931471805599453,7,JJ,0.0,0.0
instead,5,1.791759469228055,7,RB,0.0,0.0
isolate,1,0.6931471805599453,7,JJ,0.0,0.0
italian,1,0.6931471805599453,7,JJ,0.0,0.0
jacques,1,0.6931471805599453,7,NNS,0.0,0.0
jewelry,1,0.6931471805599453,7,NN,0.0,0.0
joining,1,0.6931471805599453,7,VBG,0.0,0.0
journal,1,0.6931471805599453,7,JJ,0.0,0.0
justice,3,1.3862943611198906,7,NN,0.0,0.0
kellers,1,0.6931471805599453,7,NNS,0.0,0.0
killing,1,0.6931471805599453,7,VBG,0.0,0.0
knitted,1,0.6931471805599453,7,VBN,0.0,0.0
knowest,2,1.0986122886681096,7,JJS,0.0,0.0
lacking,1,0.6931471805599453,7,VBG,0.0,0.0
laments,2,1.0986122886681096,7,NNS,0.0,0.0
leaders,1,0.6931471805599453,7,NNS,0.0,0.0
leading,2,1.0986122886681096,7,VBG,0.0,0.0
learned,4,1.6094379124341003,7,JJ,0.0,0.0
leaving,1,0.6931471805599453,7,VBG,0.0,0.0
lenders,1,0.6931471805599453,7,NNS,0.0,0.0
lessons,5,1.791759469228055,7,NNS,0.0,0.0
letting,2,1.0986122886681096,7,VBG,0.0,0.0
liberal,4,1.6094379124341003,7,JJ,0.0,0.0
library,2,1.0986122886681096,7,NN,0.0,0.0
license,1,0.6931471805599453,7,NN,0.0,0.0
liddell,1,0.6931471805599453,7,NN,0.0,0.0
limited,5,1.791759469228055,7,JJ,0.0,0.0
longest,1,0.6931471805599453,7,JJS,0.0,0.0
longing,1,0.6931471805599453,7,VBG,0.0,0.0
looking,12,2.5649493574615367,7,VBG,0.0,0.0
luthuli,1,0.6931471805599453,7,NN,0.0,0.0
machine,1,0.6931471805599453,7,NN,0.0,0.0
malgudi,8,2.1972245773362196,7,NN,0.0,0.0
manages,2,1.0986122886681096,7,VBZ,0.0,0.0
mankind,1,0.6931471805599453,7,IN,0.0,0.0
marathi,2,1.0986122886681096,7,JJ,0.0,0.0
marches,1,0.6931471805599453,7,NNS,0.0,0.0
masters,4,1.6094379124341003,7,NNS,0.0,0.0
matters,3,1.3862943611198906,7,NNS,0.0,0.0
maureen,5,1.791759469228055,7,VBP,0.0,0.0
meaning,15,2.772588722239781,7,VBG,0.0,0.0
medical,1,0.6931471805599453,7,JJ,0.0,0.0
members,10,2.3978952727983707,7,NNS,0.0,0.0
mention,2,1.0986122886681096,7,NN,0.0,0.0
methods,5,1.791759469228055,7,NNS,0.0,0.0
million,1,0.6931471805599453,7,CD,0.0,0.0
minutes,2,1.0986122886681096,7,NNS,0.0,0.0
missing,3,1.3862943611198906,7,VBG,0.0,0.0
mission,1,0.6931471805599453,7,NN,0.0,0.0
moments,1,0.6931471805599453,7,NNS,0.0,0.0
monster,9,2.302585092994046,7,RBR,0.0,0.0
morally,3,1.3862943611198906,7,RB,0.0,0.0
morning,2,1.0986122886681096,7,NN,0.0,0.0
mundane,1,0.6931471805599453,7,NN,0.0,0.0
murders,1,0.6931471805599453,7,NNS,0.0,0.0
muscles,5,1.791759469228055,7,NNS,0.0,0.0
mystery,2,1.0986122886681096,7,VBP,0.0,0.0
nations,1,0.6931471805599453,7,NNS,0.0,0.0
natives,2,1.0986122886681096,7,NNS,0.0,0.0
natural,4,1.6094379124341003,7,JJ,0.0,0.0
naughty,1,0.6931471805599453,7,RB,0.0,0.0
nearest,1,0.6931471805599453,7,JJS,0.0,0.0
nearing,1,0.6931471805599453,7,VBG,0.0,0.0
negates,1,0.6931471805599453,7,NNS,0.0,0.0
neutral,1,0.6931471805599453,7,JJ,0.0,0.0
nothing,4,1.6094379124341003,7,NN,0.0,0.0
numbers,3,1.3862943611198906,7,NNS,0.0,0.0
objects,1,0.6931471805599453,7,NNS,0.0,0.0
obvious,1,0.6931471805599453,7,JJ,0.0,0.0
odyssey,1,0.6931471805599453,7,NN,0.0,0.0
offered,4,1.6094379124341003,7,VBD,0.0,0.0
officer,2,1.0986122886681096,7,NN,0.0,0.0
opening,3,1.3862943611198906,7,VBG,0.0,0.0
opinion,5,1.791759469228055,7,NN,0.0,0.0
opposes,1,0.6931471805599453,7,NNS,0.0,0.0
outfits,1,0.6931471805599453,7,JJ,0.0,0.0
outings,1,0.6931471805599453,7,NNS,0.0,0.0
outlook,2,1.0986122886681096,7,NN,0.0,0.0
outside,9,2.302585092994046,7,IN,0.0,0.0
overall,4,1.6094379124341003,7,JJ,0.0,0.0
painful,1,0.6931471805599453,7,NN,0.0,0.0
painted,1,0.6931471805599453,7,VBD,0.0,0.0
painter,2,1.0986122886681096,7,NN,0.0,0.0
parents,2,1.0986122886681096,7,NNS,0.0,0.0
partial,1,0.6931471805599453,7,JJ,0.0,0.0
partner,1,0.6931471805599453,7,NN,0.0,0.0
passage,5,1.791759469228055,7,NN,0.0,0.0
patches,1,0.6931471805599453,7,NNS,0.0,0.0
pattern,12,2.5649493574615367,7,NN,0.0,0.0
percent,1,0.6931471805599453,7,NN,0.0,0.0
perform,6,1.9459101490553132,7,NN,0.0,0.0
perhaps,11,2.4849066497880004,7,RB,0.0,0.0
picture,6,1.9459101490553132,7,VBP,0.0,0.0
piebald,1,0.6931471805599453,7,JJ,0.0,0.0
pigeons,2,1.0986122886681096,7,NNS,0.0,0.0
pivotal,1,0.6931471805599453,7,JJ,0.0,0.0
plassey,2,1.0986122886681096,7,JJ,0.0,0.0
playing,3,1.3862943611198906,7,VBG,0.0,0.0
pockets,1,0.6931471805599453,7,NNS,0.0,0.0
possess,2,1.0986122886681096,7,NN,0.0,0.0
pottery,1,0.6931471805599453,7,NN,0.0,0.0
powered,1,0.6931471805599453,7,JJ,0.0,0.0
praises,1,0.6931471805599453,7,NNS,0.0,0.0
premise,2,1.0986122886681096,7,NN,0.0,0.0
present,15,2.772588722239781,7,JJ,0.0,0.0
primary,4,1.6094379124341003,7,JJ,0.0,0.0
princes,1,0.6931471805599453,7,NNS,0.0,0.0
problem,7,2.0794415416798357,7,NN,0.0,0.0
proceed,1,0.6931471805599453,7,VBP,0.0,0.0
process,11,2.4849066497880004,7,NN,0.0,0.0
produce,4,1.6094379124341003,7,VBP,0.0,0.0
protect,5,1.791759469228055,7,VBP,0.0,0.0
proudly,1,0.6931471805599453,7,RB,0.0,0.0
provide,7,2.0794415416798357,7,VBP,0.0,0.0
pumping,1,0.6931471805599453,7,NN,0.0,0.0
purpose,4,1.6094379124341003,7,NN,0.0,0.0
putting,1,0.6931471805599453,7,VBG,0.0,0.0
quality,1,0.6931471805599453,7,NN,0.0,0.0
quickly,1,0.6931471805599453,7,RB,0.0,0.0
railway,1,0.6931471805599453,7,NN,0.0,0.0
reached,3,1.3862943611198906,7,VBD,0.0,0.0
reaches,1,0.6931471805599453,7,VBZ,0.0,0.0
readily,1,0.6931471805599453,7,RB,0.0,0.0
reading,7,2.0794415416798357,7,VBG,0.0,0.0
realist,1,0.6931471805599453,7,NN,0.0,0.0
reality,8,2.1972245773362196,7,NN,0.0,0.0
recalls,1,0.6931471805599453,7,VBZ,0.0,0.0
records,2,1.0986122886681096,7,NNS,0.0,0.0
recover,2,1.0986122886681096,7,NN,0.0,0.0
reduced,1,0.6931471805599453,7,VBD,0.0,0.0
reduces,1,0.6931471805599453,7,NNS,0.0,0.0
refuses,1,0.6931471805599453,7,NNS,0.0,0.0
regular,3,1.3862943611198906,7,JJ,0.0,0.0
related,3,1.3862943611198906,7,JJ,0.0,0.0
relates,1,0.6931471805599453,7,NNS,0.0,0.0
release,2,1.0986122886681096,7,VBP,0.0,0.0
remains,2,1.0986122886681096,7,NNS,0.0,0.0
reminds,2,1.0986122886681096,7,VBZ,0.0,0.0
repeats,2,1.0986122886681096,7,NNS,0.0,0.0
respect,5,1.791759469228055,7,JJ,0.0,0.0
respond,5,1.791759469228055,7,NN,0.0,0.0
retired,1,0.6931471805599453,7,VBD,0.0,0.0
retreat,1,0.6931471805599453,7,NN,0.0,0.0
revenge,3,1.3862943611198906,7,NN,0.0,0.0
revolve,1,0.6931471805599453,7,NN,0.0,0.0
rightly,2,1.0986122886681096,7,RB,0.0,0.0
rituals,1,0.6931471805599453,7,NNS,0.0,0.0
roasted,2,1.0986122886681096,7,VBD,0.0,0.0
robbers,1,0.6931471805599453,7,NNS,0.0,0.0
sadhana,1,0.6931471805599453,7,NN,0.0,0.0
saluted,1,0.6931471805599453,7,VBD,0.0,0.0
satisfy,1,0.6931471805599453,7,JJ,0.0,0.0
science,3,1.3862943611198906,7,NN,0.0,0.0
scratch,1,0.6931471805599453,7,NN,0.0,0.0
section,2,1.0986122886681096,7,NN,0.0,0.0
secular,1,0.6931471805599453,7,JJ,0.0,0.0
seeking,2,1.0986122886681096,7,VBG,0.0,0.0
serious,5,1.791759469228055,7,JJ,0.0,0.0
sharply,2,1.0986122886681096,7,RB,0.0,0.0
shelley,3,1.3862943611198906,7,JJ,0.0,0.0
shelter,3,1.3862943611198906,7,NN,0.0,0.0
shields,2,1.0986122886681096,7,NNS,0.0,0.0
shifted,1,0.6931471805599453,7,VBD,0.0,0.0
shining,1,0.6931471805599453,7,VBG,0.0,0.0
shipped,1,0.6931471805599453,7,VBN,0.0,0.0
shocked,1,0.6931471805599453,7,JJ,0.0,0.0
shorter,1,0.6931471805599453,7,NN,0.0,0.0
showing,1,0.6931471805599453,7,VBG,0.0,0.0
sighing,1,0.6931471805599453,7,VBG,0.0,0.0
signify,2,1.0986122886681096,7,VBP,0.0,0.0
silence,4,1.6094379124341003,7,NN,0.0,0.0
singing,1,0.6931471805599453,7,VBG,0.0,0.0
singles,1,0.6931471805599453,7,NNS,0.0,0.0
sisters,1,0.6931471805599453,7,NNS,0.0,0.0
skeptic,1,0.6931471805599453,7,JJ,0.0,0.0
slipped,1,0.6931471805599453,7,VBD,0.0,0.0
smaller,1,0.6931471805599453,7,JJR,0.0,0.0
smoking,1,0.6931471805599453,7,VBG,0.0,0.0
soldier,1,0.6931471805599453,7,NN,0.0,0.0
somehow,3,1.3862943611198906,7,RB,0.0,0.0
someone,2,1.0986122886681096,7,NN,0.0,0.0
spanish,1,0.6931471805599453,7,JJ,0.0,0.0
speaker,6,1.9459101490553132,7,NN,0.0,0.0
special,1,0.6931471805599453,7,JJ,0.0,0.0
spotted,2,1.0986122886681096,7,VBN,0.0,0.0
springs,2,1.0986122886681096,7,NNS,0.0,0.0
stables,1,0.6931471805599453,7,NNS,0.0,0.0
staring,1,0.6931471805599453,7,VBG,0.0,0.0
stating,1,0.6931471805599453,7,VBG,0.0,0.0
staunch,1,0.6931471805599453,7,JJ,0.0,0.0
staving,1,0.6931471805599453,7,VBG,0.0,0.0
staying,1,0.6931471805599453,7,VBG,0.0,0.0
strange,4,1.6094379124341003,7,JJ,0.0,0.0
streams,2,1.0986122886681096,7,JJ,0.0,0.0
streets,2,1.0986122886681096,7,NNS,0.0,0.0
stretch,1,0.6931471805599453,7,VBP,0.0,0.0
strived,1,0.6931471805599453,7,VBD,0.0,0.0
subject,9,2.302585092994046,7,JJ,0.0,0.0
subsume,1,0.6931471805599453,7,NN,0.0,0.0
success,3,1.3862943611198906,7,NN,0.0,0.0
support,3,1.3862943611198906,7,NN,0.0,0.0
supreme,1,0.6931471805599453,7,NN,0.0,0.0
surface,1,0.6931471805599453,7,NN,0.0,0.0
surmise,1,0.6931471805599453,7,NN,0.0,0.0
suspect,1,0.6931471805599453,7,NN,0.0,0.0
sustain,1,0.6931471805599453,7,NN,0.0,0.0
talking,3,1.3862943611198906,7,VBG,0.0,0.0
telling,5,1.791759469228055,7,VBG,0.0,0.0
tempest,1,0.6931471805599453,7,NN,0.0,0.0
thicker,1,0.6931471805599453,7,NN,0.0,0.0
thieves,2,1.0986122886681096,7,VBZ,0.0,0.0
thirsty,1,0.6931471805599453,7,JJ,0.0,0.0
thought,39,3.6888794541139363,7,VBN,0.0,0.0
tigress,2,1.0986122886681096,7,JJ,0.0,0.0
tissues,1,0.6931471805599453,7,NNS,0.0,0.0
torches,4,1.6094379124341003,7,NNS,0.0,0.0
totally,4,1.6094379124341003,7,RB,0.0,0.0
towards,7,2.0794415416798357,7,JJ,0.0,0.0
trading,1,0.6931471805599453,7,NN,0.0,0.0
tragedy,4,1.6094379124341003,7,NN,0.0,0.0
trained,4,1.6094379124341003,7,VBD,0.0,0.0
trapeze,1,0.6931471805599453,7,JJ,0.0,0.0
travels,2,1.0986122886681096,7,NNS,0.0,0.0
treated,3,1.3862943611198906,7,VBN,0.0,0.0
trouble,1,0.6931471805599453,7,NN,0.0,0.0
turning,2,1.0986122886681096,7,VBG,0.0,0.0
tutored,2,1.0986122886681096,7,JJ,0.0,0.0
typical,2,1.0986122886681096,7,JJ,0.0,0.0
unified,1,0.6931471805599453,7,JJ,0.0,0.0
uniform,1,0.6931471805599453,7,JJ,0.0,0.0
unknown,4,1.6094379124341003,7,IN,0.0,0.0
untamed,1,0.6931471805599453,7,JJ,0.0,0.0
upwards,1,0.6931471805599453,7,NNS,0.0,0.0
useless,1,0.6931471805599453,7,JJ,0.0,0.0
usually,5,1.791759469228055,7,RB,0.0,0.0
utterly,1,0.6931471805599453,7,JJ,0.0,0.0
variety,7,2.0794415416798357,7,NN,0.0,0.0
various,18,2.9444389791664403,7,JJ,0.0,0.0
vehicle,1,0.6931471805599453,7,NN,0.0,0.0
venture,3,1.3862943611198906,7,NN,0.0,0.0
village,14,2.70805020110221,7,NN,0.0,0.0
violent,2,1.0986122886681096,7,NN,0.0,0.0
virtues,1,0.6931471805599453,7,NNS,0.0,0.0
visible,1,0.6931471805599453,7,JJ,0.0,0.0
vividly,1,0.6931471805599453,7,RB,0.0,0.0
waiting,3,1.3862943611198906,7,VBG,0.0,0.0
waldman,1,0.6931471805599453,7,NN,0.0,0.0
walking,4,1.6094379124341003,7,VBG,0.0,0.0
warfare,2,1.0986122886681096,7,NN,0.0,0.0
warring,1,0.6931471805599453,7,VBG,0.0,0.0
washing,1,0.6931471805599453,7,VBG,0.0,0.0
watched,1,0.6931471805599453,7,JJ,0.0,0.0
watches,1,0.6931471805599453,7,NNS,0.0,0.0
weapons,1,0.6931471805599453,7,NNS,0.0,0.0
welcome,2,1.0986122886681096,7,VBP,0.0,0.0
welfare,1,0.6931471805599453,7,NN,0.0,0.0
western,13,2.639057329615259,7,JJ,0.0,0.0
whereas,5,1.791759469228055,7,NNS,0.0,0.0
windows,1,0.6931471805599453,7,NNS,0.0,0.0
without,19,2.995732273553991,7,IN,0.0,0.0
wonders,2,1.0986122886681096,7,NNS,0.0,0.0
workers,1,0.6931471805599453,7,NNS,0.0,0.0
working,6,1.9459101490553132,7,VBG,0.0,0.0
writers,23,3.1780538303479458,7,NNS,0.0,0.0
writing,15,2.772588722239781,7,VBG,0.0,0.0
written,15,2.772588722239781,7,VBN,0.0,0.0
absolute,1,0.6931471805599453,8,NN,0.0,0.0
accepted,3,1.3862943611198906,8,VBN,0.0,0.0
achieved,4,1.6094379124341003,8,VBN,0.0,0.0
acquired,2,1.0986122886681096,8,VBD,0.0,0.0
acrobats,1,0.6931471805599453,8,NNS,0.0,0.0
activism,1,0.6931471805599453,8,NN,0.0,0.0
activity,4,1.6094379124341003,8,NN,0.0,0.0
adhering,1,0.6931471805599453,8,VBG,0.0,0.0
advanced,2,1.0986122886681096,8,VBD,0.0,0.0
africans,6,1.9459101490553132,8,NNS,0.0,0.0
allocate,1,0.6931471805599453,8,NN,0.0,0.0
altering,1,0.6931471805599453,8,VBG,0.0,0.0
although,9,2.302585092994046,8,IN,0.0,0.0
american,10,2.3978952727983707,8,JJ,0.0,0.0
americas,1,0.6931471805599453,8,NN,0.0,0.0
analysis,5,1.791759469228055,8,NN,0.0,0.0
any*work,1,0.6931471805599453,8,NN,0.0,0.0
anything,4,1.6094379124341003,8,NN,0.0,0.0
appeared,2,1.0986122886681096,8,VBD,0.0,0.0
applying,1,0.6931471805599453,8,VBG,0.0,0.0
approach,6,1.9459101490553132,8,NN,0.0,0.0
arguably,1,0.6931471805599453,8,RB,0.0,0.0
arrested,1,0.6931471805599453,8,VBN,0.0,0.0
artistes,1,0.6931471805599453,8,NNS,0.0,0.0
attacked,2,1.0986122886681096,8,VBN,0.0,0.0
attitude,6,1.9459101490553132,8,VBP,0.0,0.0
audience,7,2.0794415416798357,8,NN,0.0,0.0
baffling,1,0.6931471805599453,8,VBG,0.0,0.0
becoming,1,0.6931471805599453,8,VBG,0.0,0.0
behaving,1,0.6931471805599453,8,VBG,0.0,0.0
believed,2,1.0986122886681096,8,VBN,0.0,0.0
believes,3,1.3862943611198906,8,VBZ,0.0,0.0
belonged,1,0.6931471805599453,8,VBN,0.0,0.0
bestwood,2,1.0986122886681096,8,NN,0.0,0.0
birthing,1,0.6931471805599453,8,VBG,0.0,0.0
bleating,1,0.6931471805599453,8,VBG,0.0,0.0
blending,1,0.6931471805599453,8,VBG,0.0,0.0
blotches,1,0.6931471805599453,8,NNS,0.0,0.0
breaking,1,0.6931471805599453,8,VBG,0.0,0.0
brethren,1,0.6931471805599453,8,NNS,0.0,0.0
brindled,1,0.6931471805599453,8,VBD,0.0,0.0
bringing,1,0.6931471805599453,8,VBG,0.0,0.0
building,3,1.3862943611198906,8,NN,0.0,0.0
buttress,1,0.6931471805599453,8,NN,0.0,0.0
calendar,1,0.6931471805599453,8,NN,0.0,0.0
caprices,1,0.6931471805599453,8,NNS,0.0,0.0
captured,4,1.6094379124341003,8,VBD,0.0,0.0
captures,1,0.6931471805599453,8,NNS,0.0,0.0
caroline,1,0.6931471805599453,8,VBP,0.0,0.0
catching,1,0.6931471805599453,8,VBG,0.0,0.0
category,3,1.3862943611198906,8,NN,0.0,0.0
chartism,1,0.6931471805599453,8,NN,0.0,0.0
chestnut,1,0.6931471805599453,8,NN,0.0,0.0
children,18,2.9444389791664403,8,NNS,0.0,0.0
citizens,1,0.6931471805599453,8,VBZ,0.0,0.0
clarissa,5,1.791759469228055,8,JJ,0.0,0.0
classics,1,0.6931471805599453,8,NNS,0.0,0.0
cleaning,1,0.6931471805599453,8,VBG,0.0,0.0
coercion,1,0.6931471805599453,8,NN,0.0,0.0
cohabits,1,0.6931471805599453,8,NNS,0.0,0.0
coloured,2,1.0986122886681096,8,VBD,0.0,0.0
commands,1,0.6931471805599453,8,NNS,0.0,0.0
competed,1,0.6931471805599453,8,VBD,0.0,0.0
complete,5,1.791759469228055,8,JJ,0.0,0.0
concerns,1,0.6931471805599453,8,NNS,0.0,0.0
concrete,2,1.0986122886681096,8,JJ,0.0,0.0
conflict,3,1.3862943611198906,8,NN,0.0,0.0
confront,1,0.6931471805599453,8,NN,0.0,0.0
confused,2,1.0986122886681096,8,VBD,0.0,0.0
conquest,2,1.0986122886681096,8,JJS,0.0,0.0
consists,1,0.6931471805599453,8,VBZ,0.0,0.0
constant,3,1.3862943611198906,8,JJ,0.0,0.0
continue,1,0.6931471805599453,8,VBP,0.0,0.0
contours,1,0.6931471805599453,8,NNS,0.0,0.0
contrary,2,1.0986122886681096,8,JJ,0.0,0.0
contrast,6,1.9459101490553132,8,NN,0.0,0.0
cottages,3,1.3862943611198906,8,NNS,0.0,0.0
creating,4,1.6094379124341003,8,VBG,0.0,0.0
creation,10,2.3978952727983707,8,NN,0.0,0.0
creature,4,1.6094379124341003,8,NN,0.0,0.0
credence,1,0.6931471805599453,8,NN,0.0,0.0
criminal,1,0.6931471805599453,8,NN,0.0,0.0
critical,6,1.9459101490553132,8,JJ,0.0,0.0
crowbars,1,0.6931471805599453,8,NNS,0.0,0.0
cultural,20,3.044522437723423,8,JJ,0.0,0.0
cultures,3,1.3862943611198906,8,NNS,0.0,0.0
dalloway,5,1.791759469228055,8,RB,0.0,0.0
danticat,1,0.6931471805599453,8,NN,0.0,0.0
darkened,1,0.6931471805599453,8,VBD,0.0,0.0
darkness,2,1.0986122886681096,8,JJ,0.0,0.0
daughter,5,1.791759469228055,8,NN,0.0,0.0
daydream,1,0.6931471805599453,8,NN,0.0,0.0
declared,1,0.6931471805599453,8,VBN,0.0,0.0
defeated,2,1.0986122886681096,8,VBN,0.0,0.0
demanded,1,0.6931471805599453,8,VBD,0.0,0.0
derision,1,0.6931471805599453,8,NN,0.0,0.0
designed,3,1.3862943611198906,8,VBN,0.0,0.0
destined,1,0.6931471805599453,8,VBN,0.0,0.0
deviates,1,0.6931471805599453,8,NNS,0.0,0.0
dialogue,5,1.791759469228055,8,JJ,0.0,0.0
dilemmas,1,0.6931471805599453,8,NN,0.0,0.0
directed,2,1.0986122886681096,8,VBN,0.0,0.0
directly,4,1.6094379124341003,8,RB,0.0,0.0
disagree,1,0.6931471805599453,8,VBP,0.0,0.0
discover,2,1.0986122886681096,8,JJ,0.0,0.0
discrete,1,0.6931471805599453,8,JJ,0.0,0.0
dismayed,1,0.6931471805599453,8,VBN,0.0,0.0
disposal,1,0.6931471805599453,8,NN,0.0,0.0
divinely,1,0.6931471805599453,8,RB,0.0,0.0
domestic,1,0.6931471805599453,8,JJ,0.0,0.0
dominant,2,1.0986122886681096,8,JJ,0.0,0.0
dreadful,2,1.0986122886681096,8,JJ,0.0,0.0
dwelling,1,0.6931471805599453,8,VBG,0.0,0.0
dynamics,2,1.0986122886681096,8,NNS,0.0,0.0
eastwood,1,0.6931471805599453,8,VBD,0.0,0.0
eclectic,1,0.6931471805599453,8,JJ,0.0,0.0
educated,3,1.3862943611198906,8,VBN,0.0,0.0
educator,1,0.6931471805599453,8,NN,0.0,0.0
electric,4,1.6094379124341003,8,JJ,0.0,0.0
eleventh,1,0.6931471805599453,8,JJ,0.0,0.0
emanates,1,0.6931471805599453,8,NNS,0.0,0.0
embarked,1,0.6931471805599453,8,VBD,0.0,0.0
embodies,1,0.6931471805599453,8,NNS,0.0,0.0
emerging,3,1.3862943611198906,8,VBG,0.0,0.0
emotions,3,1.3862943611198906,8,NNS,0.0,0.0
employed,2,1.0986122886681096,8,VBN,0.0,0.0
enclosed,1,0.6931471805599453,8,JJ,0.0,0.0
enquires,1,0.6931471805599453,8,NNS,0.0,0.0
entering,2,1.0986122886681096,8,VBG,0.0,0.0
entirely,3,1.3862943611198906,8,RB,0.0,0.0
epistles,1,0.6931471805599453,8,NNS,0.0,0.0
epithets,1,0.6931471805599453,8,NNS,0.0,0.0
european,17,2.8903717578961645,8,JJ,0.0,0.0
everyday,1,0.6931471805599453,8,JJ,0.0,0.0
everyone,2,1.0986122886681096,8,NN,0.0,0.0
excelled,1,0.6931471805599453,8,VBD,0.0,0.0
exchange,1,0.6931471805599453,8,NN,0.0,0.0
exercise,3,1.3862943611198906,8,NN,0.0,0.0
existing,3,1.3862943611198906,8,VBG,0.0,0.0
explains,2,1.0986122886681096,8,NNS,0.0,0.0
explicit,1,0.6931471805599453,8,RB,0.0,0.0
explored,1,0.6931471805599453,8,VBD,0.0,0.0
exposure,4,1.6094379124341003,8,NN,0.0,0.0
exterior,1,0.6931471805599453,8,JJ,0.0,0.0
external,1,0.6931471805599453,8,JJ,0.0,0.0
faceless,1,0.6931471805599453,8,NN,0.0,0.0
facility,1,0.6931471805599453,8,NN,0.0,0.0
familiar,2,1.0986122886681096,8,JJ,0.0,0.0
families,1,0.6931471805599453,8,NNS,0.0,0.0
farmland,1,0.6931471805599453,8,VBP,0.0,0.0
features,4,1.6094379124341003,8,NNS,0.0,0.0
feelings,2,1.0986122886681096,8,NNS,0.0,0.0
fighting,1,0.6931471805599453,8,VBG,0.0,0.0
finances,1,0.6931471805599453,8,NNS,0.0,0.0
floating,1,0.6931471805599453,8,VBG,0.0,0.0
followed,8,2.1972245773362196,8,VBN,0.0,0.0
forecast,1,0.6931471805599453,8,NN,0.0,0.0
foresees,1,0.6931471805599453,8,NNS,0.0,0.0
freezing,1,0.6931471805599453,8,VBG,0.0,0.0
frenzied,1,0.6931471805599453,8,VBN,0.0,0.0
friendly,1,0.6931471805599453,8,JJ,0.0,0.0
gangster,1,0.6931471805599453,8,NN,0.0,0.0
germanic,2,1.0986122886681096,8,JJ,0.0,0.0
gigantic,2,1.0986122886681096,8,JJ,0.0,0.0
gimmicks,1,0.6931471805599453,8,NNS,0.0,0.0
goodness,2,1.0986122886681096,8,NN,0.0,0.0
gordimer,2,1.0986122886681096,8,NN,0.0,0.0
governor,3,1.3862943611198906,8,NN,0.0,0.0
greatest,3,1.3862943611198906,8,JJS,0.0,0.0
grinning,1,0.6931471805599453,8,VBG,0.0,0.0
gulliver,7,2.0794415416798357,8,NN,0.0,0.0
hallowed,2,1.0986122886681096,8,VBD,0.0,0.0
happened,3,1.3862943611198906,8,VBD,0.0,0.0
happiest,1,0.6931471805599453,8,JJS,0.0,0.0
harmless,1,0.6931471805599453,8,JJ,0.0,0.0
hatchets,1,0.6931471805599453,8,NNS,0.0,0.0
helpless,1,0.6931471805599453,8,JJ,0.0,0.0
hissings,1,0.6931471805599453,8,NNS,0.0,0.0
historic,1,0.6931471805599453,8,JJ,0.0,0.0
horrible,1,0.6931471805599453,8,JJ,0.0,0.0
horrific,1,0.6931471805599453,8,JJ,0.0,0.0
humanity,1,0.6931471805599453,8,NN,0.0,0.0
humanoid,1,0.6931471805599453,8,NN,0.0,0.0
husbands,1,0.6931471805599453,8,VBZ,0.0,0.0
idealism,2,1.0986122886681096,8,NN,0.0,0.0
identity,5,1.791759469228055,8,NN,0.0,0.0
ideology,4,1.6094379124341003,8,NN,0.0,0.0
ignorant,1,0.6931471805599453,8,NN,0.0,0.0
impacted,1,0.6931471805599453,8,VBN,0.0,0.0
imperial,3,1.3862943611198906,8,JJ,0.0,0.0
impostor,1,0.6931471805599453,8,NN,0.0,0.0
incident,3,1.3862943611198906,8,NN,0.0,0.0
included,1,0.6931471805599453,8,VBD,0.0,0.0
includes,1,0.6931471805599453,8,VBZ,0.0,0.0
increase,4,1.6094379124341003,8,NN,0.0,0.0
industry,3,1.3862943611198906,8,NN,0.0,0.0
informed,1,0.6931471805599453,8,VBD,0.0,0.0
inhabits,1,0.6931471805599453,8,NNS,0.0,0.0
innocent,2,1.0986122886681096,8,JJ,0.0,0.0
inspired,4,1.6094379124341003,8,VBN,0.0,0.0
intended,4,1.6094379124341003,8,VBN,0.0,0.0
interest,9,2.302585092994046,8,NN,0.0,0.0
interior,1,0.6931471805599453,8,JJ,0.0,0.0
internal,4,1.6094379124341003,8,JJ,0.0,0.0
invented,1,0.6931471805599453,8,VBD,0.0,0.0
involved,3,1.3862943611198906,8,JJ,0.0,0.0
involves,4,1.6094379124341003,8,NNS,0.0,0.0
irishman,1,0.6931471805599453,8,RB,0.0,0.0
knitting,2,1.0986122886681096,8,VBG,0.0,0.0
language,84,4.442651256490317,8,NN,0.0,0.0
laughter,1,0.6931471805599453,8,RBR,0.0,0.0
learning,8,2.1972245773362196,8,VBG,0.0,0.0
leverage,1,0.6931471805599453,8,NN,0.0,0.0
locality,2,1.0986122886681096,8,NN,0.0,0.0
lucrezia,3,1.3862943611198906,8,RB,0.0,0.0
maintain,1,0.6931471805599453,8,VBP,0.0,0.0
majority,5,1.791759469228055,8,NN,0.0,0.0
managing,1,0.6931471805599453,8,VBG,0.0,0.0
marriage,2,1.0986122886681096,8,NN,0.0,0.0
mastered,1,0.6931471805599453,8,VBN,0.0,0.0
material,4,1.6094379124341003,8,NN,0.0,0.0
meanness,1,0.6931471805599453,8,NN,0.0,0.0
measures,4,1.6094379124341003,8,NNS,0.0,0.0
medicine,1,0.6931471805599453,8,JJ,0.0,0.0
mentally,1,0.6931471805599453,8,RB,0.0,0.0
merchant,1,0.6931471805599453,8,JJ,0.0,0.0
metaphor,3,1.3862943611198906,8,VBP,0.0,0.0
migrated,1,0.6931471805599453,8,VBD,0.0,0.0
military,2,1.0986122886681096,8,JJ,0.0,0.0
millions,3,1.3862943611198906,8,NNS,0.0,0.0
minority,3,1.3862943611198906,8,NN,0.0,0.0
mischief,1,0.6931471805599453,8,NN,0.0,0.0
mistakes,1,0.6931471805599453,8,NNS,0.0,0.0
mitigate,1,0.6931471805599453,8,VBP,0.0,0.0
mongrels,1,0.6931471805599453,8,NNS,0.0,0.0
moreover,5,1.791759469228055,8,RB,0.0,0.0
movement,9,2.302585092994046,8,NN,0.0,0.0
multiple,2,1.0986122886681096,8,JJ,0.0,0.0
nameless,1,0.6931471805599453,8,NN,0.0,0.0
national,10,2.3978952727983707,8,JJ,0.0,0.0
negative,3,1.3862943611198906,8,JJ,0.0,0.0
nineteen,2,1.0986122886681096,8,JJ,0.0,0.0
nonwhite,1,0.6931471805599453,8,JJ,0.0,0.0
noticing,1,0.6931471805599453,8,JJ,0.0,0.0
obsessed,2,1.0986122886681096,8,JJ,0.0,0.0
occasion,2,1.0986122886681096,8,NN,0.0,0.0
occurred,3,1.3862943611198906,8,VBD,0.0,0.0
opinions,2,1.0986122886681096,8,NNS,0.0,0.0
outgrown,1,0.6931471805599453,8,JJ,0.0,0.0
outsider,2,1.0986122886681096,8,NN,0.0,0.0
overcoat,2,1.0986122886681096,8,NN,0.0,0.0
overcome,2,1.0986122886681096,8,VBP,0.0,0.0
painting,4,1.6094379124341003,8,VBG,0.0,0.0
parallel,2,1.0986122886681096,8,JJ,0.0,0.0
paternal,1,0.6931471805599453,8,JJ,0.0,0.0
patterns,3,1.3862943611198906,8,NNS,0.0,0.0
perforce,1,0.6931471805599453,8,NN,0.0,0.0
personal,2,1.0986122886681096,8,JJ,0.0,0.0
physical,3,1.3862943611198906,8,JJ,0.0,0.0
planning,2,1.0986122886681096,8,VBG,0.0,0.0
pleasure,5,1.791759469228055,8,NN,0.0,0.0
ploughed,1,0.6931471805599453,8,VBN,0.0,0.0
poaching,1,0.6931471805599453,8,VBG,0.0,0.0
polygamy,1,0.6931471805599453,8,JJ,0.0,0.0
possible,18,2.9444389791664403,8,JJ,0.0,0.0
powerful,1,0.6931471805599453,8,JJ,0.0,0.0
practice,6,1.9459101490553132,8,NN,0.0,0.0
praising,1,0.6931471805599453,8,VBG,0.0,0.0
premises,1,0.6931471805599453,8,NNS,0.0,0.0
prepared,1,0.6931471805599453,8,JJ,0.0,0.0
prepares,1,0.6931471805599453,8,NNS,0.0,0.0
presence,3,1.3862943611198906,8,NN,0.0,0.0
presents,3,1.3862943611198906,8,NNS,0.0,0.0
pressure,2,1.0986122886681096,8,NN,0.0,0.0
previous,4,1.6094379124341003,8,JJ,0.0,0.0
probably,4,1.6094379124341003,8,RB,0.0,0.0
problems,7,2.0794415416798357,8,NNS,0.0,0.0
produced,9,2.302585092994046,8,VBD,0.0,0.0
prolific,1,0.6931471805599453,8,NN,0.0,0.0
properly,1,0.6931471805599453,8,RB,0.0,0.0
property,1,0.6931471805599453,8,NN,0.0,0.0
proposal,5,1.791759469228055,8,NN,0.0,0.0
provided,6,1.9459101490553132,8,VBD,0.0,0.0
purposes,3,1.3862943611198906,8,NNS,0.0,0.0
pursuing,1,0.6931471805599453,8,VBG,0.0,0.0
quantity,5,1.791759469228055,8,NN,0.0,0.0
question,18,2.9444389791664403,8,VBP,0.0,0.0
racially,1,0.6931471805599453,8,RB,0.0,0.0
railways,1,0.6931471805599453,8,JJ,0.0,0.0
reaching,1,0.6931471805599453,8,VBG,0.0,0.0
reaction,3,1.3862943611198906,8,NN,0.0,0.0
realised,2,1.0986122886681096,8,VBD,0.0,0.0
realized,1,0.6931471805599453,8,VBN,0.0,0.0
realizes,1,0.6931471805599453,8,NNS,0.0,0.0
received,3,1.3862943611198906,8,VBD,0.0,0.0
recovery,1,0.6931471805599453,8,NN,0.0,0.0
referred,3,1.3862943611198906,8,JJ,0.0,0.0
regarded,4,1.6094379124341003,8,JJ,0.0,0.0
regional,2,1.0986122886681096,8,JJ,0.0,0.0
rejected,4,1.6094379124341003,8,VBN,0.0,0.0
religion,2,1.0986122886681096,8,NN,0.0,0.0
remember,7,2.0794415416798357,8,NN,0.0,0.0
reminder,1,0.6931471805599453,8,NN,0.0,0.0
rendered,4,1.6094379124341003,8,VBD,0.0,0.0
repeated,3,1.3862943611198906,8,VBN,0.0,0.0
replaced,1,0.6931471805599453,8,VBN,0.0,0.0
reported,1,0.6931471805599453,8,VBN,0.0,0.0
requires,2,1.0986122886681096,8,VBZ,0.0,0.0
reserves,1,0.6931471805599453,8,NNS,0.0,0.0
resource,1,0.6931471805599453,8,JJ,0.0,0.0
respects,1,0.6931471805599453,8,NNS,0.0,0.0
response,8,2.1972245773362196,8,NN,0.0,0.0
returned,4,1.6094379124341003,8,VBN,0.0,0.0
ridicule,1,0.6931471805599453,8,NN,0.0,0.0
robinson,1,0.6931471805599453,8,NN,0.0,0.0
rousseau,1,0.6931471805599453,8,NN,0.0,0.0
ruthless,1,0.6931471805599453,8,NN,0.0,0.0
sanskrit,10,2.3978952727983707,8,NN,0.0,0.0
sciences,5,1.791759469228055,8,NNS,0.0,0.0
scorpion,4,1.6094379124341003,8,NN,0.0,0.0
secondly,2,1.0986122886681096,8,RB,0.0,0.0
sections,5,1.791759469228055,8,NNS,0.0,0.0
selected,2,1.0986122886681096,8,VBN,0.0,0.0
sensible,1,0.6931471805599453,8,JJ,0.0,0.0
separate,4,1.6094379124341003,8,JJ,0.0,0.0
septimus,6,1.9459101490553132,8,NN,0.0,0.0
sequence,1,0.6931471805599453,8,NN,0.0,0.0
settlers,4,1.6094379124341003,8,NNS,0.0,0.0
sharpest,1,0.6931471805599453,8,VBP,0.0,0.0
shifting,2,1.0986122886681096,8,VBG,0.0,0.0
shocking,1,0.6931471805599453,8,VBG,0.0,0.0
shouting,1,0.6931471805599453,8,VBG,0.0,0.0
silenced,1,0.6931471805599453,8,VBN,0.0,0.0
sinclair,1,0.6931471805599453,8,NN,0.0,0.0
sivilize,1,0.6931471805599453,8,JJ,0.0,0.0
sketches,1,0.6931471805599453,8,NNS,0.0,0.0
smaleses,1,0.6931471805599453,8,VBZ,0.0,0.0
socially,2,1.0986122886681096,8,RB,0.0,0.0
somewhat,3,1.3862943611198906,8,RB,0.0,0.0
soothing,1,0.6931471805599453,8,VBG,0.0,0.0
speaking,4,1.6094379124341003,8,VBG,0.0,0.0
specific,13,2.639057329615259,8,JJ,0.0,0.0
splashed,1,0.6931471805599453,8,VBD,0.0,0.0
stalking,1,0.6931471805599453,8,VBG,0.0,0.0
standing,3,1.3862943611198906,8,VBG,0.0,0.0
stations,1,0.6931471805599453,8,NNS,0.0,0.0
stippled,1,0.6931471805599453,8,VBD,0.0,0.0
stockade,1,0.6931471805599453,8,JJ,0.0,0.0
straight,1,0.6931471805599453,8,NN,0.0,0.0
stranded,1,0.6931471805599453,8,VBD,0.0,0.0
strength,2,1.0986122886681096,8,NN,0.0,0.0
stronger,1,0.6931471805599453,8,JJR,0.0,0.0
struggle,4,1.6094379124341003,8,JJ,0.0,0.0
students,4,1.6094379124341003,8,NNS,0.0,0.0
studying,1,0.6931471805599453,8,VBG,0.0,0.0
stuffing,1,0.6931471805599453,8,VBG,0.0,0.0
stumbled,1,0.6931471805599453,8,VBN,0.0,0.0
subjects,4,1.6094379124341003,8,NNS,0.0,0.0
subtlety,1,0.6931471805599453,8,NN,0.0,0.0
suddenly,5,1.791759469228055,8,RB,0.0,0.0
supposed,5,1.791759469228055,8,VBN,0.0,0.0
suppress,1,0.6931471805599453,8,JJ,0.0,0.0
surprise,1,0.6931471805599453,8,NN,0.0,0.0
survives,1,0.6931471805599453,8,VBZ,0.0,0.0
swarming,1,0.6931471805599453,8,VBG,0.0,0.0
swinging,1,0.6931471805599453,8,VBG,0.0,0.0
switches,1,0.6931471805599453,8,NNS,0.0,0.0
symptoms,1,0.6931471805599453,8,NNS,0.0,0.0
taunting,1,0.6931471805599453,8,VBG,0.0,0.0
teaching,2,1.0986122886681096,8,NN,0.0,0.0
tendency,2,1.0986122886681096,8,NN,0.0,0.0
thatched,2,1.0986122886681096,8,VBD,0.0,0.0
thatcher,1,0.6931471805599453,8,JJ,0.0,0.0
thieving,1,0.6931471805599453,8,VBG,0.0,0.0
thinkers,2,1.0986122886681096,8,NNS,0.0,0.0
thorough,2,1.0986122886681096,8,IN,0.0,0.0
thoughts,13,2.639057329615259,8,NNS,0.0,0.0
thousand,1,0.6931471805599453,8,VBP,0.0,0.0
together,13,2.639057329615259,8,RB,0.0,0.0
tolerate,1,0.6931471805599453,8,VBP,0.0,0.0
trainers,1,0.6931471805599453,8,NNS,0.0,0.0
training,3,1.3862943611198906,8,VBG,0.0,0.0
traveler,1,0.6931471805599453,8,NN,0.0,0.0
tropical,1,0.6931471805599453,8,JJ,0.0,0.0
truthful,2,1.0986122886681096,8,JJ,0.0,0.0
tutelage,1,0.6931471805599453,8,NN,0.0,0.0
twenties,1,0.6931471805599453,8,NNS,0.0,0.0
twitched,1,0.6931471805599453,8,JJ,0.0,0.0
unawares,1,0.6931471805599453,8,NNS,0.0,0.0
uncommon,2,1.0986122886681096,8,JJ,0.0,0.0
universe,1,0.6931471805599453,8,JJ,0.0,0.0
unsettle,1,0.6931471805599453,8,JJ,0.0,0.0
untiring,1,0.6931471805599453,8,VBG,0.0,0.0
upheaval,1,0.6931471805599453,8,JJ,0.0,0.0
validity,3,1.3862943611198906,8,NN,0.0,0.0
valuable,2,1.0986122886681096,8,JJ,0.0,0.0
victoria,1,0.6931471805599453,8,NN,0.0,0.0
violence,3,1.3862943611198906,8,NN,0.0,0.0
visually,2,1.0986122886681096,8,RB,0.0,0.0
volatile,1,0.6931471805599453,8,JJ,0.0,0.0
watchful,2,1.0986122886681096,8,NN,0.0,0.0
wondered,1,0.6931471805599453,8,JJ,0.0,0.0
wretched,1,0.6931471805599453,8,VBD,0.0,0.0
writings,5,1.791759469228055,8,NNS,0.0,0.0
abysmally,1,0.6931471805599453,9,RB,0.0,0.0
according,14,2.70805020110221,9,VBG,0.0,0.0
achieving,1,0.6931471805599453,9,VBG,0.0,0.0
addiction,1,0.6931471805599453,9,NN,0.0,0.0
addresses,1,0.6931471805599453,9,VBZ,0.0,0.0
admission,2,1.0986122886681096,9,NN,0.0,0.0
admitting,1,0.6931471805599453,9,VBG,0.0,0.0
advantage,2,1.0986122886681096,9,NN,0.0,0.0
affection,1,0.6931471805599453,9,NN,0.0,0.0
affluence,1,0.6931471805599453,9,NN,0.0,0.0
aftermath,1,0.6931471805599453,9,NN,0.0,0.0
aircrafts,1,0.6931471805599453,9,NNS,0.0,0.0
alongside,1,0.6931471805599453,9,JJ,0.0,0.0
alphabets,2,1.0986122886681096,9,NNS,0.0,0.0
ambitious,1,0.6931471805599453,9,JJ,0.0,0.0
americans,5,1.791759469228055,9,NNS,0.0,0.0
animation,1,0.6931471805599453,9,NN,0.0,0.0
anxieties,1,0.6931471805599453,9,VBZ,0.0,0.0
anxiously,1,0.6931471805599453,9,RB,0.0,0.0
apartheid,3,1.3862943611198906,9,JJ,0.0,0.0
appalling,1,0.6931471805599453,9,VBG,0.0,0.0
apparatus,1,0.6931471805599453,9,NN,0.0,0.0
appearing,1,0.6931471805599453,9,VBG,0.0,0.0
appointed,2,1.0986122886681096,9,VBN,0.0,0.0
appraisal,1,0.6931471805599453,9,JJ,0.0,0.0
asserting,1,0.6931471805599453,9,VBG,0.0,0.0
attacking,2,1.0986122886681096,9,VBG,0.0,0.0
attending,2,1.0986122886681096,9,VBG,0.0,0.0
attitudes,3,1.3862943611198906,9,NNS,0.0,0.0
authority,2,1.0986122886681096,9,NN,0.0,0.0
available,1,0.6931471805599453,9,JJ,0.0,0.0
awakening,1,0.6931471805599453,9,VBG,0.0,0.0
awareness,1,0.6931471805599453,9,NN,0.0,0.0
basically,3,1.3862943611198906,9,RB,0.0,0.0
beautiful,2,1.0986122886681096,9,JJ,0.0,0.0
beginning,6,1.9459101490553132,9,VBG,0.0,0.0
behaviour,15,2.772588722239781,9,JJ,0.0,0.0
bloodshed,1,0.6931471805599453,9,VBD,0.0,0.0
burlesque,1,0.6931471805599453,9,JJ,0.0,0.0
cataclysm,1,0.6931471805599453,9,VBP,0.0,0.0
celebrity,1,0.6931471805599453,9,NN,0.0,0.0
centuries,5,1.791759469228055,9,VBZ,0.0,0.0
certainty,1,0.6931471805599453,9,JJ,0.0,0.0
challenge,3,1.3862943611198906,9,VBP,0.0,0.0
character,24,3.2188758248682006,9,JJ,0.0,0.0
chemistry,1,0.6931471805599453,9,NN,0.0,0.0
childhood,2,1.0986122886681096,9,NN,0.0,0.0
childlike,1,0.6931471805599453,9,NN,0.0,0.0
civilized,3,1.3862943611198906,9,VBD,0.0,0.0
cleansing,1,0.6931471805599453,9,NN,0.0,0.0
collector,1,0.6931471805599453,9,NN,0.0,0.0
colonized,2,1.0986122886681096,9,VBD,0.0,0.0
colonizer,1,0.6931471805599453,9,NN,0.0,0.0
coloureds,1,0.6931471805599453,9,NNS,0.0,0.0
commoners,1,0.6931471805599453,9,NNS,0.0,0.0
compelled,1,0.6931471805599453,9,VBN,0.0,0.0
confesses,1,0.6931471805599453,9,NNS,0.0,0.0
conflicts,1,0.6931471805599453,9,NNS,0.0,0.0
congested,1,0.6931471805599453,9,VBD,0.0,0.0
connected,1,0.6931471805599453,9,VBN,0.0,0.0
conquered,2,1.0986122886681096,9,JJ,0.0,0.0
continent,7,2.0794415416798357,9,NN,0.0,0.0
continued,1,0.6931471805599453,9,VBD,0.0,0.0
contrasts,2,1.0986122886681096,9,NNS,0.0,0.0
convinced,1,0.6931471805599453,9,VBD,0.0,0.0
countries,4,1.6094379124341003,9,NNS,0.0,0.0
courtiers,1,0.6931471805599453,9,NNS,0.0,0.0
coxcombry,1,0.6931471805599453,9,VBP,0.0,0.0
criminals,1,0.6931471805599453,9,NNS,0.0,0.0
cultivate,2,1.0986122886681096,9,VBP,0.0,0.0
decadence,1,0.6931471805599453,9,NN,0.0,0.0
demeaning,1,0.6931471805599453,9,VBG,0.0,0.0
described,5,1.791759469228055,9,VBD,0.0,0.0
describes,1,0.6931471805599453,9,JJ,0.0,0.0
dialogues,1,0.6931471805599453,9,NNS,0.0,0.0
different,30,3.4339872044851463,9,JJ,0.0,0.0
difficult,6,1.9459101490553132,9,JJ,0.0,0.0
diligence,1,0.6931471805599453,9,NN,0.0,0.0
dimension,1,0.6931471805599453,9,NN,0.0,0.0
direction,2,1.0986122886681096,9,NN,0.0,0.0
disbelief,1,0.6931471805599453,9,NN,0.0,0.0
disclosed,1,0.6931471805599453,9,JJ,0.0,0.0
discourse,1,0.6931471805599453,9,NN,0.0,0.0
discussed,4,1.6094379124341003,9,VBD,0.0,0.0
dismissal,1,0.6931471805599453,9,NN,0.0,0.0
dismissed,1,0.6931471805599453,9,VBN,0.0,0.0
dispelled,1,0.6931471805599453,9,JJ,0.0,0.0
distances,1,0.6931471805599453,9,NNS,0.0,0.0
diversity,3,1.3862943611198906,9,NN,0.0,0.0
dominated,3,1.3862943611198906,9,VBN,0.0,0.0
dwellings,2,1.0986122886681096,9,NNS,0.0,0.0
ecosystem,1,0.6931471805599453,9,RBR,0.0,0.0
education,21,3.091042453358316,9,NN,0.0,0.0
effective,2,1.0986122886681096,9,JJ,0.0,0.0
enclosure,3,1.3862943611198906,9,NN,0.0,0.0
enquiries,1,0.6931471805599453,9,NNS,0.0,0.0
equations,1,0.6931471805599453,9,NNS,0.0,0.0
escalated,1,0.6931471805599453,9,VBD,0.0,0.0
establish,4,1.6094379124341003,9,VB,0.0,0.0
estimated,1,0.6931471805599453,9,VBN,0.0,0.0
europeans,5,1.791759469228055,9,NNPS,0.0,0.0
evidenced,2,1.0986122886681096,9,VBD,0.0,0.0
evolution,3,1.3862943611198906,9,NN,0.0,0.0
exemplary,1,0.6931471805599453,9,JJ,0.0,0.0
exhorting,1,0.6931471805599453,9,VBG,0.0,0.0
existence,2,1.0986122886681096,9,NN,0.0,0.0
expansion,1,0.6931471805599453,9,NN,0.0,0.0
explained,4,1.6094379124341003,9,VBD,0.0,0.0
exploring,2,1.0986122886681096,9,VBG,0.0,0.0
expressed,2,1.0986122886681096,9,JJ,0.0,0.0
expresses,1,0.6931471805599453,9,NNS,0.0,0.0
extensive,4,1.6094379124341003,9,JJ,0.0,0.0
extracted,1,0.6931471805599453,9,VBN,0.0,0.0
extremely,5,1.791759469228055,9,RB,0.0,0.0
extremist,1,0.6931471805599453,9,JJ,0.0,0.0
fantastic,2,1.0986122886681096,9,JJ,0.0,0.0
flimsiest,1,0.6931471805599453,9,JJS,0.0,0.0
flowering,1,0.6931471805599453,9,VBG,0.0,0.0
following,5,1.791759469228055,9,VBG,0.0,0.0
formation,3,1.3862943611198906,9,NN,0.0,0.0
framework,3,1.3862943611198906,9,NN,0.0,0.0
franchise,1,0.6931471805599453,9,NN,0.0,0.0
furiously,1,0.6931471805599453,9,RB,0.0,0.0
furnished,1,0.6931471805599453,9,JJ,0.0,0.0
furniture,1,0.6931471805599453,9,NN,0.0,0.0
furthered,1,0.6931471805599453,9,VBD,0.0,0.0
galvanism,3,1.3862943611198906,9,NN,0.0,0.0
gathering,1,0.6931471805599453,9,VBG,0.0,0.0
generally,8,2.1972245773362196,9,RB,0.0,0.0
glorifies,1,0.6931471805599453,9,NNS,0.0,0.0
gradually,3,1.3862943611198906,9,RB,0.0,0.0
graveyard,1,0.6931471805599453,9,JJ,0.0,0.0
hazardous,1,0.6931471805599453,9,JJ,0.0,0.0
hermitage,1,0.6931471805599453,9,NN,0.0,0.0
hesitated,1,0.6931471805599453,9,VBD,0.0,0.0
historian,4,1.6094379124341003,9,JJ,0.0,0.0
household,2,1.0986122886681096,9,NN,0.0,0.0
idealists,1,0.6931471805599453,9,NNS,0.0,0.0
ignorance,3,1.3862943611198906,9,VBP,0.0,0.0
imaginary,3,1.3862943611198906,9,JJ,0.0,0.0
imagining,1,0.6931471805599453,9,NN,0.0,0.0
immediate,2,1.0986122886681096,9,NN,0.0,0.0
important,25,3.258096538021482,9,JJ,0.0,0.0
improving,2,1.0986122886681096,9,VBG,0.0,0.0
inhabited,1,0.6931471805599453,9,VBN,0.0,0.0
injustice,2,1.0986122886681096,9,JJ,0.0,0.0
innocence,1,0.6931471805599453,9,NN,0.0,0.0
insidious,1,0.6931471805599453,9,JJ,0.0,0.0
instantly,1,0.6931471805599453,9,RB,0.0,0.0
intellect,1,0.6931471805599453,9,JJ,0.0,0.0
interests,5,1.791759469228055,9,NNS,0.0,0.0
intuitive,1,0.6931471805599453,9,JJ,0.0,0.0
inventory,2,1.0986122886681096,9,NN,0.0,0.0
invisible,1,0.6931471805599453,9,JJ,0.0,0.0
involving,1,0.6931471805599453,9,VBG,0.0,0.0
isolation,4,1.6094379124341003,9,NN,0.0,0.0
knowledge,4,1.6094379124341003,9,VBP,0.0,0.0
landscape,7,2.0794415416798357,9,NN,0.0,0.0
languages,31,3.4657359027997265,9,NNS,0.0,0.0
liberated,2,1.0986122886681096,9,VBN,0.0,0.0
literally,1,0.6931471805599453,9,RB,0.0,0.0
magically,1,0.6931471805599453,9,RB,0.0,0.0
mentality,1,0.6931471805599453,9,NN,0.0,0.0
mentioned,6,1.9459101490553132,9,VBN,0.0,0.0
metaphors,2,1.0986122886681096,9,NNS,0.0,0.0
modernist,1,0.6931471805599453,9,JJ,0.0,0.0
movements,7,2.0794415416798357,9,NNS,0.0,0.0
murderers,1,0.6931471805599453,9,NNS,0.0,0.0
mysteries,1,0.6931471805599453,9,NNS,0.0,0.0
narrating,1,0.6931471805599453,9,VBG,0.0,0.0
objective,2,1.0986122886681096,9,VBP,0.0,0.0
observant,1,0.6931471805599453,9,JJ,0.0,0.0
obstacles,2,1.0986122886681096,9,NNS,0.0,0.0
occasions,1,0.6931471805599453,9,NNS,0.0,0.0
officious,1,0.6931471805599453,9,JJ,0.0,0.0
oppressed,1,0.6931471805599453,9,VBD,0.0,0.0
outsiders,1,0.6931471805599453,9,NNS,0.0,0.0
overheard,1,0.6931471805599453,9,JJ,0.0,0.0
patrolman,1,0.6931471805599453,9,NN,0.0,0.0
perfectly,1,0.6931471805599453,9,RB,0.0,0.0
performed,4,1.6094379124341003,9,VBN,0.0,0.0
phenomena,1,0.6931471805599453,9,NNS,0.0,0.0
policeman,10,2.3978952727983707,9,JJ,0.0,0.0
popularly,3,1.3862943611198906,9,NN,0.0,0.0
possesses,2,1.0986122886681096,9,NNS,0.0,0.0
potential,1,0.6931471805599453,9,JJ,0.0,0.0
practices,5,1.791759469228055,9,NNS,0.0,0.0
precipice,1,0.6931471805599453,9,NN,0.0,0.0
presented,3,1.3862943611198906,9,VBD,0.0,0.0
primarily,6,1.9459101490553132,9,RB,0.0,0.0
primitive,6,1.9459101490553132,9,JJ,0.0,0.0
principle,3,1.3862943611198906,9,NN,0.0,0.0
privilege,1,0.6931471805599453,9,NN,0.0,0.0
proceeded,1,0.6931471805599453,9,VBD,0.0,0.0
processes,3,1.3862943611198906,9,NNS,0.0,0.0
professor,4,1.6094379124341003,9,NN,0.0,0.0
programme,2,1.0986122886681096,9,JJ,0.0,0.0
promotion,1,0.6931471805599453,9,NN,0.0,0.0
propelled,1,0.6931471805599453,9,VBD,0.0,0.0
proponent,1,0.6931471805599453,9,NN,0.0,0.0
provoking,1,0.6931471805599453,9,VBG,0.0,0.0
questions,7,2.0794415416798357,9,NNS,0.0,0.0
quotidian,1,0.6931471805599453,9,JJ,0.0,0.0
radically,1,0.6931471805599453,9,RB,0.0,0.0
realising,1,0.6931471805599453,9,VBG,0.0,0.0
recognize,1,0.6931471805599453,9,NN,0.0,0.0
reference,5,1.791759469228055,9,NN,0.0,0.0
referring,1,0.6931471805599453,9,VBG,0.0,0.0
regarding,4,1.6094379124341003,9,VBG,0.0,0.0
regiments,1,0.6931471805599453,9,NNS,0.0,0.0
relations,2,1.0986122886681096,9,NNS,0.0,0.0
relevance,1,0.6931471805599453,9,NN,0.0,0.0
religious,4,1.6094379124341003,9,JJ,0.0,0.0
reminding,1,0.6931471805599453,9,VBG,0.0,0.0
repeating,1,0.6931471805599453,9,VBG,0.0,0.0
represent,7,2.0794415416798357,9,JJ,0.0,0.0
respected,1,0.6931471805599453,9,VBD,0.0,0.0
responses,3,1.3862943611198906,9,NNS,0.0,0.0
resultant,2,1.0986122886681096,9,VBP,0.0,0.0
resulting,2,1.0986122886681096,9,VBG,0.0,0.0
reverence,1,0.6931471805599453,9,NN,0.0,0.0
samaritan,1,0.6931471805599453,9,JJ,0.0,0.0
satirical,2,1.0986122886681096,9,NN,0.0,0.0
scattered,2,1.0986122886681096,9,VBD,0.0,0.0
schooling,1,0.6931471805599453,9,VBG,0.0,0.0
scientist,1,0.6931471805599453,9,NN,0.0,0.0
seemingly,1,0.6931471805599453,9,RB,0.0,0.0
selecting,1,0.6931471805599453,9,VBG,0.0,0.0
senseless,1,0.6931471805599453,9,NN,0.0,0.0
sensitive,1,0.6931471805599453,9,JJ,0.0,0.0
seriously,3,1.3862943611198906,9,RB,0.0,0.0
shapeless,1,0.6931471805599453,9,JJ,0.0,0.0
shattered,3,1.3862943611198906,9,VBD,0.0,0.0
similarly,5,1.791759469228055,9,RB,0.0,0.0
situation,12,2.5649493574615367,9,NN,0.0,0.0
societies,3,1.3862943611198906,9,NNS,0.0,0.0
something,10,2.3978952727983707,9,NN,0.0,0.0
sometimes,3,1.3862943611198906,9,RB,0.0,0.0
spokesman,1,0.6931471805599453,9,NN,0.0,0.0
sponsored,1,0.6931471805599453,9,VBD,0.0,0.0
squatters,2,1.0986122886681096,9,NNS,0.0,0.0
squeezing,1,0.6931471805599453,9,VBG,0.0,0.0
statement,3,1.3862943611198906,9,NN,0.0,0.0
steadying,1,0.6931471805599453,9,VBG,0.0,0.0
stimulate,1,0.6931471805599453,9,JJ,0.0,0.0
stockings,1,0.6931471805599453,9,NNS,0.0,0.0
struggles,2,1.0986122886681096,9,NNS,0.0,0.0
subjected,1,0.6931471805599453,9,VBD,0.0,0.0
suffering,3,1.3862943611198906,9,VBG,0.0,0.0
suggested,3,1.3862943611198906,9,VBN,0.0,0.0
surpassed,1,0.6931471805599453,9,JJ,0.0,0.0
suspicion,2,1.0986122886681096,9,NN,0.0,0.0
technique,3,1.3862943611198906,9,NN,0.0,0.0
telescope,1,0.6931471805599453,9,NN,0.0,0.0
territory,1,0.6931471805599453,9,NN,0.0,0.0
testimony,1,0.6931471805599453,9,NN,0.0,0.0
thousands,1,0.6931471805599453,9,NNS,0.0,0.0
tradition,5,1.791759469228055,9,NN,0.0,0.0
trampling,1,0.6931471805599453,9,VBG,0.0,0.0
transform,2,1.0986122886681096,9,NN,0.0,0.0
travelers,2,1.0986122886681096,9,NNS,0.0,0.0
treatment,6,1.9459101490553132,9,NN,0.0,0.0
typically,1,0.6931471805599453,9,RB,0.0,0.0
unanimous,1,0.6931471805599453,9,JJ,0.0,0.0
uncertain,1,0.6931471805599453,9,NN,0.0,0.0
underhand,1,0.6931471805599453,9,JJ,0.0,0.0
universal,2,1.0986122886681096,9,NN,0.0,0.0
unnatural,1,0.6931471805599453,9,JJ,0.0,0.0
untrodden,1,0.6931471805599453,9,JJ,0.0,0.0
upheavals,1,0.6931471805599453,9,NNS,0.0,0.0
victorian,9,2.302585092994046,9,JJ,0.0,0.0
victories,1,0.6931471805599453,9,NNS,0.0,0.0
villagers,10,2.3978952727983707,9,NNS,0.0,0.0
witnessed,2,1.0986122886681096,9,VBN,0.0,0.0
worldview,1,0.6931471805599453,9,NN,0.0,0.0
absolutely,2,1.0986122886681096,10,RB,0.0,0.0
absolution,1,0.6931471805599453,10,NN,0.0,0.0
acceptance,2,1.0986122886681096,10,NN,0.0,0.0
accomplish,2,1.0986122886681096,10,JJ,0.0,0.0
admiration,1,0.6931471805599453,10,NN,0.0,0.0
adventurer,1,0.6931471805599453,10,VBP,0.0,0.0
adventures,2,1.0986122886681096,10,NNS,0.0,0.0
aesthetics,2,1.0986122886681096,10,NNS,0.0,0.0
affinities,2,1.0986122886681096,10,NNS,0.0,0.0
aggressive,2,1.0986122886681096,10,JJ,0.0,0.0
antisocial,1,0.6931471805599453,10,JJ,0.0,0.0
appearance,3,1.3862943611198906,10,JJ,0.0,0.0
approached,1,0.6931471805599453,10,VBD,0.0,0.0
ascendancy,1,0.6931471805599453,10,NN,0.0,0.0
aspiration,1,0.6931471805599453,10,NN,0.0,0.0
assertions,1,0.6931471805599453,10,NNS,0.0,0.0
associated,2,1.0986122886681096,10,VBN,0.0,0.0
atmosphere,4,1.6094379124341003,10,NN,0.0,0.0
attraction,1,0.6931471805599453,10,NN,0.0,0.0
background,3,1.3862943611198906,10,NN,0.0,0.0
believable,1,0.6931471805599453,10,JJ,0.0,0.0
belittling,1,0.6931471805599453,10,NN,0.0,0.0
benevolent,2,1.0986122886681096,10,NN,0.0,0.0
brilliance,1,0.6931471805599453,10,NN,0.0,0.0
bureaucrat,2,1.0986122886681096,10,NN,0.0,0.0
campaigner,1,0.6931471805599453,10,NN,0.0,0.0
capricious,1,0.6931471805599453,10,JJ,0.0,0.0
caricature,1,0.6931471805599453,10,NN,0.0,0.0
characters,32,3.4965075614664802,10,NNS,0.0,0.0
chattering,1,0.6931471805599453,10,VBG,0.0,0.0
christians,1,0.6931471805599453,10,NNS,0.0,0.0
civilizing,2,1.0986122886681096,10,VBG,0.0,0.0
committing,1,0.6931471805599453,10,VBG,0.0,0.0
complacent,1,0.6931471805599453,10,JJ,0.0,0.0
complaints,1,0.6931471805599453,10,NNS,0.0,0.0
completely,6,1.9459101490553132,10,RB,0.0,0.0
compliance,1,0.6931471805599453,10,NN,0.0,0.0
comprehend,2,1.0986122886681096,10,NN,0.0,0.0
conditions,3,1.3862943611198906,10,NNS,0.0,0.0
connecting,1,0.6931471805599453,10,VBG,0.0,0.0
connection,2,1.0986122886681096,10,NN,0.0,0.0
conscience,1,0.6931471805599453,10,NN,0.0,0.0
constantly,4,1.6094379124341003,10,RB,0.0,0.0
constitute,3,1.3862943611198906,10,VBP,0.0,0.0
continuing,1,0.6931471805599453,10,VBG,0.0,0.0
continuous,3,1.3862943611198906,10,JJ,0.0,0.0
contrasted,2,1.0986122886681096,10,VBN,0.0,0.0
controlled,2,1.0986122886681096,10,VBN,0.0,0.0
conversely,1,0.6931471805599453,10,RB,0.0,0.0
cornfields,1,0.6931471805599453,10,NNS,0.0,0.0
cosidering,1,0.6931471805599453,10,VBG,0.0,0.0
creativity,2,1.0986122886681096,10,NN,0.0,0.0
criticized,1,0.6931471805599453,10,VBN,0.0,0.0
cultivated,2,1.0986122886681096,10,VBN,0.0,0.0
definitel3,1,0.6931471805599453,10,RBR,0.0,0.0
definitely,1,0.6931471805599453,10,RB,0.0,0.0
democratic,1,0.6931471805599453,10,JJ,0.0,0.0
depression,1,0.6931471805599453,10,NN,0.0,0.0
describing,2,1.0986122886681096,10,VBG,0.0,0.0
designated,1,0.6931471805599453,10,VBN,0.0,0.0
determined,2,1.0986122886681096,10,JJ,0.0,0.0
diabolical,1,0.6931471805599453,10,JJ,0.0,0.0
difficulty,1,0.6931471805599453,10,NN,0.0,0.0
dimensions,1,0.6931471805599453,10,NNS,0.0,0.0
dimmesdale,3,1.3862943611198906,10,JJ,0.0,0.0
discontent,1,0.6931471805599453,10,NN,0.0,0.0
discussing,1,0.6931471805599453,10,VBG,0.0,0.0
discussion,3,1.3862943611198906,10,NN,0.0,0.0
displaying,1,0.6931471805599453,10,VBG,0.0,0.0
distinctly,1,0.6931471805599453,10,RB,0.0,0.0
earthquake,1,0.6931471805599453,10,NN,0.0,0.0
eighteenth,6,1.9459101490553132,10,NNS,0.0,0.0
emphasizes,1,0.6931471805599453,10,JJ,0.0,0.0
employment,2,1.0986122886681096,10,NN,0.0,0.0
encouraged,1,0.6931471805599453,10,VBD,0.0,0.0
endeavours,1,0.6931471805599453,10,NNS,0.0,0.0
englishman,1,0.6931471805599453,10,JJ,0.0,0.0
enterprise,2,1.0986122886681096,10,VBP,0.0,0.0
enthusiasm,1,0.6931471805599453,10,NN,0.0,0.0
equanimity,1,0.6931471805599453,10,NN,0.0,0.0
equipments,1,0.6931471805599453,10,NNS,0.0,0.0
especially,7,2.0794415416798357,10,RB,0.0,0.0
eventually,3,1.3862943611198906,10,RB,0.0,0.0
exceptions,1,0.6931471805599453,10,NNS,0.0,0.0
exhaustion,1,0.6931471805599453,10,NN,0.0,0.0
exigencies,1,0.6931471805599453,10,NNS,0.0,0.0
experiment,3,1.3862943611198906,10,JJ,0.0,0.0
expressing,3,1.3862943611198906,10,VBG,0.0,0.0
expression,7,2.0794415416798357,10,NN,0.0,0.0
fearlessly,1,0.6931471805599453,10,RB,0.0,0.0
forbidding,1,0.6931471805599453,10,VBG,0.0,0.0
functional,1,0.6931471805599453,10,JJ,0.0,0.0
government,12,2.5649493574615367,10,NN,0.0,0.0
habitation,2,1.0986122886681096,10,NN,0.0,0.0
happenings,2,1.0986122886681096,10,NNS,0.0,0.0
heightened,1,0.6931471805599453,10,VBD,0.0,0.0
historical,6,1.9459101490553132,10,JJ,0.0,0.0
houyhnhnms,2,1.0986122886681096,10,RBR,0.0,0.0
immigrants,2,1.0986122886681096,10,NNS,0.0,0.0
immobility,1,0.6931471805599453,10,NN,0.0,0.0
impersonal,1,0.6931471805599453,10,JJ,0.0,0.0
impossible,3,1.3862943611198906,10,JJ,0.0,0.0
impression,1,0.6931471805599453,10,NN,0.0,0.0
impressive,3,1.3862943611198906,10,JJ,0.0,0.0
incredible,1,0.6931471805599453,10,JJ,0.0,0.0
indicating,2,1.0986122886681096,10,VBG,0.0,0.0
indicative,1,0.6931471805599453,10,JJ,0.0,0.0
indigenous,2,1.0986122886681096,10,JJ,0.0,0.0
indirectly,1,0.6931471805599453,10,RB,0.0,0.0
individual,19,2.995732273553991,10,JJ,0.0,0.0
influenced,1,0.6931471805599453,10,VBD,0.0,0.0
infringing,1,0.6931471805599453,10,JJ,0.0,0.0
inhumanity,1,0.6931471805599453,10,NN,0.0,0.0
injustices,3,1.3862943611198906,10,NNS,0.0,0.0
insurgency,1,0.6931471805599453,10,RB,0.0,0.0
integrated,1,0.6931471805599453,10,VBN,0.0,0.0
interacted,1,0.6931471805599453,10,VBN,0.0,0.0
interested,2,1.0986122886681096,10,JJ,0.0,0.0
introduced,2,1.0986122886681096,10,JJ,0.0,0.0
introduces,2,1.0986122886681096,10,NNS,0.0,0.0
ironically,1,0.6931471805599453,10,RB,0.0,0.0
irrational,1,0.6931471805599453,10,JJ,0.0,0.0
jingoistic,1,0.6931471805599453,10,JJ,0.0,0.0
kilometres,1,0.6931471805599453,10,NNS,0.0,0.0
leadership,1,0.6931471805599453,10,NN,0.0,0.0
legitimate,1,0.6931471805599453,10,VBP,0.0,0.0
lighthouse,1,0.6931471805599453,10,IN,0.0,0.0
loneliness,1,0.6931471805599453,10,NN,0.0,0.0
mechanised,1,0.6931471805599453,10,JJ,0.0,0.0
migrations,1,0.6931471805599453,10,NNS,0.0,0.0
modernists,1,0.6931471805599453,10,NNS,0.0,0.0
motivation,1,0.6931471805599453,10,NN,0.0,0.0
mysterious,2,1.0986122886681096,10,JJ,0.0,0.0
neighbours,5,1.791759469228055,10,JJ,0.0,0.0
objections,1,0.6931471805599453,10,NNS,0.0,0.0
occupation,1,0.6931471805599453,10,NN,0.0,0.0
operations,1,0.6931471805599453,10,NNS,0.0,0.0
oppressive,2,1.0986122886681096,10,JJ,0.0,0.0
originally,1,0.6931471805599453,10,RB,0.0,0.0
outworkers,1,0.6931471805599453,10,NNS,0.0,0.0
overlooked,1,0.6931471805599453,10,VBD,0.0,0.0
paragraphs,1,0.6931471805599453,10,JJ,0.0,0.0
particular,14,2.70805020110221,10,JJ,0.0,0.0
performers,1,0.6931471805599453,10,NNS,0.0,0.0
performing,2,1.0986122886681096,10,VBG,0.0,0.0
permission,1,0.6931471805599453,10,NN,0.0,0.0
perseveres,1,0.6931471805599453,10,NNS,0.0,0.0
personally,1,0.6931471805599453,10,RB,0.0,0.0
persuading,1,0.6931471805599453,10,VBG,0.0,0.0
pertaining,1,0.6931471805599453,10,VBG,0.0,0.0
philosophy,3,1.3862943611198906,10,NN,0.0,0.0
poetically,1,0.6931471805599453,10,RB,0.0,0.0
population,4,1.6094379124341003,10,NN,0.0,0.0
positioned,1,0.6931471805599453,10,VBD,0.0,0.0
prediction,1,0.6931471805599453,10,NN,0.0,0.0
prejudices,2,1.0986122886681096,10,NNS,0.0,0.0
principles,6,1.9459101490553132,10,NNS,0.0,0.0
privileges,1,0.6931471805599453,10,NNS,0.0,0.0
production,15,2.772588722239781,10,NN,0.0,0.0
pronounced,1,0.6931471805599453,10,VBD,0.0,0.0
properties,2,1.0986122886681096,10,NNS,0.0,0.0
proportion,1,0.6931471805599453,10,VBP,0.0,0.0
prosperity,1,0.6931471805599453,10,NN,0.0,0.0
protecting,2,1.0986122886681096,10,NN,0.0,0.0
protection,1,0.6931471805599453,10,NN,0.0,0.0
protracted,1,0.6931471805599453,10,VBD,0.0,0.0
proverbial,2,1.0986122886681096,10,JJ,0.0,0.0
psychology,3,1.3862943611198906,10,NN,0.0,0.0
punishment,2,1.0986122886681096,10,NN,0.0,0.0
recognized,4,1.6094379124341003,10,VBN,0.0,0.0
recollects,1,0.6931471805599453,10,NNS,0.0,0.0
recovering,1,0.6931471805599453,10,VBG,0.0,0.0
recruiting,1,0.6931471805599453,10,VBG,0.0,0.0
redefining,1,0.6931471805599453,10,VBG,0.0,0.0
relatively,2,1.0986122886681096,10,RB,0.0,0.0
relentless,1,0.6931471805599453,10,JJ,0.0,0.0
reluctance,1,0.6931471805599453,10,NN,0.0,0.0
repeatedly,3,1.3862943611198906,10,RB,0.0,0.0
represents,3,1.3862943611198906,10,VBZ,0.0,0.0
resistance,2,1.0986122886681096,10,NN,0.0,0.0
restricted,3,1.3862943611198906,10,VBD,0.0,0.0
revolution,8,2.1972245773362196,10,NN,0.0,0.0
rigorously,1,0.6931471805599453,10,RB,0.0,0.0
ringmaster,1,0.6931471805599453,10,JJ,0.0,0.0
schoolroom,1,0.6931471805599453,10,NN,0.0,0.0
scientific,9,2.302585092994046,10,JJ,0.0,0.0
simulating,1,0.6931471805599453,10,VBG,0.0,0.0
situations,3,1.3862943611198906,10,NNS,0.0,0.0
statements,3,1.3862943611198906,10,NNS,0.0,0.0
stepmother,1,0.6931471805599453,10,RB,0.0,0.0
stimulated,1,0.6931471805599453,10,VBN,0.0,0.0
storehouse,1,0.6931471805599453,10,JJ,0.0,0.0
structured,2,1.0986122886681096,10,VBN,0.0,0.0
successful,1,0.6931471805599453,10,JJ,0.0,0.0
successive,1,0.6931471805599453,10,JJ,0.0,0.0
sufficient,1,0.6931471805599453,10,NN,0.0,0.0
suggestive,1,0.6931471805599453,10,JJ,0.0,0.0
supervised,2,1.0986122886681096,10,JJ,0.0,0.0
surrounded,1,0.6931471805599453,10,JJ,0.0,0.0
sympathies,1,0.6931471805599453,10,NNS,0.0,0.0
tangential,1,0.6931471805599453,10,JJ,0.0,0.0
television,2,1.0986122886681096,10,NN,0.0,0.0
theatrical,1,0.6931471805599453,10,JJ,0.0,0.0
themselves,7,2.0794415416798357,10,PRP,0.0,0.0
thereafter,2,1.0986122886681096,10,RB,0.0,0.0
throughout,4,1.6094379124341003,10,IN,0.0,0.0
traditions,3,1.3862943611198906,10,NNS,0.0,0.0
transition,1,0.6931471805599453,10,NN,0.0,0.0
transitory,1,0.6931471805599453,10,NN,0.0,0.0
tremendous,2,1.0986122886681096,10,JJ,0.0,0.0
turbulence,1,0.6931471805599453,10,NN,0.0,0.0
unaffected,1,0.6931471805599453,10,JJ,0.0,0.0
unbearable,1,0.6931471805599453,10,JJ,0.0,0.0
undermined,1,0.6931471805599453,10,JJ,0.0,0.0
understand,10,2.3978952727983707,10,NN,0.0,0.0
undertones,1,0.6931471805599453,10,NNS,0.0,0.0
ungrateful,1,0.6931471805599453,10,JJ,0.0,0.0
university,2,1.0986122886681096,10,NN,0.0,0.0
unorthodox,2,1.0986122886681096,10,JJ,0.0,0.0
unreliable,1,0.6931471805599453,10,JJ,0.0,0.0
unyielding,1,0.6931471805599453,10,JJ,0.0,0.0
vehemently,1,0.6931471805599453,10,RB,0.0,0.0
vigorously,1,0.6931471805599453,10,RB,0.0,0.0
vocabulary,1,0.6931471805599453,10,VBP,0.0,0.0
achievement,1,0.6931471805599453,11,JJ,0.0,0.0
adaptations,1,0.6931471805599453,11,NNS,0.0,0.0
adolescence,2,1.0986122886681096,11,VBP,0.0,0.0
advancement,2,1.0986122886681096,11,JJ,0.0,0.0
agriculture,2,1.0986122886681096,11,NN,0.0,0.0
alternately,1,0.6931471805599453,11,RB,0.0,0.0
application,1,0.6931471805599453,11,NN,0.0,0.0
appointment,4,1.6094379124341003,11,NN,0.0,0.0
appreciates,1,0.6931471805599453,11,NNS,0.0,0.0
aristocracy,1,0.6931471805599453,11,NN,0.0,0.0
aristocrats,1,0.6931471805599453,11,NNS,0.0,0.0
associating,1,0.6931471805599453,11,VBG,0.0,0.0
bibliophile,1,0.6931471805599453,11,JJ,0.0,0.0
celebration,1,0.6931471805599453,11,NN,0.0,0.0
challenging,1,0.6931471805599453,11,VBG,0.0,0.0
comfortable,1,0.6931471805599453,11,JJ,0.0,0.0
comparisons,1,0.6931471805599453,11,NNS,0.0,0.0
competitive,1,0.6931471805599453,11,JJ,0.0,0.0
complaining,1,0.6931471805599453,11,NN,0.0,0.0
consciously,5,1.791759469228055,11,RB,0.0,0.0
constructed,5,1.791759469228055,11,JJ,0.0,0.0
contentment,1,0.6931471805599453,11,NN,0.0,0.0
contraction,1,0.6931471805599453,11,NN,0.0,0.0
contributed,2,1.0986122886681096,11,VBD,0.0,0.0
convenience,2,1.0986122886681096,11,NN,0.0,0.0
conventions,1,0.6931471805599453,11,NNS,0.0,0.0
counselling,1,0.6931471805599453,11,VBG,0.0,0.0
counterfeit,1,0.6931471805599453,11,JJ,0.0,0.0
countryside,1,0.6931471805599453,11,NN,0.0,0.0
culminating,1,0.6931471805599453,11,VBG,0.0,0.0
daydreaming,1,0.6931471805599453,11,VBG,0.0,0.0
delineating,1,0.6931471805599453,11,VBG,0.0,0.0
demonstrate,1,0.6931471805599453,11,JJ,0.0,0.0
description,6,1.9459101490553132,11,NN,0.0,0.0
destruction,2,1.0986122886681096,11,NN,0.0,0.0
determining,1,0.6931471805599453,11,VBG,0.0,0.0
development,4,1.6094379124341003,11,NN,0.0,0.0
differences,2,1.0986122886681096,11,NNS,0.0,0.0
disciplined,1,0.6931471805599453,11,VBD,0.0,0.0
discordance,1,0.6931471805599453,11,NN,0.0,0.0
discoveries,1,0.6931471805599453,11,NNS,0.0,0.0
disgraceful,1,0.6931471805599453,11,JJ,0.0,0.0
disparities,4,1.6094379124341003,11,NNS,0.0,0.0
distributes,1,0.6931471805599453,11,NNS,0.0,0.0
diversities,1,0.6931471805599453,11,NNS,0.0,0.0
earnestness,1,0.6931471805599453,11,VBP,0.0,0.0
educational,13,2.639057329615259,11,JJ,0.0,0.0
emotionally,1,0.6931471805599453,11,RB,0.0,0.0
emphasising,1,0.6931471805599453,11,VBG,0.0,0.0
encountered,1,0.6931471805599453,11,VBD,0.0,0.0
engendering,1,0.6931471805599453,11,NN,0.0,0.0
environment,6,1.9459101490553132,11,NN,0.0,0.0
established,5,1.791759469228055,11,VBN,0.0,0.0
establishes,2,1.0986122886681096,11,NNS,0.0,0.0
expectation,1,0.6931471805599453,11,NN,0.0,0.0
experiments,6,1.9459101490553132,11,NNS,0.0,0.0
explanation,1,0.6931471805599453,11,NN,0.0,0.0
fantastical,1,0.6931471805599453,11,JJ,0.0,0.0
fascinating,1,0.6931471805599453,11,NN,0.0,0.0
foregrounds,1,0.6931471805599453,11,VBP,0.0,0.0
formulating,1,0.6931471805599453,11,VBG,0.0,0.0
fortunately,1,0.6931471805599453,11,RB,0.0,0.0
generations,2,1.0986122886681096,11,NNS,0.0,0.0
governments,1,0.6931471805599453,11,NNS,0.0,0.0
grandmother,1,0.6931471805599453,11,NN,0.0,0.0
ideological,3,1.3862943611198906,11,JJ,0.0,0.0
imperialism,4,1.6094379124341003,11,NN,0.0,0.0
impertinent,1,0.6931471805599453,11,NN,0.0,0.0
implication,1,0.6931471805599453,11,NN,0.0,0.0
importantly,1,0.6931471805599453,11,RB,0.0,0.0
impregnable,1,0.6931471805599453,11,JJ,0.0,0.0
inaugurated,1,0.6931471805599453,11,VBD,0.0,0.0
incantatory,1,0.6931471805599453,11,JJ,0.0,0.0
indifferent,1,0.6931471805599453,11,JJ,0.0,0.0
individuals,1,0.6931471805599453,11,NNS,0.0,0.0
information,5,1.791759469228055,11,NN,0.0,0.0
inheritance,2,1.0986122886681096,11,NN,0.0,0.0
innumerable,1,0.6931471805599453,11,JJ,0.0,0.0
interaction,2,1.0986122886681096,11,NN,0.0,0.0
interfering,1,0.6931471805599453,11,VBG,0.0,0.0
interpreted,2,1.0986122886681096,11,JJ,0.0,0.0
interregnum,4,1.6094379124341003,11,NN,0.0,0.0
introducing,1,0.6931471805599453,11,VBG,0.0,0.0
investigate,1,0.6931471805599453,11,JJ,0.0,0.0
involvement,1,0.6931471805599453,11,NN,0.0,0.0
lamentation,1,0.6931471805599453,11,NN,0.0,0.0
mahabharata,1,0.6931471805599453,11,JJ,0.0,0.0
materialism,1,0.6931471805599453,11,NN,0.0,0.0
materialist,1,0.6931471805599453,11,NN,0.0,0.0
mercenaries,1,0.6931471805599453,11,NNS,0.0,0.0
nationalist,2,1.0986122886681096,11,JJ,0.0,0.0
nationality,1,0.6931471805599453,11,NN,0.0,0.0
necessarily,1,0.6931471805599453,11,RB,0.0,0.0
necessities,1,0.6931471805599453,11,NNS,0.0,0.0
opportunity,2,1.0986122886681096,11,NN,0.0,0.0
originality,1,0.6931471805599453,11,NN,0.0,0.0
overwhelmed,1,0.6931471805599453,11,JJ,0.0,0.0
parallelism,1,0.6931471805599453,11,NN,0.0,0.0
paramountcy,1,0.6931471805599453,11,NN,0.0,0.0
participant,1,0.6931471805599453,11,NN,0.0,0.0
participate,3,1.3862943611198906,11,NN,0.0,0.0
perceptions,1,0.6931471805599453,11,NNS,0.0,0.0
permanently,1,0.6931471805599453,11,RB,0.0,0.0
persecuting,1,0.6931471805599453,11,VBG,0.0,0.0
personality,5,1.791759469228055,11,NN,0.0,0.0
philosopher,1,0.6931471805599453,11,NN,0.0,0.0
playwrights,1,0.6931471805599453,11,NNS,0.0,0.0
possibility,1,0.6931471805599453,11,NN,0.0,0.0
predictable,1,0.6931471805599453,11,JJ,0.0,0.0
preparation,1,0.6931471805599453,11,NN,0.0,0.0
primitivism,1,0.6931471805599453,11,NN,0.0,0.0
progressive,3,1.3862943611198906,11,JJ,0.0,0.0
punishments,2,1.0986122886681096,11,NNS,0.0,0.0
realization,4,1.6094379124341003,11,NN,0.0,0.0
reluctantly,1,0.6931471805599453,11,RB,0.0,0.0
reorganized,1,0.6931471805599453,11,VBN,0.0,0.0
replacement,1,0.6931471805599453,11,NN,0.0,0.0
replicating,2,1.0986122886681096,11,VBG,0.0,0.0
represented,7,2.0794415416798357,11,VBN,0.0,0.0
residential,1,0.6931471805599453,11,JJ,0.0,0.0
responsible,5,1.791759469228055,11,JJ,0.0,0.0
revolutions,1,0.6931471805599453,11,NNS,0.0,0.0
segregation,1,0.6931471805599453,11,NN,0.0,0.0
sensitivity,1,0.6931471805599453,11,NN,0.0,0.0
settlements,2,1.0986122886681096,11,NNS,0.0,0.0
significant,10,2.3978952727983707,11,JJ,0.0,0.0
smouldering,1,0.6931471805599453,11,VBG,0.0,0.0
speculative,1,0.6931471805599453,11,JJ,0.0,0.0
spontaneity,1,0.6931471805599453,11,NN,0.0,0.0
spontaneous,1,0.6931471805599453,11,JJ,0.0,0.0
subjugation,1,0.6931471805599453,11,NN,0.0,0.0
subsistence,2,1.0986122886681096,11,NN,0.0,0.0
substantial,1,0.6931471805599453,11,JJ,0.0,0.0
superiority,4,1.6094379124341003,11,NN,0.0,0.0
surrounding,2,1.0986122886681096,11,VBG,0.0,0.0
sympathetic,1,0.6931471805599453,11,JJ,0.0,0.0
symptomatic,1,0.6931471805599453,11,JJ,0.0,0.0
temperament,1,0.6931471805599453,11,NN,0.0,0.0
theological,1,0.6931471805599453,11,JJ,0.0,0.0
translation,2,1.0986122886681096,11,NN,0.0,0.0
uncivilized,2,1.0986122886681096,11,JJ,0.0,0.0
undertaking,1,0.6931471805599453,11,NN,0.0,0.0
unfortunate,2,1.0986122886681096,11,JJ,0.0,0.0
unknowingly,1,0.6931471805599453,11,RB,0.0,0.0
vivekananda,1,0.6931471805599453,11,VBP,0.0,0.0
accompanying,1,0.6931471805599453,12,VBG,0.0,0.0
achievements,3,1.3862943611198906,12,NNS,0.0,0.0
acknowledged,1,0.6931471805599453,12,VBD,0.0,0.0
associations,1,0.6931471805599453,12,NNS,0.0,0.0
authenticity,5,1.791759469228055,12,NN,0.0,0.0
breakthrough,1,0.6931471805599453,12,IN,0.0,0.0
civilization,3,1.3862943611198906,12,NN,0.0,0.0
colonialists,1,0.6931471805599453,12,VBZ,0.0,0.0
colonization,1,0.6931471805599453,12,NN,0.0,0.0
conservative,1,0.6931471805599453,12,JJ,0.0,0.0
considerably,1,0.6931471805599453,12,RB,0.0,0.0
consolidated,1,0.6931471805599453,12,VBD,0.0,0.0
constructive,1,0.6931471805599453,12,JJ,0.0,0.0
contribution,2,1.0986122886681096,12,NN,0.0,0.0
conversation,2,1.0986122886681096,12,NN,0.0,0.0
demonstrates,1,0.6931471805599453,12,VBZ,0.0,0.0
descriptions,3,1.3862943611198906,12,NNS,0.0,0.0
disappointed,1,0.6931471805599453,12,JJ,0.0,0.0
disturbances,1,0.6931471805599453,12,NNS,0.0,0.0
economically,1,0.6931471805599453,12,RB,0.0,0.0
enlightening,1,0.6931471805599453,12,VBG,0.0,0.0
experimental,1,0.6931471805599453,12,JJ,0.0,0.0
exploitation,1,0.6931471805599453,12,NN,0.0,0.0
expropriated,1,0.6931471805599453,12,VBD,0.0,0.0
frankenstein,1,0.6931471805599453,12,NN,0.0,0.0
geographical,2,1.0986122886681096,12,JJ,0.0,0.0
impressively,1,0.6931471805599453,12,RB,0.0,0.0
independence,6,1.9459101490553132,12,NN,0.0,0.0
investigates,1,0.6931471805599453,12,VBZ,0.0,0.0
legislations,2,1.0986122886681096,12,NNS,0.0,0.0
lilliputians,2,1.0986122886681096,12,VBZ,0.0,0.0
marginalized,1,0.6931471805599453,12,VBD,0.0,0.0
masquerading,1,0.6931471805599453,12,VBG,0.0,0.0
metaphorical,1,0.6931471805599453,12,JJ,0.0,0.0
missionaries,4,1.6094379124341003,12,NNS,0.0,0.0
mythological,1,0.6931471805599453,12,JJ,0.0,0.0
neighborhood,1,0.6931471805599453,12,NN,0.0,0.0
particularly,5,1.791759469228055,12,RB,0.0,0.0
philistinism,1,0.6931471805599453,12,NN,0.0,0.0
predecessors,1,0.6931471805599453,12,NNS,0.0,0.0
presentation,3,1.3862943611198906,12,NN,0.0,0.0
professional,3,1.3862943611198906,12,JJ,0.0,0.0
recollection,2,1.0986122886681096,12,NN,0.0,0.0
registration,2,1.0986122886681096,12,NN,0.0,0.0
relationship,7,2.0794415416798357,12,NN,0.0,0.0
relentlessly,2,1.0986122886681096,12,RB,0.0,0.0
restrictions,1,0.6931471805599453,12,NNS,0.0,0.0
resurrecting,1,0.6931471805599453,12,VBG,0.0,0.0
satisfaction,1,0.6931471805599453,12,NN,0.0,0.0
shortcomings,1,0.6931471805599453,12,NNS,0.0,0.0
singlehanded,1,0.6931471805599453,12,VBD,0.0,0.0
sociological,1,0.6931471805599453,12,JJ,0.0,0.0
sociologists,1,0.6931471805599453,12,NNS,0.0,0.0
stranglehold,1,0.6931471805599453,12,NN,0.0,0.0
subcontinent,1,0.6931471805599453,12,JJ,0.0,0.0
superstition,1,0.6931471805599453,12,NN,0.0,0.0
transitional,2,1.0986122886681096,12,JJ,0.0,0.0
transmission,1,0.6931471805599453,12,NN,0.0,0.0
unquenchable,1,0.6931471805599453,12,JJ,0.0,0.0
acknowledging,1,0.6931471805599453,13,VBG,0.0,0.0
antiapartheid,1,0.6931471805599453,13,JJ,0.0,0.0
autobiography,1,0.6931471805599453,13,NN,0.0,0.0
chillingworth,1,0.6931471805599453,13,NN,0.0,0.0
communicative,2,1.0986122886681096,13,JJ,0.0,0.0
comprehension,2,1.0986122886681096,13,NN,0.0,0.0
concentrating,1,0.6931471805599453,13,VBG,0.0,0.0
conscientious,1,0.6931471805599453,13,JJ,0.0,0.0
consciousness,4,1.6094379124341003,13,JJ,0.0,0.0
contemplating,1,0.6931471805599453,13,VBG,0.0,0.0
distinguished,1,0.6931471805599453,13,VBD,0.0,0.0
entertainment,1,0.6931471805599453,13,NN,0.0,0.0
establishment,6,1.9459101490553132,13,NN,0.0,0.0
experimenting,1,0.6931471805599453,13,VBG,0.0,0.0
extraordinary,1,0.6931471805599453,13,JJ,0.0,0.0
granddaughter,1,0.6931471805599453,13,RBR,0.0,0.0
inadvertently,1,0.6931471805599453,13,RB,0.0,0.0
individuality,5,1.791759469228055,13,NN,0.0,0.0
intrinsically,1,0.6931471805599453,13,RB,0.0,0.0
irresponsible,1,0.6931471805599453,13,JJ,0.0,0.0
justification,1,0.6931471805599453,13,NN,0.0,0.0
manifestation,2,1.0986122886681096,13,NN,0.0,0.0
manufacturing,2,1.0986122886681096,13,VBG,0.0,0.0
materialistic,1,0.6931471805599453,13,JJ,0.0,0.0
metamorphoses,1,0.6931471805599453,13,NNS,0.0,0.0
modernization,1,0.6931471805599453,13,NN,0.0,0.0
multicoloured,1,0.6931471805599453,13,VBD,0.0,0.0
neighbourhood,1,0.6931471805599453,13,NN,0.0,0.0
participation,1,0.6931471805599453,13,VBP,0.0,0.0
philosophical,4,1.6094379124341003,13,JJ,0.0,0.0
possibilities,3,1.3862943611198906,13,NNS,0.0,0.0
precipitating,2,1.0986122886681096,13,VBG,0.0,0.0
repercussions,1,0.6931471805599453,13,NNS,0.0,0.0
sophisticated,2,1.0986122886681096,13,JJ,0.0,0.0
superstitious,2,1.0986122886681096,13,JJ,0.0,0.0
uncomplicated,1,0.6931471805599453,13,JJ,0.0,0.0
understanding,8,2.1972245773362196,13,NN,0.0,0.0
unobtrusively,1,0.6931471805599453,13,RB,0.0,0.0
unprecedented,1,0.6931471805599453,13,JJ,0.0,0.0
unwillingness,1,0.6931471805599453,13,JJ,0.0,0.0
characteristic,2,1.0986122886681096,14,JJ,0.0,0.0
comprehensible,3,1.3862943611198906,14,JJ,0.0,0.0
contemporaries,1,0.6931471805599453,14,NNS,0.0,0.0
dehumanisation,1,0.6931471805599453,14,NN,0.0,0.0
impressiveness,1,0.6931471805599453,14,NN,0.0,0.0
indiscriminate,1,0.6931471805599453,14,NN,0.0,0.0
industrialized,1,0.6931471805599453,14,VBD,0.0,0.0
intellectually,1,0.6931471805599453,14,RB,0.0,0.0
proportionally,1,0.6931471805599453,14,RB,0.0,0.0
psychoanalysis,1,0.6931471805599453,14,VBP,0.0,0.0
recommendation,2,1.0986122886681096,14,NN,0.0,0.0
transformation,2,1.0986122886681096,14,JJ,0.0,0.0
unconventional,1,0.6931471805599453,14,JJ,0.0,0.0
administrations,1,0.6931471805599453,15,NNS,0.0,0.0
anthropological,1,0.6931471805599453,15,JJ,0.0,0.0
anthropologists,1,0.6931471805599453,15,NNS,0.0,0.0
representations,2,1.0986122886681096,15,NNS,0.0,0.0
resourcefulness,1,0.6931471805599453,15,NN,0.0,0.0
revolutionaries,1,0.6931471805599453,15,NNS,0.0,0.0
sanctimoniously,1,0.6931471805599453,15,RB,0.0,0.0
lit,3,1.3862943611198906,3,JJ,12.0,48.0
bald,1,0.6931471805599453,4,IN,9.0,36.0
beer,1,0.6931471805599453,4,NN,3.0,12.0
cult,1,0.6931471805599453,4,NN,15.0,60.0
dash,1,0.6931471805599453,4,NN,5.0,20.0
fare,1,0.6931471805599453,4,NN,22.0,88.0
hast,1,0.6931471805599453,4,NN,10.0,40.0
hone,1,0.6931471805599453,4,NN,10.0,40.0
hymn,1,0.6931471805599453,4,NN,7.0,28.000000000000004
nigh,1,0.6931471805599453,4,JJ,20.0,80.0
pawn,1,0.6931471805599453,4,NN,15.0,60.0
slum,1,0.6931471805599453,4,NN,10.0,40.0
wits,1,0.6931471805599453,4,NNS,15.0,60.0
yarn,1,0.6931471805599453,4,JJ,19.0,76.0
mock,2,1.0986122886681096,4,NN,17.0,68.0
myth,2,1.0986122886681096,4,VB,6.0,24.0
scar,2,1.0986122886681096,4,NN,13.0,52.0
sums,2,1.0986122886681096,4,JJ,3.0,12.0
drew,3,1.3862943611198906,4,JJ,6.0,24.0
pale,3,1.3862943611198906,4,JJ,16.0,64.0
tale,3,1.3862943611198906,4,JJ,14.0,56.00000000000001
folk,4,1.6094379124341003,4,NN,10.0,40.0
host,4,1.6094379124341003,4,FW,4.0,16.0
plan,4,1.6094379124341003,4,NN,3.0,12.0
ship,4,1.6094379124341003,4,VBP,3.0,12.0
whip,6,1.9459101490553132,4,NN,7.0,28.000000000000004
aimed,2,1.0986122886681096,5,VBN,12.0,48.0
amuse,1,0.6931471805599453,5,RB,25.0,100.0
arbor,1,0.6931471805599453,5,NN,7.0,28.000000000000004
badge,1,0.6931471805599453,5,NN,7.0,28.000000000000004
bantu,1,0.6931471805599453,5,VBD,6.0,24.0
broad,3,1.3862943611198906,5,JJ,12.0,48.0
canoe,1,0.6931471805599453,5,VBP,7.0,28.000000000000004
canon,3,1.3862943611198906,5,JJ,20.0,80.0
chaos,2,1.0986122886681096,5,NN,8.0,32.0
chimp,6,1.9459101490553132,5,NN,7.0,28.000000000000004
cigar,4,1.6094379124341003,5,NN,8.0,32.0
coast,1,0.6931471805599453,5,VBP,7.0,28.000000000000004
comic,1,0.6931471805599453,5,JJ,8.0,32.0
crowd,1,0.6931471805599453,5,NN,3.0,12.0
cruel,2,1.0986122886681096,5,JJ,5.0,20.0
drown,1,0.6931471805599453,5,RP,3.0,12.0
fairy,1,0.6931471805599453,5,NN,18.0,72.0
genre,3,1.3862943611198906,5,VBP,16.0,64.0
globe,3,1.3862943611198906,5,NN,11.0,44.0
greed,2,1.0986122886681096,5,NN,5.0,20.0
gusts,1,0.6931471805599453,5,NNS,19.0,76.0
heads,11,2.4849066497880004,5,VBZ,5.0,20.0
jawed,2,1.0986122886681096,5,VBN,21.0,84.0
kills,2,1.0986122886681096,5,NNS,6.0,24.0
limbs,1,0.6931471805599453,5,JJ,3.0,12.0
mercy,3,1.3862943611198906,5,JJ,3.0,12.0
mores,1,0.6931471805599453,5,NNS,9.0,36.0
motif,3,1.3862943611198906,5,VBP,22.0,88.0
myths,3,1.3862943611198906,5,NNS,7.0,28.000000000000004
oddly,2,1.0986122886681096,5,RB,18.0,72.0
paved,1,0.6931471805599453,5,JJ,10.0,40.0
pearl,2,1.0986122886681096,5,NN,5.0,20.0
petty,1,0.6931471805599453,5,JJ,8.0,32.0
prime,1,0.6931471805599453,5,JJ,4.0,16.0
rapid,4,1.6094379124341003,5,JJ,9.0,36.0
seeks,2,1.0986122886681096,5,VBZ,4.0,16.0
socio,7,2.0794415416798357,5,NN,8.0,32.0
theft,1,0.6931471805599453,5,VBD,4.0,16.0
theme,2,1.0986122886681096,5,NN,7.0,28.000000000000004
thief,3,1.3862943611198906,5,JJ,3.0,12.0
toils,1,0.6931471805599453,5,NNS,7.0,28.000000000000004
trial,1,0.6931471805599453,5,NN,11.0,44.0
tribe,2,1.0986122886681096,5,NN,3.0,12.0
trope,1,0.6931471805599453,5,VBP,7.0,28.000000000000004
worse,3,1.3862943611198906,5,RBR,5.0,20.0
abrupt,1,0.6931471805599453,6,JJ,9.0,36.0
airing,1,0.6931471805599453,6,VBG,8.0,32.0
allude,2,1.0986122886681096,6,VBP,15.0,60.0
apathy,1,0.6931471805599453,6,JJ,10.0,40.0
arrest,2,1.0986122886681096,6,RB,5.0,20.0
avenue,1,0.6931471805599453,6,NN,17.0,68.0
barely,1,0.6931471805599453,6,RB,22.0,88.0
beaded,1,0.6931471805599453,6,VBD,13.0,52.0
betray,1,0.6931471805599453,6,NN,5.0,20.0
blurry,1,0.6931471805599453,6,VBP,18.0,72.0
calves,1,0.6931471805599453,6,NNS,9.0,36.0
change,18,2.9444389791664403,6,NN,6.0,24.0
claims,3,1.3862943611198906,6,VBZ,4.0,16.0
comics,2,1.0986122886681096,6,NNS,10.0,40.0
corpus,1,0.6931471805599453,6,NN,9.0,36.0
cracks,3,1.3862943611198906,6,NNS,7.0,28.000000000000004
damage,1,0.6931471805599453,6,NN,9.0,36.0
degree,2,1.0986122886681096,6,NN,3.0,12.0
delved,1,0.6931471805599453,6,VBD,12.0,48.0
denied,4,1.6094379124341003,6,VBD,8.0,32.0
devout,1,0.6931471805599453,6,IN,9.0,36.0
dreads,2,1.0986122886681096,6,NNS,5.0,20.0
dreams,1,0.6931471805599453,6,NNS,3.0,12.0
elicit,1,0.6931471805599453,6,NN,11.0,44.0
epochs,2,1.0986122886681096,6,NN,9.0,36.0
ethnic,1,0.6931471805599453,6,JJ,10.0,40.0
exodus,1,0.6931471805599453,6,VBP,9.0,36.0
fables,1,0.6931471805599453,6,NNS,21.0,84.0
facing,1,0.6931471805599453,6,VBG,4.0,16.0
ferret,1,0.6931471805599453,6,JJ,6.0,24.0
fleshy,1,0.6931471805599453,6,JJ,8.0,32.0
freely,2,1.0986122886681096,6,RB,3.0,12.0
gained,2,1.0986122886681096,6,VBD,4.0,16.0
ghosts,2,1.0986122886681096,6,NNS,4.0,16.0
guilty,3,1.3862943611198906,6,JJ,16.0,64.0
gushed,1,0.6931471805599453,6,VBN,7.0,28.000000000000004
impair,1,0.6931471805599453,6,JJ,14.0,56.00000000000001
inform,2,1.0986122886681096,6,NN,8.0,32.0
island,2,1.0986122886681096,6,NN,3.0,12.0
joyous,1,0.6931471805599453,6,JJ,7.0,28.000000000000004
kitten,1,0.6931471805599453,6,JJ,17.0,68.0
knives,1,0.6931471805599453,6,NNS,3.0,12.0
lament,1,0.6931471805599453,6,NN,9.0,36.0
leaned,1,0.6931471805599453,6,VBD,15.0,60.0
liquor,3,1.3862943611198906,6,NN,12.0,48.0
medium,4,1.6094379124341003,6,NN,9.0,36.0
modern,17,2.8903717578961645,6,JJ,8.0,32.0
morale,1,0.6931471805599453,6,JJ,9.0,36.0
native,13,2.639057329615259,6,JJ,24.0,96.0
novels,5,1.791759469228055,6,NNS,10.0,40.0
orally,2,1.0986122886681096,6,RB,6.0,24.0
outset,1,0.6931471805599453,6,VBP,7.0,28.000000000000004
parent,2,1.0986122886681096,6,NN,3.0,12.0
parole,1,0.6931471805599453,6,JJ,25.0,100.0
phases,1,0.6931471805599453,6,VBZ,6.0,24.0
pilots,3,1.3862943611198906,6,NNS,8.0,32.0
plenty,1,0.6931471805599453,6,JJ,5.0,20.0
prison,2,1.0986122886681096,6,NN,3.0,12.0
racial,2,1.0986122886681096,6,JJ,8.0,32.0
racist,3,1.3862943611198906,6,NN,9.0,36.0
racked,1,0.6931471805599453,6,VBD,10.0,40.0
rebels,2,1.0986122886681096,6,NNS,6.0,24.0
report,1,0.6931471805599453,6,NN,6.0,24.0
repute,1,0.6931471805599453,6,NN,4.0,16.0
resist,1,0.6931471805599453,6,NN,15.0,60.0
rhymes,1,0.6931471805599453,6,VBZ,25.0,100.0
ridden,2,1.0986122886681096,6,NN,8.0,32.0
sacred,1,0.6931471805599453,6,VBD,7.0,28.000000000000004
sapped,1,0.6931471805599453,6,VBD,11.0,44.0
satire,4,1.6094379124341003,6,JJ,10.0,40.0
savage,1,0.6931471805599453,6,NN,9.0,36.0
seemed,1,0.6931471805599453,6,VBD,3.0,12.0
skinny,1,0.6931471805599453,6,VBP,8.0,32.0
slumps,1,0.6931471805599453,6,NNS,9.0,36.0
social,35,3.58351893845611,6,JJ,6.0,24.0
spears,1,0.6931471805599453,6,NNS,8.0,32.0
stated,3,1.3862943611198906,6,VBN,18.0,72.0
struck,3,1.3862943611198906,6,NN,9.0,36.0
subtle,1,0.6931471805599453,6,JJ,10.0,40.0
teased,1,0.6931471805599453,6,JJ,9.0,36.0
termed,4,1.6094379124341003,6,VBN,7.0,28.000000000000004
tokens,1,0.6931471805599453,6,NNS,10.0,40.0
traits,2,1.0986122886681096,6,NNS,18.0,72.0
tribes,3,1.3862943611198906,6,VBP,3.0,12.0
warren,2,1.0986122886681096,6,JJ,8.0,32.0
wisdom,5,1.791759469228055,6,NN,3.0,12.0
account,11,2.4849066497880004,7,NN,11.0,44.0
accuses,2,1.0986122886681096,7,NNS,12.0,48.0
anarchy,1,0.6931471805599453,7,NN,10.0,40.0
another,19,2.995732273553991,7,DT,3.0,12.0
appears,5,1.791759469228055,7,VBZ,5.0,20.0
assumed,2,1.0986122886681096,7,VBD,3.0,12.0
asunder,1,0.6931471805599453,7,JJ,11.0,44.0
atheism,1,0.6931471805599453,7,NN,7.0,28.000000000000004
benefit,3,1.3862943611198906,7,VBP,5.0,20.0
bizarre,1,0.6931471805599453,7,JJ,12.0,48.0
broadly,2,1.0986122886681096,7,RB,15.0,60.0
brought,9,2.302585092994046,7,VBD,21.0,84.0
calling,2,1.0986122886681096,7,VBG,3.0,12.0
comment,4,1.6094379124341003,7,NN,10.0,40.0
concern,5,1.791759469228055,7,NN,6.0,24.0
condemn,1,0.6931471805599453,7,NN,9.0,36.0
content,3,1.3862943611198906,7,JJ,8.0,32.0
context,13,2.639057329615259,7,NN,7.0,28.000000000000004
cottage,3,1.3862943611198906,7,NN,9.0,36.0
crashed,1,0.6931471805599453,7,RB,21.0,84.0
critics,6,1.9459101490553132,7,NNS,20.0,80.0
crosses,2,1.0986122886681096,7,NNS,6.0,24.0
cruelty,3,1.3862943611198906,7,NN,6.0,24.0
culprit,2,1.0986122886681096,7,NN,17.0,68.0
culture,7,2.0794415416798357,7,NN,8.0,32.0
damaged,3,1.3862943611198906,7,VBN,13.0,52.0
decades,4,1.6094379124341003,7,NNS,25.0,100.0
decided,6,1.9459101490553132,7,VBD,7.0,28.000000000000004
deploys,1,0.6931471805599453,7,VBP,7.0,28.000000000000004
despair,3,1.3862943611198906,7,NN,6.0,24.0
despite,3,1.3862943611198906,7,IN,3.0,12.0
diehard,1,0.6931471805599453,7,NN,4.0,16.0
discard,1,0.6931471805599453,7,RB,17.0,68.0
drunken,1,0.6931471805599453,7,JJ,4.0,16.0
duality,3,1.3862943611198906,7,NN,10.0,40.0
efforts,2,1.0986122886681096,7,NNS,4.0,16.0
elusive,3,1.3862943611198906,7,JJ,23.0,92.0
enables,2,1.0986122886681096,7,NNS,8.0,32.0
enacted,2,1.0986122886681096,7,VBN,9.0,36.0
engines,2,1.0986122886681096,7,NNS,8.0,32.0
evident,2,1.0986122886681096,7,JJ,6.0,24.0
evoking,1,0.6931471805599453,7,VBG,8.0,32.0
evolves,1,0.6931471805599453,7,NNS,9.0,36.0
exactly,2,1.0986122886681096,7,RB,5.0,20.0
factory,5,1.791759469228055,7,VBP,6.0,24.0
fantasy,2,1.0986122886681096,7,JJ,16.0,64.0
fascism,2,1.0986122886681096,7,VBP,9.0,36.0
fascist,1,0.6931471805599453,7,JJ,11.0,44.0
fatally,1,0.6931471805599453,7,RB,11.0,44.0
fiction,21,3.091042453358316,7,NN,12.0,48.0
flaming,3,1.3862943611198906,7,VBG,7.0,28.000000000000004
forbids,1,0.6931471805599453,7,NNS,10.0,40.0
forsake,1,0.6931471805599453,7,NN,3.0,12.0
fraught,1,0.6931471805599453,7,VBD,11.0,44.0
freedom,4,1.6094379124341003,7,NN,9.0,36.0
furious,1,0.6931471805599453,7,JJ,19.0,76.0
further,6,1.9459101490553132,7,JJ,8.0,32.0
genteel,1,0.6931471805599453,7,NN,7.0,28.000000000000004
glimpse,2,1.0986122886681096,7,NN,6.0,24.0
graphic,1,0.6931471805599453,7,JJ,7.0,28.000000000000004
growing,3,1.3862943611198906,7,VBG,4.0,16.0
homeric,1,0.6931471805599453,7,JJ,5.0,20.0
hosiery,3,1.3862943611198906,7,VBP,7.0,28.000000000000004
illness,2,1.0986122886681096,7,NN,6.0,24.0
imitate,1,0.6931471805599453,7,NN,21.0,84.0
immense,2,1.0986122886681096,7,NN,9.0,36.0
ironing,1,0.6931471805599453,7,VBG,7.0,28.000000000000004
islands,3,1.3862943611198906,7,NNS,3.0,12.0
jarring,1,0.6931471805599453,7,VBG,10.0,40.0
justify,3,1.3862943611198906,7,NN,7.0,28.000000000000004
keeping,3,1.3862943611198906,7,VBG,8.0,32.0
kindled,1,0.6931471805599453,7,VBD,9.0,36.0
largely,2,1.0986122886681096,7,RB,4.0,16.0
legends,1,0.6931471805599453,7,VBZ,13.0,52.0
loyalty,1,0.6931471805599453,7,JJ,16.0,64.0
mammoth,1,0.6931471805599453,7,NN,12.0,48.0
nuances,3,1.3862943611198906,7,NNS,9.0,36.0
nursery,1,0.6931471805599453,7,JJ,12.0,48.0
ominous,1,0.6931471805599453,7,JJ,9.0,36.0
onerous,1,0.6931471805599453,7,JJ,6.0,24.0
opposed,4,1.6094379124341003,7,VBD,6.0,24.0
pacific,1,0.6931471805599453,7,JJ,10.0,40.0
pawning,1,0.6931471805599453,7,VBG,17.0,68.0
popular,6,1.9459101490553132,7,JJ,6.0,24.0
precise,3,1.3862943611198906,7,JJ,11.0,44.0
prudery,1,0.6931471805599453,7,NN,10.0,40.0
publish,1,0.6931471805599453,7,JJ,4.0,16.0
puritan,1,0.6931471805599453,7,NN,23.0,92.0
pursuit,2,1.0986122886681096,7,NN,9.0,36.0
radical,1,0.6931471805599453,7,JJ,9.0,36.0
realise,4,1.6094379124341003,7,NN,7.0,28.000000000000004
rebirth,1,0.6931471805599453,7,NN,5.0,20.0
reflect,4,1.6094379124341003,7,VBP,3.0,12.0
refrain,1,0.6931471805599453,7,NN,6.0,24.0
resists,1,0.6931471805599453,7,NNS,6.0,24.0
reveals,2,1.0986122886681096,7,NNS,10.0,40.0
revelry,1,0.6931471805599453,7,VBP,8.0,32.0
rhythms,2,1.0986122886681096,7,NN,8.0,32.0
running,8,2.1972245773362196,7,VBG,8.0,32.0
savages,2,1.0986122886681096,7,NNS,6.0,24.0
saviour,2,1.0986122886681096,7,VBP,9.0,36.0
scarlet,4,1.6094379124341003,7,NN,10.0,40.0
several,8,2.1972245773362196,7,JJ,8.0,32.0
sitting,1,0.6931471805599453,7,VBG,3.0,12.0
sloshed,1,0.6931471805599453,7,VBN,11.0,44.0
society,36,3.6109179126442243,7,NN,6.0,24.0
sojourn,1,0.6931471805599453,7,NN,7.0,28.000000000000004
spanned,1,0.6931471805599453,7,VBD,9.0,36.0
spatial,2,1.0986122886681096,7,JJ,9.0,36.0
spender,3,1.3862943611198906,7,VBP,9.0,36.0
spindly,1,0.6931471805599453,7,RB,10.0,40.0
started,13,2.639057329615259,7,VBD,8.0,32.0
starved,2,1.0986122886681096,7,VBN,6.0,24.0
stifled,4,1.6094379124341003,7,VBN,12.0,48.0
stories,5,1.791759469228055,7,NNS,6.0,24.0
swagger,2,1.0986122886681096,7,NN,17.0,68.0
tempted,2,1.0986122886681096,7,VBD,14.0,56.00000000000001
theatre,6,1.9459101490553132,7,NN,4.0,16.0
through,43,3.784189633918261,7,IN,8.0,32.0
torched,1,0.6931471805599453,7,VBD,9.0,36.0
torture,2,1.0986122886681096,7,NN,6.0,24.0
turmoil,1,0.6931471805599453,7,NN,8.0,32.0
voicing,1,0.6931471805599453,7,VBG,11.0,44.0
voyages,2,1.0986122886681096,7,NNS,7.0,28.000000000000004
whether,11,2.4849066497880004,7,IN,5.0,20.0
wielded,1,0.6931471805599453,7,JJ,9.0,36.0
witness,3,1.3862943611198906,7,NN,5.0,20.0
acquaint,1,0.6931471805599453,8,NN,10.0,40.0
advances,1,0.6931471805599453,8,NNS,6.0,24.0
agentive,1,0.6931471805599453,8,VBP,11.0,44.0
aircraft,2,1.0986122886681096,8,NN,9.0,36.0
ancestry,1,0.6931471805599453,8,NN,8.0,32.0
anecdote,1,0.6931471805599453,8,NN,11.0,44.0
artistic,9,2.302585092994046,8,JJ,11.0,44.0
bankrupt,1,0.6931471805599453,8,JJ,22.0,88.0
bequeath,1,0.6931471805599453,8,NN,7.0,28.000000000000004
buckskin,1,0.6931471805599453,8,JJ,23.0,92.0
business,10,2.3978952727983707,8,NN,6.0,24.0
checking,1,0.6931471805599453,8,VBG,5.0,20.0
clueless,1,0.6931471805599453,8,JJ,8.0,32.0
cohesion,1,0.6931471805599453,8,NN,7.0,28.000000000000004
coincide,1,0.6931471805599453,8,NN,7.0,28.000000000000004
collapse,4,1.6094379124341003,8,NN,12.0,48.0
colonial,9,2.302585092994046,8,NN,8.0,32.0
conclude,1,0.6931471805599453,8,VBP,4.0,16.0
confides,2,1.0986122886681096,8,NNS,4.0,16.0
confined,1,0.6931471805599453,8,VBD,15.0,60.0
conspire,1,0.6931471805599453,8,VBP,5.0,20.0
contract,3,1.3862943611198906,8,NN,7.0,28.000000000000004
conveyed,3,1.3862943611198906,8,VBD,8.0,32.0
crashing,1,0.6931471805599453,8,VBG,7.0,28.000000000000004
creative,4,1.6094379124341003,8,JJ,5.0,20.0
crippled,1,0.6931471805599453,8,VBD,9.0,36.0
crumbled,1,0.6931471805599453,8,VBD,10.0,40.0
culpable,1,0.6931471805599453,8,JJ,10.0,40.0
cylinder,11,2.4849066497880004,8,VBP,10.0,40.0
delimits,1,0.6931471805599453,8,NNS,8.0,32.0
depraved,1,0.6931471805599453,8,VBD,6.0,24.0
describe,7,2.0794415416798357,8,NN,12.0,48.0
devoured,2,1.0986122886681096,8,VBD,5.0,20.0
didactic,1,0.6931471805599453,8,JJ,20.0,80.0
disclose,1,0.6931471805599453,8,VB,22.0,88.0
distills,1,0.6931471805599453,8,NNS,7.0,28.000000000000004
distinct,5,1.791759469228055,8,JJ,12.0,48.0
district,1,0.6931471805599453,8,NN,3.0,12.0
divested,1,0.6931471805599453,8,VBD,11.0,44.0
economic,8,2.1972245773362196,8,JJ,3.0,12.0
effected,2,1.0986122886681096,8,VBD,5.0,20.0
eminence,1,0.6931471805599453,8,NN,7.0,28.000000000000004
engaging,2,1.0986122886681096,8,VBG,8.0,32.0
extended,2,1.0986122886681096,8,VBN,19.0,76.0
figments,1,0.6931471805599453,8,NNS,11.0,44.0
foremost,1,0.6931471805599453,8,NN,9.0,36.0
genocide,1,0.6931471805599453,8,VB,6.0,24.0
glimmers,1,0.6931471805599453,8,NNS,10.0,40.0
guardian,2,1.0986122886681096,8,JJ,13.0,52.0
habitual,1,0.6931471805599453,8,JJ,12.0,48.0
hardware,1,0.6931471805599453,8,NN,7.0,28.000000000000004
hegemony,1,0.6931471805599453,8,VBP,10.0,40.0
hitherto,1,0.6931471805599453,8,NN,10.0,40.0
instance,9,2.302585092994046,8,NN,14.0,56.00000000000001
instruct,1,0.6931471805599453,8,NN,15.0,60.0
integral,1,0.6931471805599453,8,JJ,17.0,68.0
isolated,4,1.6094379124341003,8,JJ,8.0,32.0
lamented,1,0.6931471805599453,8,JJ,8.0,32.0
lashings,2,1.0986122886681096,8,NNS,8.0,32.0
liberate,1,0.6931471805599453,8,JJ,4.0,16.0
moonless,1,0.6931471805599453,8,RBR,8.0,32.0
morality,2,1.0986122886681096,8,NN,9.0,36.0
narrated,3,1.3862943611198906,8,VBN,8.0,32.0
narrator,9,2.302585092994046,8,JJ,5.0,20.0
nihilism,1,0.6931471805599453,8,NN,10.0,40.0
optimism,1,0.6931471805599453,8,NN,9.0,36.0
oriental,2,1.0986122886681096,8,JJ,3.0,12.0
outdated,3,1.3862943611198906,8,VBN,7.0,28.000000000000004
paradigm,2,1.0986122886681096,8,NN,18.0,72.0
pedagogy,1,0.6931471805599453,8,NN,21.0,84.0
pioneers,2,1.0986122886681096,8,NNS,10.0,40.0
plotting,1,0.6931471805599453,8,VBG,7.0,28.000000000000004
politics,6,1.9459101490553132,8,NNS,5.0,20.0
portrays,1,0.6931471805599453,8,NNS,9.0,36.0
position,10,2.3978952727983707,8,NN,7.0,28.000000000000004
positive,4,1.6094379124341003,8,JJ,5.0,20.0
pressing,1,0.6931471805599453,8,VBG,4.0,16.0
progress,6,1.9459101490553132,8,NN,4.0,16.0
protects,1,0.6931471805599453,8,NNS,3.0,12.0
pursuits,1,0.6931471805599453,8,NNS,9.0,36.0
rational,4,1.6094379124341003,8,JJ,7.0,28.000000000000004
recurred,1,0.6931471805599453,8,VBN,15.0,60.0
rejoices,1,0.6931471805599453,8,NNS,6.0,24.0
released,1,0.6931471805599453,8,VBN,3.0,12.0
reliance,1,0.6931471805599453,8,NN,8.0,32.0
remotest,1,0.6931471805599453,8,NN,5.0,20.0
resulted,2,1.0986122886681096,8,VBD,3.0,12.0
retreats,1,0.6931471805599453,8,NNS,5.0,20.0
retrieve,1,0.6931471805599453,8,VBP,9.0,36.0
revealed,4,1.6094379124341003,8,JJ,8.0,32.0
revolves,1,0.6931471805599453,8,NNS,5.0,20.0
scarfpin,1,0.6931471805599453,8,JJ,16.0,64.0
scholars,5,1.791759469228055,8,NNS,6.0,24.0
scolding,2,1.0986122886681096,8,VBG,21.0,84.0
squarely,1,0.6931471805599453,8,RB,10.0,40.0
stalwart,2,1.0986122886681096,8,JJ,21.0,84.0
stranger,2,1.0986122886681096,8,NN,4.0,16.0
sunshine,1,0.6931471805599453,8,NN,5.0,20.0
superior,1,0.6931471805599453,8,JJ,3.0,12.0
supplied,2,1.0986122886681096,8,VBN,5.0,20.0
symbolic,1,0.6931471805599453,8,JJ,6.0,24.0
theories,5,1.791759469228055,8,NNS,7.0,28.000000000000004
thinking,6,1.9459101490553132,8,VBG,7.0,28.000000000000004
thunders,1,0.6931471805599453,8,NNS,7.0,28.000000000000004
trickery,1,0.6931471805599453,8,NN,8.0,32.0
trifecta,1,0.6931471805599453,8,NN,12.0,48.0
trousers,1,0.6931471805599453,8,NNS,3.0,12.0
twirling,1,0.6931471805599453,8,VBG,20.0,80.0
umbrella,1,0.6931471805599453,8,NN,6.0,24.0
veracity,1,0.6931471805599453,8,NN,11.0,44.0
vicinity,1,0.6931471805599453,8,NN,14.0,56.00000000000001
visitors,2,1.0986122886681096,8,NNS,3.0,12.0
abundance,1,0.6931471805599453,9,RB,7.0,28.000000000000004
acquitted,3,1.3862943611198906,9,JJ,13.0,52.0
aesthetic,3,1.3862943611198906,9,JJ,8.0,32.0
affirming,1,0.6931471805599453,9,VBG,9.0,36.0
alienated,1,0.6931471805599453,9,VBD,9.0,36.0
amplifier,1,0.6931471805599453,9,VBP,8.0,32.0
apprehend,1,0.6931471805599453,9,VBP,10.0,40.0
assertion,2,1.0986122886681096,9,NN,6.0,24.0
attention,9,2.302585092994046,9,NN,7.0,28.000000000000004
attesting,1,0.6931471805599453,9,VBG,8.0,32.0
belonging,1,0.6931471805599453,9,NN,19.0,76.0
bordering,1,0.6931471805599453,9,VBG,6.0,24.0
canonical,1,0.6931471805599453,9,JJ,10.0,40.0
celluloid,1,0.6931471805599453,9,NN,12.0,48.0
classical,5,1.791759469228055,9,JJ,4.0,16.0
cleavages,1,0.6931471805599453,9,NNS,8.0,32.0
combative,1,0.6931471805599453,9,NN,10.0,40.0
communism,2,1.0986122886681096,9,VBP,6.0,24.0
community,7,2.0794415416798357,9,NN,4.0,16.0
concerned,8,2.1972245773362196,9,JJ,11.0,44.0
confident,1,0.6931471805599453,9,JJ,8.0,32.0
confronts,2,1.0986122886681096,9,NNS,9.0,36.0
contained,1,0.6931471805599453,9,VBN,3.0,12.0
continues,1,0.6931471805599453,9,VBZ,3.0,12.0
criticism,25,3.258096538021482,9,NN,8.0,32.0
defective,3,1.3862943611198906,9,VBP,6.0,24.0
depicting,2,1.0986122886681096,9,VBG,8.0,32.0
depiction,3,1.3862943611198906,9,NN,9.0,36.0
developed,7,2.0794415416798357,9,VBD,11.0,44.0
devouring,1,0.6931471805599453,9,VBG,8.0,32.0
diasporic,1,0.6931471805599453,9,JJ,12.0,48.0
educating,1,0.6931471805599453,9,VBG,8.0,32.0
empathise,1,0.6931471805599453,9,NN,6.0,24.0
encompass,2,1.0986122886681096,9,NN,17.0,68.0
entertain,2,1.0986122886681096,9,VBP,9.0,36.0
exploited,2,1.0986122886681096,9,JJ,10.0,40.0
exquisite,1,0.6931471805599453,9,VBP,10.0,40.0
folktales,1,0.6931471805599453,9,NNS,11.0,44.0
gentility,1,0.6931471805599453,9,JJ,6.0,24.0
governess,1,0.6931471805599453,9,NN,14.0,56.00000000000001
headlines,1,0.6931471805599453,9,NNS,6.0,24.0
horrified,1,0.6931471805599453,9,VBN,5.0,20.0
hypocrisy,2,1.0986122886681096,9,NN,9.0,36.0
imitation,1,0.6931471805599453,9,NN,9.0,36.0
imparting,2,1.0986122886681096,9,VBG,17.0,68.0
impatient,1,0.6931471805599453,9,NN,7.0,28.000000000000004
incidents,1,0.6931471805599453,9,NNS,8.0,32.0
including,7,2.0794415416798357,9,VBG,3.0,12.0
inclusive,1,0.6931471805599453,9,JJ,13.0,52.0
influence,3,1.3862943611198906,9,NN,8.0,32.0
ingenuity,1,0.6931471805599453,9,NN,6.0,24.0
inherited,4,1.6094379124341003,9,JJ,4.0,16.0
inquiries,1,0.6931471805599453,9,NNS,4.0,16.0
instances,1,0.6931471805599453,9,NNS,8.0,32.0
intricate,1,0.6931471805599453,9,JJ,20.0,80.0
invasions,1,0.6931471805599453,9,NNS,8.0,32.0
listening,1,0.6931471805599453,9,VBG,4.0,16.0
lucrative,1,0.6931471805599453,9,JJ,9.0,36.0
lullabies,1,0.6931471805599453,9,NNS,19.0,76.0
luxuriant,1,0.6931471805599453,9,VBP,6.0,24.0
merriment,1,0.6931471805599453,9,JJ,10.0,40.0
miniature,1,0.6931471805599453,9,NN,25.0,100.0
modernism,13,2.639057329615259,9,NN,6.0,24.0
monologue,2,1.0986122886681096,9,NN,12.0,48.0
narrative,10,2.3978952727983707,9,JJ,15.0,60.0
nauseates,2,1.0986122886681096,9,NNS,8.0,32.0
neighbour,1,0.6931471805599453,9,JJ,3.0,12.0
newspaper,1,0.6931471805599453,9,NN,3.0,12.0
novelists,1,0.6931471805599453,9,NNS,7.0,28.000000000000004
obscurity,1,0.6931471805599453,9,NN,10.0,40.0
officials,3,1.3862943611198906,9,NNS,11.0,44.0
orienting,1,0.6931471805599453,9,VBG,25.0,100.0
outskirts,1,0.6931471805599453,9,VBP,8.0,32.0
parallels,2,1.0986122886681096,9,NNS,6.0,24.0
perennial,2,1.0986122886681096,9,JJ,10.0,40.0
perplexed,2,1.0986122886681096,9,JJ,11.0,44.0
pictorial,1,0.6931471805599453,9,JJ,9.0,36.0
political,20,3.044522437723423,9,JJ,5.0,20.0
posterity,1,0.6931471805599453,9,VBP,4.0,16.0
powerless,2,1.0986122886681096,9,NN,6.0,24.0
prevailed,1,0.6931471805599453,9,VBD,9.0,36.0
prevalent,1,0.6931471805599453,9,NN,8.0,32.0
prophetic,2,1.0986122886681096,9,JJ,8.0,32.0
propriety,1,0.6931471805599453,9,NN,9.0,36.0
recounted,1,0.6931471805599453,9,VBD,5.0,20.0
recurring,1,0.6931471805599453,9,VBG,7.0,28.000000000000004
regularly,1,0.6931471805599453,9,RB,5.0,20.0
rejection,3,1.3862943611198906,9,NN,9.0,36.0
religions,1,0.6931471805599453,9,NNS,3.0,12.0
repulsive,1,0.6931471805599453,9,JJ,7.0,28.000000000000004
revealing,1,0.6931471805599453,9,VBG,5.0,20.0
ridiculed,1,0.6931471805599453,9,VBD,12.0,48.0
satirised,1,0.6931471805599453,9,VBD,12.0,48.0
sculpture,3,1.3862943611198906,9,NN,8.0,32.0
sidelined,1,0.6931471805599453,9,VBD,5.0,20.0
signaling,1,0.6931471805599453,9,VBG,8.0,32.0
splinters,1,0.6931471805599453,9,NNS,10.0,40.0
strangers,1,0.6931471805599453,9,NNS,5.0,20.0
testament,3,1.3862943611198906,9,NN,4.0,16.0
therefore,11,2.4849066497880004,9,NN,10.0,40.0
threatens,2,1.0986122886681096,9,VBZ,6.0,24.0
unbridled,1,0.6931471805599453,9,JJ,7.0,28.000000000000004
undergoes,1,0.6931471805599453,9,NNS,10.0,40.0
undergone,2,1.0986122886681096,9,JJ,6.0,24.0
unlighted,1,0.6931471805599453,9,JJ,15.0,60.0
unwinding,1,0.6931471805599453,9,NN,19.0,76.0
valuables,1,0.6931471805599453,9,NNS,8.0,32.0
vanishing,1,0.6931471805599453,9,VBG,17.0,68.0
vehemence,1,0.6931471805599453,9,NN,10.0,40.0
abhorrence,1,0.6931471805599453,10,RB,7.0,28.000000000000004
activities,4,1.6094379124341003,10,NNS,10.0,40.0
adulterers,1,0.6931471805599453,10,NNS,10.0,40.0
aeroplanes,1,0.6931471805599453,10,NNS,4.0,16.0
alienation,2,1.0986122886681096,10,NN,9.0,36.0
apparently,2,1.0986122886681096,10,RB,9.0,36.0
assumption,4,1.6094379124341003,10,NN,7.0,28.000000000000004
boundaries,2,1.0986122886681096,10,NNS,8.0,32.0
cartridges,1,0.6931471805599453,10,VBZ,9.0,36.0
challenges,3,1.3862943611198906,10,VBZ,8.0,32.0
chronicled,2,1.0986122886681096,10,VBD,10.0,40.0
colonizers,2,1.0986122886681096,10,NNS,9.0,36.0
colonizing,1,0.6931471805599453,10,VBG,9.0,36.0
considered,7,2.0794415416798357,10,VBN,9.0,36.0
countrymen,1,0.6931471805599453,10,NNS,5.0,20.0
demolition,1,0.6931471805599453,10,NN,8.0,32.0
derogatory,2,1.0986122886681096,10,NN,8.0,32.0
devastated,1,0.6931471805599453,10,VBD,8.0,32.0
discovered,6,1.9459101490553132,10,VBN,10.0,40.0
disgusting,1,0.6931471805599453,10,VBG,9.0,36.0
divergence,1,0.6931471805599453,10,JJ,11.0,44.0
encounters,1,0.6931471805599453,10,NNS,6.0,24.0
englishmen,1,0.6931471805599453,10,NNS,5.0,20.0
everything,3,1.3862943611198906,10,NN,3.0,12.0
experience,13,2.639057329615259,10,VBP,9.0,36.0
friendship,2,1.0986122886681096,10,RB,3.0,12.0
generation,2,1.0986122886681096,10,NN,5.0,20.0
harmonious,1,0.6931471805599453,10,JJ,9.0,36.0
hospitably,1,0.6931471805599453,10,RB,7.0,28.000000000000004
industrial,2,1.0986122886681096,10,JJ,3.0,12.0
injunction,1,0.6931471805599453,10,NN,4.0,16.0
innovative,3,1.3862943611198906,10,JJ,9.0,36.0
installing,1,0.6931471805599453,10,NN,19.0,76.0
instigated,1,0.6931471805599453,10,VBN,11.0,44.0
inviolable,1,0.6931471805599453,10,JJ,9.0,36.0
irrelevant,1,0.6931471805599453,10,JJ,6.0,24.0
literature,41,3.7376696182833684,10,NN,19.0,76.0
mastermind,1,0.6931471805599453,10,VB,5.0,20.0
millennium,1,0.6931471805599453,10,NN,5.0,20.0
moralistic,2,1.0986122886681096,10,JJ,19.0,76.0
narratives,2,1.0986122886681096,10,NNS,11.0,44.0
needlework,1,0.6931471805599453,10,VBP,9.0,36.0
omniscient,1,0.6931471805599453,10,JJ,11.0,44.0
persecuted,1,0.6931471805599453,10,VBD,10.0,40.0
poignantly,1,0.6931471805599453,10,RB,10.0,40.0
postmodern,2,1.0986122886681096,10,JJ,7.0,28.000000000000004
pretending,1,0.6931471805599453,10,VBG,11.0,44.0
propaganda,1,0.6931471805599453,10,JJ,7.0,28.000000000000004
propensity,1,0.6931471805599453,10,NN,18.0,72.0
prosthetic,1,0.6931471805599453,10,JJ,11.0,44.0
references,1,0.6931471805599453,10,NNS,4.0,16.0
reinforced,1,0.6931471805599453,10,VBD,10.0,40.0
remarkable,1,0.6931471805599453,10,JJ,7.0,28.000000000000004
remembered,1,0.6931471805599453,10,VBD,3.0,12.0
restaurant,6,1.9459101490553132,10,NN,8.0,32.0
retrospect,1,0.6931471805599453,10,JJ,3.0,12.0
revelation,5,1.791759469228055,10,NN,18.0,72.0
settlement,2,1.0986122886681096,10,NN,5.0,20.0
spectators,1,0.6931471805599453,10,NNS,11.0,44.0
staunchest,1,0.6931471805599453,10,VBP,22.0,88.0
stipulated,1,0.6931471805599453,10,VBN,10.0,40.0
subjugated,1,0.6931471805599453,10,VBN,11.0,44.0
temptation,2,1.0986122886681096,10,NN,7.0,28.000000000000004
unlettered,1,0.6931471805599453,10,VBD,9.0,36.0
viewpoints,2,1.0986122886681096,10,NNS,8.0,32.0
vociferous,1,0.6931471805599453,10,JJ,11.0,44.0
youngsters,1,0.6931471805599453,10,NNS,9.0,36.0
aggravating,1,0.6931471805599453,11,NN,11.0,44.0
alternative,2,1.0986122886681096,11,JJ,5.0,20.0
apocalyptic,1,0.6931471805599453,11,JJ,11.0,44.0
appropriate,1,0.6931471805599453,11,JJ,10.0,40.0
aspirations,4,1.6094379124341003,11,NNS,15.0,60.0
authorities,2,1.0986122886681096,11,NNS,9.0,36.0
benevolence,1,0.6931471805599453,11,VBP,7.0,28.000000000000004
biographies,1,0.6931471805599453,11,NNS,16.0,64.0
captivating,1,0.6931471805599453,11,VBG,12.0,48.0
cataloguing,1,0.6931471805599453,11,VBG,12.0,48.0
colonialism,1,0.6931471805599453,11,NN,5.0,20.0
conspicuous,1,0.6931471805599453,11,JJ,9.0,36.0
constitutes,1,0.6931471805599453,11,NNS,7.0,28.000000000000004
consumerism,1,0.6931471805599453,11,NN,17.0,68.0
conversions,1,0.6931471805599453,11,NNS,5.0,20.0
cunningness,1,0.6931471805599453,11,NN,10.0,40.0
deprivation,1,0.6931471805599453,11,NN,9.0,36.0
differently,6,1.9459101490553132,11,RB,6.0,24.0
distasteful,1,0.6931471805599453,11,JJ,6.0,24.0
emphasizing,1,0.6931471805599453,11,VBG,16.0,64.0
encompasses,2,1.0986122886681096,11,NNS,9.0,36.0
fulminating,1,0.6931471805599453,11,VBG,12.0,48.0
hospitality,3,1.3862943611198906,11,NN,6.0,24.0
illustrated,1,0.6931471805599453,11,VBD,17.0,68.0
illustrates,1,0.6931471805599453,11,NNS,9.0,36.0
imagination,5,1.791759469228055,11,JJ,9.0,36.0
imaginative,6,1.9459101490553132,11,JJ,15.0,60.0
inculcating,1,0.6931471805599453,11,JJ,20.0,80.0
inhabitants,2,1.0986122886681096,11,NNS,5.0,20.0
intoxicated,1,0.6931471805599453,11,VBD,10.0,40.0
masculinity,1,0.6931471805599453,11,NN,11.0,44.0
mercilessly,2,1.0986122886681096,11,RB,7.0,28.000000000000004
monolingual,1,0.6931471805599453,11,JJ,7.0,28.000000000000004
paradoxical,1,0.6931471805599453,11,JJ,10.0,40.0
perspective,10,2.3978952727983707,11,NN,10.0,40.0
protagonist,5,1.791759469228055,11,NN,7.0,28.000000000000004
quadrangles,2,1.0986122886681096,11,VBZ,9.0,36.0
reminiscent,1,0.6931471805599453,11,JJ,18.0,72.0
reservation,1,0.6931471805599453,11,NN,7.0,28.000000000000004
shortcoming,1,0.6931471805599453,11,VBG,7.0,28.000000000000004
traditional,8,2.1972245773362196,11,JJ,7.0,28.000000000000004
annihilation,1,0.6931471805599453,12,NN,11.0,44.0
appreciation,5,1.791759469228055,12,NN,11.0,44.0
architecture,2,1.0986122886681096,12,NN,6.0,24.0
catastrophic,2,1.0986122886681096,12,JJ,10.0,40.0
childbearing,3,1.3862943611198906,12,VBG,9.0,36.0
colonisation,1,0.6931471805599453,12,NN,8.0,32.0
concreteness,3,1.3862943611198906,12,JJ,9.0,36.0
contemporary,6,1.9459101490553132,12,JJ,10.0,40.0
creativeness,1,0.6931471805599453,12,NN,8.0,32.0
exaggeration,1,0.6931471805599453,12,NN,10.0,40.0
exasperation,1,0.6931471805599453,12,NN,12.0,48.0
expectations,1,0.6931471805599453,12,NNS,6.0,24.0
experiential,2,1.0986122886681096,12,JJ,6.0,24.0
exploitative,2,1.0986122886681096,12,NN,10.0,40.0
hallucinates,1,0.6931471805599453,12,NNS,11.0,44.0
hierarchical,1,0.6931471805599453,12,JJ,9.0,36.0
historically,1,0.6931471805599453,12,RB,4.0,16.0
increasingly,2,1.0986122886681096,12,RB,5.0,20.0
intoxication,1,0.6931471805599453,12,NN,24.0,96.0
irreversible,1,0.6931471805599453,12,JJ,13.0,52.0
magnificence,1,0.6931471805599453,12,NN,6.0,24.0
metaphysical,4,1.6094379124341003,12,JJ,19.0,76.0
multilingual,1,0.6931471805599453,12,JJ,3.0,12.0
neighbouring,1,0.6931471805599453,12,VBG,5.0,20.0
postcolonial,6,1.9459101490553132,12,JJ,9.0,36.0
preposterous,1,0.6931471805599453,12,JJ,11.0,44.0
reappearance,1,0.6931471805599453,12,NN,11.0,44.0
reassuringly,1,0.6931471805599453,12,RB,13.0,52.0
respectively,1,0.6931471805599453,12,RB,4.0,16.0
significance,4,1.6094379124341003,12,NN,10.0,40.0
standardised,1,0.6931471805599453,12,VBD,8.0,32.0
successfully,1,0.6931471805599453,12,RB,5.0,20.0
totalitarian,1,0.6931471805599453,12,JJ,9.0,36.0
aesthetically,1,0.6931471805599453,13,RB,9.0,36.0
approximately,4,1.6094379124341003,13,RB,14.0,56.00000000000001
bildungsroman,1,0.6931471805599453,13,NN,7.0,28.000000000000004
consternation,1,0.6931471805599453,13,NN,12.0,48.0
contradictory,2,1.0986122886681096,13,NN,10.0,40.0
disappearance,1,0.6931471805599453,13,NN,8.0,32.0
dispossession,1,0.6931471805599453,13,NN,12.0,48.0
encyclopedias,1,0.6931471805599453,13,JJ,17.0,68.0
imaginatively,1,0.6931471805599453,13,RB,9.0,36.0
indescribable,1,0.6931471805599453,13,JJ,23.0,92.0
international,2,1.0986122886681096,13,JJ,8.0,32.0
kaleidoscopic,2,1.0986122886681096,13,NN,7.0,28.000000000000004
multicultural,1,0.6931471805599453,13,JJ,6.0,24.0
postmodernism,1,0.6931471805599453,13,NN,11.0,44.0
relationships,4,1.6094379124341003,13,VBP,4.0,16.0
revolutionary,2,1.0986122886681096,13,JJ,8.0,32.0
traditionally,2,1.0986122886681096,13,RB,9.0,36.0
transnational,1,0.6931471805599453,13,JJ,7.0,28.000000000000004
unpredictable,1,0.6931471805599453,13,JJ,18.0,72.0
affectionately,1,0.6931471805599453,14,RB,5.0,20.0
conventionally,1,0.6931471805599453,14,RB,12.0,48.0
hallucinations,1,0.6931471805599453,14,NNS,9.0,36.0
responsibility,1,0.6931471805599453,14,NN,16.0,64.0
simultaneously,1,0.6931471805599453,14,RB,9.0,36.0
systematically,3,1.3862943611198906,14,RB,9.0,36.0
autobiographies,1,0.6931471805599453,15,NNS,9.0,36.0
characteristics,3,1.3862943611198906,15,NNS,3.0,12.0
disillusionment,2,1.0986122886681096,15,JJ,10.0,40.0
inferiorisation,1,0.6931471805599453,15,VBP,11.0,44.0
technologically,1,0.6931471805599453,15,RB,5.0,20.0
delegitimisation,1,0.6931471805599453,16,NN,11.0,44.0
inexpressibility,1,0.6931471805599453,16,NN,10.0,40.0
