word_count,average_word_length,sentence_count,average_sentence_length,flesch_reading_ease,flesch_kincaid_grade,gunning_fog,smog_index,difficult_words,cefr_level,cefr_numeric
11,5.7272727272727275,1,11.0,11.088181818181852,14.445454545454545,15.30909090909091,13.023866798666859,5,C1,4
28,5.071428571428571,1,28.0,32.163333333333355,15.480740740740742,19.68888888888889,17.122413403193683,9,C1,4
21,4.190476190476191,1,21.0,64.66285714285716,9.457142857142859,12.20952380952381,11.20814326018867,6,B2,3
23,4.565217391304348,1,23.0,65.78565217391306,9.79739130434783,10.93913043478261,11.20814326018867,2,B1,2
10,5.2,1,10.0,19.025000000000006,13.09,12.0,13.023866798666859,2,B1,2
27,5.7407407407407405,1,27.0,3.9633333333333667,19.414074074074076,25.614814814814817,21.19438992294339,12,C1,4
17,5.411764705882353,1,17.0,53.120000000000005,9.825,8.9,8.841846274778883,8,B2,3
40,5.85,1,40.0,-9.840263157894697,24.072105263157898,30.989473684210527,25.254471183327073,21,C2,5
13,5.076923076923077,1,13.0,43.963076923076954,10.356923076923078,14.430769230769233,13.023866798666859,5,B1,2
16,4.8125,1,16.0,53.120000000000005,9.825,13.9,13.023866798666859,4,C1,4
22,4.181818181818182,1,22.0,62.10739130434784,10.310434782608699,12.678260869565218,13.023866798666859,5,B2,3
19,5.0,1,19.0,42.71500000000003,12.270000000000003,14.0,14.554592549557764,4,B2,3
62,3.8870967741935485,1,62.0,30.090000000000032,24.713333333333335,27.104761904761904,13.023866798666859,14,C2,5
14,6.214285714285714,1,14.0,17.932307692307717,13.98769230769231,17.50769230769231,14.554592549557764,8,C1,4
37,4.1891891891891895,1,37.0,48.035714285714306,15.254285714285718,16.28571428571429,11.20814326018867,8,C1,4
29,4.275862068965517,1,29.0,56.798846153846185,11.796153846153846,15.015384615384617,13.023866798666859,7,B2,3
12,5.166666666666667,1,12.0,43.963076923076954,10.356923076923078,17.50769230769231,14.554592549557764,4,A2,1
10,6.0,1,10.0,27.485000000000014,11.91,20.0,14.554592549557764,5,B1,2
37,5.8108108108108105,2,18.5,5.265000000000015,16.996666666666666,20.533333333333335,17.122413403193683,16,B2,3
24,5.541666666666667,1,24.0,2.7000000000000455,18.845000000000002,22.933333333333337,19.287186520377343,9,B2,3
19,4.894736842105263,1,19.0,42.545000000000016,11.3,13.9,13.023866798666859,8,B1,2
17,5.705882352941177,1,17.0,25.35647058823531,13.945882352941176,13.858823529411765,13.023866798666859,8,C1,4
28,5.0,1,28.0,47.83000000000001,13.29555555555556,13.762962962962963,11.20814326018867,9,B2,3
24,4.833333333333333,1,24.0,37.950000000000045,13.928333333333335,16.26666666666667,14.554592549557764,7,B2,3
12,4.333333333333333,1,12.0,74.805,5.806666666666668,4.800000000000001,3.1291,2,A2,1
20,6.55,1,20.0,0.41500000000002046,18.170000000000005,18.0,15.903189008614273,9,B1,2
14,4.642857142857143,1,14.0,59.68214285714288,8.412857142857145,14.171428571428573,13.023866798666859,4,B2,3
11,6.818181818181818,1,11.0,3.3972727272727354,15.518181818181823,18.94545454545455,14.554592549557764,6,B1,2
31,7.0,1,31.0,-52.03499999999997,27.970000000000002,32.0,25.98008509911553,16,B2,3
22,4.863636363636363,1,22.0,53.759545454545474,11.22636363636364,16.072727272727274,15.903189008614273,5,B2,3
34,5.617647058823529,1,34.0,13.077941176470631,19.881764705882357,24.188235294117646,20.267338824336647,14,B1,2
25,5.36,1,25.0,49.48400000000001,12.568000000000001,14.8,13.023866798666859,9,B2,3
17,5.176470588235294,1,17.0,40.2858823529412,11.863529411764706,16.211764705882356,15.903189008614273,6,B1,2
13,5.6923076923076925,1,13.0,46.60500000000002,9.740000000000002,11.466666666666669,11.20814326018867,5,B1,2
32,5.09375,1,32.0,17.0861290322581,18.577419354838714,20.14193548387097,17.122413403193683,13,B2,3
18,5.0,1,18.0,38.16500000000002,12.407777777777778,13.866666666666669,13.023866798666859,5,B1,2
15,6.0,1,15.0,-0.14999999999997726,17.006666666666664,19.333333333333336,18.243605946275583,7,B2,3
21,4.761904761904762,1,21.0,55.40500000000003,10.500000000000004,12.0,13.023866798666859,3,B1,2
48,4.895833333333333,1,48.0,17.11500000000001,22.79666666666667,25.033333333333335,18.243605946275583,13,B2,3
22,4.590909090909091,1,22.0,62.10739130434784,10.310434782608699,14.417391304347825,13.023866798666859,6,B1,2
21,4.714285714285714,1,21.0,42.71500000000003,12.270000000000003,12.0,11.20814326018867,3,B2,3
17,6.117647058823529,1,17.0,10.427058823529421,16.028235294117646,23.27058823529412,18.243605946275583,6,C1,4
18,6.333333333333333,1,18.0,-8.835000000000008,18.963333333333335,27.200000000000003,20.267338824336647,5,C1,4
42,4.428571428571429,1,42.0,27.23357142857145,19.894761904761904,23.46666666666667,18.243605946275583,9,C1,4
29,4.379310344827586,1,29.0,31.537931034482796,16.0648275862069,19.875862068965517,17.122413403193683,7,C1,4
21,5.619047619047619,1,21.0,12.291428571428611,16.761904761904763,23.63809523809524,19.287186520377343,6,C2,5
6,4.833333333333333,1,6.0,73.84500000000001,4.450000000000003,9.066666666666668,8.841846274778883,2,A2,1
10,5.2,1,10.0,69.78500000000001,6.010000000000002,8.0,8.841846274778883,3,C1,4
27,4.185185185185185,1,27.0,47.83000000000001,13.29555555555556,13.762962962962963,11.20814326018867,8,B2,3
21,5.523809523809524,1,21.0,28.40571428571431,14.514285714285716,16.019047619047623,17.122413403193683,7,B2,3
33,5.0606060606060606,1,33.0,27.212727272727278,17.66181818181818,19.260606060606065,18.243605946275583,6,B2,3
13,4.230769230769231,1,13.0,56.97846153846157,8.541538461538462,8.276923076923078,8.841846274778883,4,B2,3
11,5.090909090909091,1,11.0,26.470000000000027,12.3,15.30909090909091,13.023866798666859,4,A2,1
16,5.4375,1,16.0,31.97,12.775000000000002,13.9,14.554592549557764,6,A2,1
43,4.906976744186046,1,43.0,27.43651162790698,20.114883720930234,23.711627906976744,18.243605946275583,15,B2,3
26,5.576923076923077,1,26.0,17.752692307692342,17.242307692307694,21.16923076923077,18.243605946275583,12,B2,3
13,6.6923076923076925,1,13.0,11.424615384615407,14.895384615384618,17.50769230769231,14.554592549557764,5,C2,5
37,6.324324324324325,1,37.0,-2.206486486486483,22.758918918918926,25.610810810810815,21.19438992294339,19,C1,4
33,6.03030303030303,2,16.5,5.532499999999999,16.462500000000002,21.400000000000002,17.122413403193683,16,C1,4
22,5.090909090909091,1,22.0,38.37772727272727,13.371818181818181,17.89090909090909,15.903189008614273,8,B2,3
18,5.666666666666667,1,18.0,35.309411764705914,12.55764705882353,16.211764705882356,14.554592549557764,7,B2,3
21,5.0,1,21.0,34.255000000000024,13.450000000000003,16.0,14.554592549557764,8,C1,4
28,4.75,1,28.0,57.55785714285717,12.187142857142856,16.914285714285715,14.554592549557764,6,C1,4
14,5.428571428571429,1,14.0,53.639285714285734,9.255714285714287,11.314285714285715,11.20814326018867,7,B2,3
11,5.2727272727272725,1,11.0,64.9245454545455,6.936363636363637,8.036363636363637,8.841846274778883,4,B1,2
40,4.775,1,40.0,37.09615384615384,17.773846153846154,21.753846153846155,17.122413403193683,12,C1,4
42,4.404761904761905,1,42.0,49.66878048780491,16.51707317073171,17.37560975609756,8.841846274778883,9,B2,3
22,5.2272727272727275,1,22.0,42.223181818181814,12.83545454545455,17.89090909090909,15.903189008614273,8,B1,2
10,3.9,1,10.0,56.70000000000002,7.58666666666667,12.488888888888889,11.20814326018867,2,A2,1
12,6.5,1,12.0,-9.794999999999959,17.606666666666666,21.46666666666667,15.903189008614273,6,B2,3
7,4.714285714285714,1,7.0,78.87285714285717,3.997142857142858,2.8000000000000003,3.1291,1,A1,0
12,4.25,1,12.0,88.905,3.84,4.800000000000001,3.1291,3,A2,1
6,4.666666666666667,1,6.0,87.94500000000002,2.4833333333333343,2.4000000000000004,3.1291,1,A2,1
19,4.894736842105263,1,19.0,62.87631578947371,9.209473684210526,11.810526315789474,11.20814326018867,4,B1,2
12,5.25,1,12.0,67.75500000000001,6.790000000000003,8.133333333333335,11.20814326018867,1,B1,2
27,4.814814814814815,1,27.0,40.529615384615425,14.065384615384616,19.630769230769232,17.122413403193683,9,C1,4
32,3.6875,1,32.0,79.18000000000002,10.165000000000003,12.8,3.1291,3,B2,3
44,4.840909090909091,1,44.0,17.970454545454572,21.68363636363637,26.690909090909088,21.19438992294339,12,C1,4
14,4.428571428571429,1,14.0,83.85357142857143,5.041428571428572,5.6000000000000005,3.1291,0,B1,2
18,4.166666666666667,1,18.0,89.865,5.196666666666669,7.2,3.1291,1,C1,4
23,4.478260869565218,1,23.0,56.6057142857143,10.580952380952379,8.4,11.20814326018867,6,B1,2
31,4.032258064516129,1,31.0,65.96125000000002,12.008750000000003,12.8,3.1291,8,C1,4
34,4.294117647058823,1,34.0,65.3308823529412,12.593529411764706,14.776470588235293,8.841846274778883,4,C1,4
23,4.304347826086956,1,23.0,76.82043478260871,8.25826086956522,12.678260869565218,11.20814326018867,3,B2,3
23,5.217391304347826,1,23.0,26.84136363636364,14.98090909090909,19.70909090909091,17.122413403193683,8,B1,2
10,3.3,1,10.0,103.625,1.2900000000000027,4.0,3.1291,1,A2,1
17,4.235294117647059,1,17.0,63.69500000000001,8.350000000000005,11.4,11.20814326018867,4,B1,2
16,4.1875,1,16.0,67.53000000000003,7.566666666666666,11.333333333333336,11.20814326018867,3,A2,1
18,3.7777777777777777,1,18.0,75.12117647058825,7.004705882352944,6.800000000000001,3.1291,2,B1,2
13,4.384615384615385,1,13.0,96.02461538461542,3.0953846153846136,5.2,3.1291,1,B1,2
5,6.4,1,5.0,49.48000000000002,7.600000000000001,10.0,8.841846274778883,1,A2,1
12,4.416666666666667,1,12.0,72.61545454545457,5.863636363636363,8.036363636363637,11.20814326018867,2,A2,1
45,4.133333333333334,1,45.0,37.27372093023257,18.74279069767442,19.990697674418605,15.903189008614273,9,B2,3
13,4.076923076923077,1,13.0,69.99384615384618,6.726153846153846,8.276923076923078,8.841846274778883,3,A2,1
23,4.130434782608695,3,7.666666666666667,66.7871428571429,5.682857142857145,8.514285714285714,8.841846274778883,4,B1,2
10,3.1,1,10.0,84.90000000000003,3.653333333333336,3.6,3.1291,0,A2,1
7,4.142857142857143,1,7.0,115.13000000000002,-1.0599999999999987,2.8000000000000003,3.1291,0,A2,1
20,4.3,1,20.0,76.55500000000004,7.550000000000001,10.0,11.20814326018867,1,A2,1
36,4.222222222222222,1,36.0,52.889705882352956,14.328823529411768,17.129411764705885,13.023866798666859,7,B2,3
17,4.294117647058823,1,17.0,75.12117647058825,7.004705882352944,6.800000000000001,8.841846274778883,2,A2,1
14,4.571428571428571,1,14.0,53.639285714285734,9.255714285714287,11.314285714285715,11.20814326018867,4,B1,2
11,4.181818181818182,1,11.0,80.30636363636367,4.790909090909089,4.4,3.1291,1,A2,1
6,5.166666666666667,1,6.0,31.545000000000016,10.350000000000001,15.733333333333334,11.20814326018867,2,A2,1
25,3.52,1,25.0,69.67500000000004,9.503333333333334,9.600000000000001,8.841846274778883,4,B2,3
24,3.4583333333333335,1,24.0,84.17695652173914,7.232173913043479,10.93913043478261,8.841846274778883,1,A2,1
22,4.545454545454546,1,22.0,64.66285714285716,9.457142857142859,12.20952380952381,11.20814326018867,5,A2,1
26,4.538461538461538,1,26.0,53.54500000000003,12.250000000000004,13.476923076923079,11.20814326018867,3,B1,2
26,3.8461538461538463,1,26.0,73.17200000000001,9.264,11.600000000000001,8.841846274778883,2,B1,2
12,5.583333333333333,1,12.0,37.455384615384645,11.264615384615386,11.353846153846156,11.20814326018867,6,B2,3
18,4.444444444444445,1,18.0,50.2388235294118,10.47529411764706,11.505882352941178,13.023866798666859,5,B2,3
17,5.176470588235294,1,17.0,33.690000000000026,12.286666666666669,16.666666666666668,14.554592549557764,6,C1,4
42,3.9285714285714284,2,21.0,61.75000000000003,9.615000000000002,13.0,12.161744961471694,9,C1,4
8,9.625,1,8.0,-86.80999999999997,27.355,28.200000000000003,15.903189008614273,6,B2,3
11,4.0,1,11.0,80.30636363636367,4.790909090909089,8.036363636363637,8.841846274778883,3,B1,2
18,4.0,1,18.0,75.76500000000001,7.163333333333334,9.422222222222222,8.841846274778883,3,B1,2
13,4.769230769230769,1,13.0,63.486153846153854,7.633846153846157,8.276923076923078,8.841846274778883,3,B1,2
14,5.285714285714286,1,14.0,47.59642857142859,10.098571428571429,14.171428571428573,14.554592549557764,4,B2,3
12,4.416666666666667,1,12.0,81.85500000000002,4.823333333333334,8.133333333333335,8.841846274778883,1,A2,1
11,4.454545454545454,1,11.0,87.99727272727276,3.7181818181818187,4.4,3.1291,2,A2,1
17,3.235294117647059,1,17.0,90.13250000000001,4.662500000000001,6.4,3.1291,1,A2,1
9,5.888888888888889,1,9.0,28.50000000000003,11.520000000000003,12.488888888888889,11.20814326018867,4,A2,1
5,4.2,1,5.0,83.32000000000004,2.879999999999999,2.0,3.1291,0,A2,1
10,4.4,1,10.0,78.24500000000002,4.830000000000002,4.0,3.1291,3,B1,2
13,4.769230769230769,1,13.0,76.50153846153849,5.818461538461541,5.2,3.1291,3,A2,1
23,4.478260869565218,1,23.0,69.46391304347827,9.284347826086957,10.93913043478261,8.841846274778883,7,B1,2
30,5.233333333333333,1,30.0,29.745000000000033,16.563333333333336,20.0,18.243605946275583,9,B2,3
26,5.153846153846154,1,26.0,47.037307692307735,13.157692307692308,15.015384615384617,13.023866798666859,10,B2,3
19,4.052631578947368,1,19.0,66.36500000000001,8.474444444444444,11.644444444444446,11.20814326018867,5,B1,2
30,5.1,1,30.0,24.105000000000018,17.350000000000005,18.666666666666668,15.903189008614273,9,B2,3
25,4.92,1,25.0,32.56400000000002,14.928,16.400000000000002,14.554592549557764,8,B2,3
16,7.25,1,16.0,-20.905,20.150000000000002,26.400000000000002,19.287186520377343,11,B2,3
46,6.173913043478261,1,46.0,-26.839999999999975,28.182222222222226,32.22222222222222,25.98008509911553,23,C1,4
8,5.0,1,8.0,40.09,9.655000000000001,13.200000000000001,11.20814326018867,4,A2,1
27,6.481481481481482,1,27.0,-17.97,22.473333333333333,27.096296296296295,22.076135915942103,15,B2,3
20,5.6,1,20.0,34.255000000000024,13.450000000000003,16.0,14.554592549557764,7,B2,3
36,5.527777777777778,1,36.0,-1.254999999999967,22.377777777777776,27.733333333333338,22.918633597333717,18,C2,5
20,6.05,1,20.0,8.875000000000028,16.99,20.0,17.122413403193683,10,A2,1
41,4.951219512195122,1,41.0,24.907804878048836,19.970731707317075,22.253658536585366,17.122413403193683,17,C1,4
43,5.0,1,43.0,27.43651162790698,20.114883720930234,25.572093023255817,20.267338824336647,14,B2,3
21,6.238095238095238,1,21.0,32.43428571428572,13.952380952380953,19.82857142857143,17.122413403193683,4,B2,3
19,5.105263157894737,1,19.0,58.42368421052632,9.830526315789477,13.915789473684212,13.023866798666859,6,B2,3
31,5.225806451612903,1,31.0,30.731290322580662,16.674193548387098,21.43225806451613,19.287186520377343,9,C1,4
32,4.875,1,32.0,44.81125000000003,14.958750000000002,17.8,14.554592549557764,8,C1,4
32,5.375,1,32.0,21.01750000000004,18.277500000000007,20.3,18.243605946275583,10,B2,3
12,5.5,1,12.0,39.55500000000001,10.723333333333333,18.133333333333336,14.554592549557764,6,B2,3
12,4.666666666666667,1,12.0,60.70500000000001,7.773333333333333,8.133333333333335,8.841846274778883,4,B1,2
27,4.62962962962963,1,27.0,27.514230769230807,15.880769230769232,19.630769230769232,18.243605946275583,9,B2,3
33,5.787878787878788,1,33.0,8.101470588235316,20.575882352941175,23.011764705882356,20.267338824336647,15,C1,4
29,6.689655172413793,1,29.0,-23.889655172413768,23.795862068965523,29.531034482758624,23.72669961743115,15,C1,4
24,5.708333333333333,1,24.0,10.611739130434785,17.493043478260876,19.63478260869565,17.122413403193683,9,B2,3
49,4.469387755102041,1,49.0,43.14897959183676,19.41387755102041,22.86530612244898,14.554592549557764,8,C2,5
38,5.2894736842105265,1,38.0,32.459736842105286,18.1721052631579,20.46315789473684,15.903189008614273,14,B2,3
22,4.181818181818182,1,22.0,76.74857142857144,7.771428571428572,8.4,8.841846274778883,3,B1,2
12,5.25,1,12.0,39.55500000000001,10.723333333333333,11.466666666666669,11.20814326018867,5,B2,3
25,5.04,1,25.0,43.20689655172416,14.437241379310347,15.73793103448276,13.023866798666859,9,B2,3
21,5.428571428571429,1,21.0,30.686818181818182,14.444545454545459,16.072727272727274,15.903189008614273,9,B2,3
15,4.6,1,15.0,58.4075,9.087500000000002,11.4,11.20814326018867,5,C1,4
14,5.357142857142857,1,14.0,44.97000000000003,10.713333333333338,14.0,13.023866798666859,4,A2,1
17,4.235294117647059,1,17.0,65.16823529411766,8.39294117647059,9.15294117647059,8.841846274778883,5,B1,2
44,4.9772727272727275,2,22.0,49.91409090909093,11.762727272727272,14.254545454545458,13.81666964889586,11,B2,3
19,6.2105263157894735,1,19.0,9.4447368421053,16.662105263157894,18.126315789473683,15.903189008614273,8,B2,3
16,5.1875,1,16.0,56.25000000000003,9.140000000000004,14.0,13.023866798666859,5,B2,3
15,4.266666666666667,1,15.0,67.53000000000003,7.566666666666666,8.666666666666668,8.841846274778883,2,B1,2
34,4.617647058823529,1,34.0,33.46032258064517,16.293548387096777,21.43225806451613,18.243605946275583,10,C2,5
45,4.711111111111111,1,45.0,11.69697674418606,22.310232558139536,26.50232558139535,21.19438992294339,14,C1,4
34,5.205882352941177,1,34.0,40.448529411764724,16.064117647058826,15.952941176470588,11.20814326018867,8,B2,3
17,5.235294117647059,1,17.0,16.107500000000016,14.9875,21.400000000000002,17.122413403193683,6,B1,2
22,5.590909090909091,1,22.0,34.532272727272726,13.90818181818182,17.89090909090909,15.903189008614273,8,B2,3
26,5.615384615384615,1,26.0,-1.275999999999982,19.648,24.400000000000002,20.267338824336647,12,B2,3
22,5.181818181818182,1,22.0,34.532272727272726,13.90818181818182,16.072727272727274,14.554592549557764,7,B2,3
15,5.733333333333333,1,15.0,28.05000000000001,13.073333333333338,14.0,13.023866798666859,7,C1,4
23,6.304347826086956,1,23.0,3.768636363636375,18.19909090909091,21.527272727272727,18.243605946275583,11,C1,4
22,6.5,1,22.0,-7.767727272727285,19.808181818181826,23.345454545454547,20.267338824336647,11,B2,3
18,4.0,1,18.0,66.36500000000001,8.474444444444444,11.644444444444446,11.20814326018867,4,A2,1
9,2.888888888888889,1,9.0,84.90000000000003,3.653333333333336,3.6,3.1291,2,A2,1
12,4.0,1,12.0,81.85500000000002,4.823333333333334,8.133333333333335,8.841846274778883,2,A2,1
13,4.461538461538462,1,13.0,69.99384615384618,6.726153846153846,8.276923076923078,11.20814326018867,3,A2,1
12,3.5833333333333335,1,12.0,81.85500000000002,4.823333333333334,8.133333333333335,11.20814326018867,1,A2,1
5,3.6,1,5.0,54.72500000000002,6.620000000000001,1.6,3.1291,0,A2,1
6,3.3333333333333335,1,6.0,102.045,0.5166666666666693,2.4000000000000004,3.1291,0,A2,1
7,2.7142857142857144,1,7.0,116.14500000000001,-1.4499999999999993,2.4000000000000004,3.1291,0,A1,0
6,3.8333333333333335,1,6.0,87.94500000000002,2.4833333333333343,2.4000000000000004,3.1291,1,A2,1
19,3.736842105263158,1,19.0,85.16499999999999,5.852222222222224,9.422222222222222,8.841846274778883,2,A2,1
13,4.3076923076923075,1,13.0,89.51692307692309,4.003076923076925,5.2,3.1291,0,A1,0
16,4.25,1,16.0,58.4075,9.087500000000002,8.9,11.20814326018867,3,A2,1
20,3.8,1,20.0,72.32500000000003,8.140000000000004,12.0,11.20814326018867,3,A2,1
50,3.5,1,50.0,56.25700000000002,17.834,20.0,3.1291,3,B1,2
6,3.3333333333333335,1,6.0,100.24000000000002,0.5199999999999996,2.0,3.1291,1,A1,0
6,3.5,1,6.0,102.045,0.5166666666666693,2.4000000000000004,3.1291,1,A1,0
9,3.4444444444444446,1,9.0,92.965,2.280000000000001,3.2,3.1291,0,A2,1
16,4.125,1,16.0,68.9825,7.612500000000001,8.9,8.841846274778883,4,B2,3
9,4.888888888888889,1,9.0,61.24000000000001,6.705000000000002,8.200000000000001,8.841846274778883,2,A2,1
21,3.380952380952381,2,10.5,94.30000000000001,2.342222222222226,3.6,3.1291,2,B1,2
14,3.0714285714285716,1,14.0,101.98214285714286,2.5128571428571433,5.6000000000000005,3.1291,0,A2,1
8,4.375,1,8.0,71.81500000000001,5.230000000000004,8.200000000000001,8.841846274778883,2,A2,1
14,3.0714285714285716,1,14.0,103.00500000000001,1.8733333333333313,4.800000000000001,3.1291,1,A2,1
25,3.72,2,12.5,85.85950000000001,4.388999999999999,8.200000000000001,8.841846274778883,4,B2,3
43,4.0,1,43.0,51.73219512195125,16.229268292682928,17.37560975609756,8.841846274778883,10,C1,4
4,5.0,1,4.0,75.87500000000001,3.6700000000000017,1.6,8.841846274778883,0,A1,0
17,3.8823529411764706,1,17.0,80.09764705882354,6.310588235294119,9.15294117647059,8.841846274778883,2,B1,2
4,3.25,1,4.0,97.025,0.7199999999999989,1.6,3.1291,1,A2,1
7,3.7142857142857144,1,7.0,87.94500000000002,2.4833333333333343,2.4000000000000004,8.841846274778883,0,A2,1
6,4.833333333333333,1,6.0,73.84500000000001,4.450000000000003,9.066666666666668,8.841846274778883,1,A2,1
9,3.5555555555555554,1,9.0,84.90000000000003,3.653333333333336,3.6,8.841846274778883,0,A1,0
5,4.4,1,5.0,117.16000000000003,-1.8399999999999999,2.0,3.1291,0,A1,0
10,5.2,1,10.0,69.78500000000001,6.010000000000002,4.0,8.841846274778883,2,A2,1
10,4.0,1,10.0,75.50000000000003,4.964444444444446,8.044444444444444,8.841846274778883,3,A2,1
3,4.666666666666667,1,3.0,75.87500000000001,3.6700000000000017,1.6,3.1291,1,A1,0
7,3.4285714285714284,1,7.0,82.39000000000001,3.7550000000000026,3.2,8.841846274778883,0,A1,0
4,3.25,1,4.0,97.025,0.7199999999999989,1.6,3.1291,0,A1,0
7,3.4285714285714284,1,7.0,103.04428571428575,0.6257142857142846,2.8000000000000003,3.1291,0,A2,1
7,3.857142857142857,1,7.0,103.04428571428575,0.6257142857142846,2.8000000000000003,3.1291,0,A2,1
7,5.142857142857143,1,7.0,66.7871428571429,5.682857142857145,2.8000000000000003,3.1291,1,B1,2
10,2.7,1,10.0,103.70000000000002,1.0311111111111124,3.6,3.1291,1,A2,1
10,3.6,1,10.0,103.625,1.2900000000000027,4.0,3.1291,1,B1,2
8,4.125,1,8.0,82.39000000000001,3.7550000000000026,8.200000000000001,8.841846274778883,1,A2,1
40,4.425,1,40.0,52.66918918918921,15.104864864864865,19.124324324324323,14.554592549557764,5,B2,3
15,4.066666666666666,1,15.0,63.486153846153854,7.633846153846157,8.276923076923078,11.20814326018867,2,B1,2
30,5.133333333333334,1,30.0,35.38500000000002,15.776666666666667,18.666666666666668,17.122413403193683,6,B2,3
25,3.24,1,25.0,80.49869565217392,7.745217391304351,10.93913043478261,8.841846274778883,3,B1,2
3,5.0,1,3.0,62.79000000000002,5.246666666666666,1.2000000000000002,3.1291,1,A1,0
23,4.086956521739131,1,23.0,72.9868181818182,8.544545454545453,12.436363636363637,11.20814326018867,3,B1,2
10,3.8,1,10.0,103.625,1.2900000000000027,4.0,3.1291,0,A2,1
36,5.055555555555555,1,36.0,22.245000000000033,19.100000000000005,23.28888888888889,19.287186520377343,11,B2,3
18,4.0,1,18.0,71.06500000000001,7.818888888888889,11.644444444444446,11.20814326018867,4,A2,1
16,3.75,2,8.0,94.78197368421053,2.399210526315791,8.010526315789475,8.841846274778883,2,B1,2
8,5.25,1,8.0,50.66500000000002,8.180000000000003,13.200000000000001,11.20814326018867,3,B1,2
4,3.0,1,4.0,118.17500000000001,-2.2299999999999986,1.6,3.1291,0,A1,0
7,5.428571428571429,1,7.0,30.53000000000003,10.740000000000002,19.942857142857143,13.023866798666859,3,B2,3
13,3.3076923076923075,1,13.0,96.02461538461542,3.0953846153846136,5.2,3.1291,1,B2,3
24,4.458333333333333,1,24.0,62.62500000000003,10.486666666666668,11.266666666666667,11.20814326018867,4,B1,2
18,4.888888888888889,1,18.0,71.06500000000001,7.818888888888889,11.644444444444446,11.20814326018867,4,B1,2
8,4.875,1,8.0,71.81500000000001,5.230000000000004,3.2,3.1291,2,B1,2
30,3.2666666666666666,1,30.0,75.6864285714286,9.658571428571431,12.62857142857143,8.841846274778883,1,B2,3
5,6.2,1,5.0,-1.2799999999999727,14.68,18.0,11.20814326018867,3,A2,1
21,4.190476190476191,1,21.0,59.63500000000003,9.910000000000004,14.0,13.023866798666859,6,B1,2
11,5.636363636363637,1,11.0,41.8518181818182,10.154545454545456,15.30909090909091,13.023866798666859,6,B2,3
12,2.9166666666666665,1,12.0,87.99727272727276,3.7181818181818187,4.4,3.1291,3,B2,3
27,4.111111111111111,1,27.0,66.63000000000002,10.673333333333336,12.281481481481482,8.841846274778883,6,C1,4
34,4.235294117647059,1,34.0,52.84909090909092,14.08606060606061,18.04848484848485,14.554592549557764,7,B1,2
7,5.142857142857143,1,7.0,42.61571428571432,9.054285714285715,2.8000000000000003,11.20814326018867,0,A2,1
19,4.2105263157894735,1,19.0,53.97105263157897,10.451578947368422,9.705263157894738,11.20814326018867,3,B2,3
19,3.210526315789474,1,19.0,94.04473684210527,4.862105263157897,7.6000000000000005,3.1291,1,A2,1
26,4.1923076923076925,1,26.0,73.17200000000001,9.264,10.0,3.1291,0,A2,1
9,3.111111111111111,1,9.0,114.11500000000001,-0.6699999999999982,3.2,3.1291,0,A2,1
6,7.166666666666667,1,6.0,-24.85499999999996,18.216666666666672,29.06666666666667,14.554592549557764,4,A2,1
11,4.090909090909091,1,11.0,87.99727272727276,3.7181818181818187,8.036363636363637,8.841846274778883,2,A2,1
17,5.0,1,17.0,50.2388235294118,10.47529411764706,11.505882352941178,11.20814326018867,6,B2,3
26,4.538461538461538,1,26.0,56.252000000000024,11.624000000000002,14.8,13.023866798666859,7,B1,2
9,2.4444444444444446,1,9.0,103.04428571428575,0.6257142857142846,2.8000000000000003,3.1291,0,A1,0
14,5.0,1,14.0,65.72500000000001,7.570000000000004,8.457142857142857,8.841846274778883,4,B1,2
15,4.266666666666667,1,15.0,67.53000000000003,7.566666666666666,11.333333333333336,11.20814326018867,5,A2,1
26,5.269230769230769,1,26.0,34.021923076923116,14.973076923076924,16.553846153846155,14.554592549557764,10,B2,3
21,4.0,1,21.0,76.74857142857144,7.771428571428572,10.304761904761905,8.841846274778883,5,A2,1
6,5.5,1,6.0,42.61571428571432,9.054285714285715,8.514285714285714,11.20814326018867,2,B2,3
35,4.457142857142857,2,17.5,55.4412837837838,10.122297297297298,11.724324324324325,12.161744961471694,10,C2,5
19,4.684210526315789,2,9.5,68.0661842105263,6.125526315789475,8.010526315789475,8.841846274778883,6,B2,3
20,3.8,1,20.0,80.78500000000003,6.960000000000001,12.0,11.20814326018867,3,B2,3
24,5.791666666666667,2,12.0,21.930000000000035,13.181666666666665,21.46666666666667,15.903189008614273,13,B2,3
9,3.3333333333333335,1,9.0,92.965,2.280000000000001,3.2,3.1291,1,A2,1
26,4.8076923076923075,1,26.0,43.78346153846158,13.611538461538462,16.553846153846155,14.554592549557764,8,C1,4
15,4.066666666666666,1,15.0,90.09000000000002,4.420000000000002,8.666666666666668,8.841846274778883,2,B2,3
12,3.9166666666666665,2,6.0,87.94500000000002,2.4833333333333343,5.733333333333334,7.168621630094336,2,B2,3
17,5.117647058823529,1,17.0,33.690000000000026,12.286666666666669,14.0,13.023866798666859,7,B2,3
53,4.283018867924528,3,17.666666666666668,63.01833333333336,8.610000000000003,11.466666666666669,11.20814326018867,13,C2,5
9,4.555555555555555,1,9.0,75.50000000000003,4.964444444444446,3.6,3.1291,2,B2,3
22,4.5,1,22.0,61.45045454545455,10.153636363636362,10.618181818181819,8.841846274778883,8,B2,3
19,5.315789473684211,2,9.5,43.93691176470591,9.242647058823533,12.811764705882354,11.20814326018867,6,B2,3
9,4.333333333333333,1,9.0,84.90000000000003,3.653333333333336,3.6,3.1291,2,B1,2
12,4.25,1,12.0,60.70500000000001,7.773333333333333,8.133333333333335,8.841846274778883,4,B2,3
17,5.647058823529412,1,17.0,5.490000000000009,16.220000000000006,19.333333333333336,15.903189008614273,7,B2,3
28,5.821428571428571,1,28.0,-2.870714285714257,20.615714285714287,19.771428571428572,20.267338824336647,10,C1,4
6,5.333333333333333,1,6.0,73.84500000000001,4.450000000000003,2.4000000000000004,3.1291,1,A2,1
34,4.588235294117647,1,34.0,34.903636363636366,16.589090909090917,16.83636363636364,17.122413403193683,5,C1,4
41,3.5121951219512195,1,41.0,60.485000000000014,14.760000000000002,18.0,13.023866798666859,4,B2,3
24,4.833333333333333,1,24.0,55.57500000000003,11.470000000000002,9.600000000000001,11.20814326018867,3,B2,3
50,3.88,3,16.666666666666668,83.08250000000001,5.645833333333332,6.4,6.42735559955562,6,B1,2
22,4.136363636363637,2,11.0,86.70500000000001,3.650000000000002,8.0,8.841846274778883,3,B1,2
12,4.25,1,12.0,69.99384615384618,6.726153846153846,5.2,8.841846274778883,3,B1,2
10,5.0,1,10.0,95.165,2.4700000000000024,4.0,3.1291,1,B1,2
22,4.363636363636363,1,22.0,65.29590909090909,9.61727272727273,12.436363636363637,13.023866798666859,4,B2,3
7,3.142857142857143,1,7.0,115.13000000000002,-1.0599999999999987,2.8000000000000003,3.1291,0,A2,1
9,4.888888888888889,1,9.0,75.50000000000003,4.964444444444446,8.044444444444444,8.841846274778883,2,B1,2
17,4.529411764705882,2,8.5,52.00000000000003,8.242222222222225,10.266666666666667,10.125756701596842,5,B2,3
27,5.2592592592592595,1,27.0,35.29666666666668,15.043703703703706,15.244444444444447,15.903189008614273,9,B2,3
18,5.222222222222222,1,18.0,38.16500000000002,12.407777777777778,20.533333333333335,17.122413403193683,5,B2,3
18,4.444444444444445,1,18.0,70.14470588235295,7.698823529411765,9.15294117647059,8.841846274778883,5,B1,2
15,5.4,1,15.0,44.97000000000003,10.713333333333338,14.0,14.554592549557764,5,B2,3
26,4.346153846153846,1,26.0,49.48400000000001,12.568000000000001,14.8,13.023866798666859,5,B2,3
25,5.36,1,25.0,35.94800000000001,14.456,19.6,17.122413403193683,8,B2,3
27,5.2592592592592595,1,27.0,32.163333333333355,15.480740740740742,19.68888888888889,17.122413403193683,10,B2,3
16,4.25,1,16.0,68.9825,7.612500000000001,8.9,11.20814326018867,3,A2,1
18,5.222222222222222,1,18.0,35.309411764705914,12.55764705882353,13.858823529411765,13.023866798666859,5,B2,3
25,4.76,2,12.5,56.97846153846157,8.541538461538462,9.815384615384616,10.125756701596842,8,B1,2
14,5.5,1,14.0,11.339285714285722,15.15571428571429,19.885714285714286,15.903189008614273,7,B2,3
13,4.615384615384615,1,13.0,69.99384615384618,6.726153846153846,8.276923076923078,11.20814326018867,3,B1,2
17,4.294117647058823,1,17.0,50.2388235294118,10.47529411764706,13.858823529411765,13.023866798666859,4,B2,3
22,4.136363636363637,1,22.0,72.9868181818182,8.544545454545453,12.436363636363637,11.20814326018867,4,B1,2
26,4.3076923076923075,1,26.0,60.05269230769234,11.342307692307696,13.476923076923079,11.20814326018867,5,B2,3
25,4.36,1,25.0,73.17200000000001,9.264,10.0,3.1291,3,B2,3
9,4.777777777777778,1,9.0,75.50000000000003,4.964444444444446,8.044444444444444,8.841846274778883,2,B1,2
18,4.388888888888889,1,18.0,55.21529411764709,9.781176470588235,11.505882352941178,13.023866798666859,3,B2,3
11,4.636363636363637,1,11.0,57.23363636363638,8.009090909090911,15.30909090909091,13.023866798666859,4,B1,2
19,6.421052631578948,1,19.0,4.992105263157924,17.28315789473685,22.33684210526316,18.243605946275583,9,B1,2
15,5.666666666666667,1,15.0,16.77000000000001,14.646666666666672,16.666666666666668,14.554592549557764,7,B2,3
18,3.888888888888889,1,18.0,75.76500000000001,7.163333333333334,9.422222222222222,8.841846274778883,4,B1,2
14,5.285714285714286,1,14.0,59.68214285714288,8.412857142857145,11.314285714285715,13.023866798666859,3,B1,2
29,4.793103448275862,1,29.0,51.95862068965518,13.216551724137933,18.49655172413793,15.903189008614273,9,B2,3
22,4.818181818181818,1,22.0,46.06863636363636,12.29909090909091,19.70909090909091,17.122413403193683,7,C1,4
19,4.421052631578948,1,19.0,56.965,9.785555555555558,13.866666666666669,13.023866798666859,6,B1,2
26,4.884615384615385,1,26.0,53.54500000000003,12.250000000000004,16.553846153846155,14.554592549557764,5,B2,3
9,4.0,1,9.0,66.10000000000002,6.2755555555555596,12.488888888888889,11.20814326018867,2,A2,1
7,4.571428571428571,1,7.0,66.7871428571429,5.682857142857145,8.514285714285714,8.841846274778883,3,A2,1
26,5.153846153846154,1,26.0,30.76807692307696,15.426923076923078,18.092307692307692,17.122413403193683,9,B1,2
14,4.857142857142857,1,14.0,41.553571428571445,10.941428571428574,11.314285714285715,13.023866798666859,4,B1,2
21,5.095238095238095,1,21.0,36.46285714285716,13.390476190476189,16.019047619047623,15.903189008614273,6,B2,3
14,4.0,1,14.0,83.85357142857143,5.041428571428572,5.6000000000000005,3.1291,3,B2,3
21,4.571428571428571,1,21.0,40.613157894736844,12.314736842105265,13.915789473684212,13.023866798666859,9,B2,3
12,7.333333333333333,1,12.0,-16.845,18.59,18.133333333333336,15.903189008614273,5,B1,2
9,4.777777777777778,1,9.0,66.10000000000002,6.2755555555555596,8.044444444444444,8.841846274778883,3,B1,2
20,4.1,1,20.0,63.86500000000004,9.32,14.0,13.023866798666859,3,B1,2
19,4.315789473684211,1,19.0,62.87631578947371,9.209473684210526,13.915789473684212,13.023866798666859,5,B2,3
17,4.352941176470588,1,17.0,65.16823529411766,8.39294117647059,9.15294117647059,11.20814326018867,1,B1,2
16,4.75,1,16.0,42.545000000000016,11.3,13.9,13.023866798666859,6,B1,2
16,6.1875,1,16.0,5.532499999999999,16.462500000000002,18.900000000000002,15.903189008614273,6,B2,3
20,4.95,1,20.0,42.71500000000003,12.270000000000003,16.0,14.554592549557764,7,B1,2
13,5.6923076923076925,1,13.0,30.947692307692336,12.172307692307694,20.584615384615386,15.903189008614273,7,B1,2
25,4.52,1,25.0,56.252000000000024,11.624000000000002,16.400000000000002,14.554592549557764,5,B1,2
17,4.764705882352941,1,17.0,47.83250000000001,10.562500000000004,13.9,13.023866798666859,7,B2,3
32,5.65625,1,32.0,15.730000000000018,19.015000000000004,22.8,19.287186520377343,12,B2,3
8,7.625,1,8.0,-44.50999999999999,21.455000000000002,23.200000000000003,14.554592549557764,7,B2,3
11,4.181818181818182,1,11.0,72.61545454545457,5.863636363636363,11.672727272727274,11.20814326018867,2,B1,2
19,5.0,1,19.0,45.06578947368425,11.693684210526317,16.02105263157895,14.554592549557764,6,B2,3
33,4.818181818181818,1,33.0,37.46727272727276,16.231515151515154,19.260606060606065,15.903189008614273,11,B2,3
19,5.052631578947368,1,19.0,49.518421052631595,11.07263157894737,13.915789473684212,13.023866798666859,4,A2,1
16,4.875,1,16.0,63.69500000000001,8.350000000000005,6.4,8.841846274778883,4,B1,2
37,4.837837837837838,1,37.0,29.295000000000016,18.11666666666667,23.28888888888889,19.287186520377343,12,B2,3
15,5.6,1,15.0,16.77000000000001,14.646666666666672,22.0,17.122413403193683,6,B2,3
25,5.28,1,25.0,15.644000000000034,17.288,22.8,19.287186520377343,10,B2,3
11,5.0,1,11.0,49.54272727272729,9.081818181818182,11.672727272727274,13.023866798666859,3,B1,2
28,5.428571428571429,1,28.0,10.230000000000018,18.540000000000003,21.17037037037037,18.243605946275583,6,C1,4
14,4.142857142857143,1,14.0,71.76785714285715,6.727142857142859,8.457142857142857,8.841846274778883,3,A2,1
34,4.5588235294117645,1,34.0,40.03090909090912,15.873939393939395,18.04848484848485,15.903189008614273,10,B2,3
38,3.6578947368421053,1,38.0,54.722894736842136,15.06684210526316,16.25263157894737,11.20814326018867,3,A2,1
29,4.551724137931035,1,29.0,51.51500000000003,13.030000000000005,15.485714285714288,13.023866798666859,6,B2,3
14,5.5,1,14.0,53.639285714285734,9.255714285714287,14.171428571428573,13.023866798666859,5,B1,2
28,4.964285714285714,1,28.0,38.43000000000001,14.60666666666667,15.244444444444447,14.554592549557764,7,B2,3
11,5.0,1,11.0,57.23363636363638,8.009090909090911,4.4,8.841846274778883,4,A2,1
26,4.653846153846154,1,26.0,54.5364285714286,12.608571428571427,16.914285714285715,14.554592549557764,7,C1,4
12,5.333333333333333,1,12.0,32.504999999999995,11.706666666666667,11.466666666666669,11.20814326018867,4,B1,2
20,5.7,1,20.0,8.875000000000028,16.99,22.0,18.243605946275583,9,B2,3
35,4.514285714285714,1,35.0,43.20142857142858,15.928571428571427,19.714285714285715,15.903189008614273,6,B1,2
10,6.2,1,10.0,10.564999999999998,14.270000000000007,12.0,13.023866798666859,4,B1,2
48,4.395833333333333,1,48.0,25.930000000000007,21.318723404255326,24.75744680851064,19.287186520377343,14,B1,2
23,5.782608695652174,1,23.0,21.646521739130463,15.953913043478263,21.373913043478264,18.243605946275583,8,B2,3
15,4.466666666666667,1,15.0,61.890000000000015,8.353333333333339,8.666666666666668,11.20814326018867,4,B1,2
14,5.857142857142857,1,14.0,5.296428571428578,15.99857142857143,19.885714285714286,15.903189008614273,6,A2,1
37,4.351351351351352,1,37.0,50.44500000000002,15.166666666666668,18.844444444444445,14.554592549557764,11,B2,3
19,3.6315789473684212,1,19.0,94.04473684210527,4.862105263157897,7.6000000000000005,3.1291,1,B1,2
23,5.3478260869565215,1,23.0,36.35956521739132,13.901739130434787,16.156521739130437,14.554592549557764,8,B2,3
19,4.7368421052631575,1,19.0,63.86500000000004,9.32,14.0,13.023866798666859,6,B2,3
29,4.689655172413793,2,14.5,65.72500000000001,7.570000000000004,8.457142857142857,8.841846274778883,4,B1,2
20,4.7,1,20.0,42.71500000000003,12.270000000000003,16.0,14.554592549557764,7,B2,3
40,4.0,1,40.0,45.77307692307693,16.56358974358975,18.676923076923078,13.023866798666859,7,C1,4
24,4.875,1,24.0,34.42500000000004,14.420000000000002,16.26666666666667,15.903189008614273,8,C1,4
17,6.705882352941177,1,17.0,-13.534999999999997,19.618888888888893,22.755555555555556,18.243605946275583,9,B2,3
16,5.5,1,16.0,11.339285714285722,15.15571428571429,19.885714285714286,15.903189008614273,7,B2,3
27,5.185185185185185,1,27.0,40.529615384615425,14.065384615384616,15.015384615384617,13.023866798666859,7,B2,3
16,4.0625,1,16.0,73.17000000000003,6.780000000000001,8.666666666666668,8.841846274778883,3,B2,3
17,4.294117647058823,1,17.0,66.36500000000001,8.474444444444444,11.644444444444446,11.20814326018867,5,B2,3
37,4.0,1,37.0,45.61857142857143,15.591428571428576,16.28571428571429,13.023866798666859,8,C1,4
13,4.769230769230769,1,13.0,63.486153846153854,7.633846153846157,8.276923076923078,8.841846274778883,4,B2,3
29,4.655172413793103,1,29.0,50.098750000000024,14.221250000000001,16.55,14.554592549557764,6,C1,4
7,5.142857142857143,1,7.0,54.70142857142861,7.368571428571428,14.228571428571428,11.20814326018867,2,A2,1
17,5.0,1,17.0,47.83250000000001,10.562500000000004,13.9,13.023866798666859,4,B2,3
48,3.1875,1,48.0,44.875510204081664,19.173061224489796,22.86530612244898,14.554592549557764,7,C2,5
18,4.722222222222222,1,18.0,67.32894736842107,8.588421052631581,9.705263157894738,8.841846274778883,5,B2,3
30,4.166666666666667,1,30.0,63.317500000000024,12.377500000000001,14.05,8.841846274778883,3,C1,4
17,4.823529411764706,1,17.0,61.890000000000015,8.353333333333339,11.333333333333336,11.20814326018867,4,B2,3
13,3.3076923076923075,1,13.0,95.73000000000002,3.633333333333333,6.0,3.1291,1,B2,3
25,4.8,1,25.0,34.021923076923116,14.973076923076924,15.015384615384617,14.554592549557764,9,C1,4
18,4.666666666666667,1,18.0,70.14470588235295,7.698823529411765,11.505882352941178,11.20814326018867,4,B2,3
27,4.074074074074074,1,27.0,72.89666666666668,9.799259259259262,13.762962962962963,11.20814326018867,4,C1,4
17,5.470588235294118,1,17.0,39.33000000000001,11.500000000000004,14.0,13.023866798666859,6,B2,3
23,5.739130434782608,1,23.0,12.291428571428611,16.761904761904763,19.82857142857143,18.243605946275583,7,B2,3
21,5.190476190476191,1,21.0,48.54857142857145,11.704761904761906,16.019047619047623,14.554592549557764,6,C1,4
24,4.875,2,12.0,75.42784482758621,6.340862068965521,9.937931034482759,10.125756701596842,6,C1,4
19,4.315789473684211,1,19.0,55.40500000000003,10.500000000000004,10.0,11.20814326018867,4,B2,3
32,5.34375,1,32.0,14.357096774193565,18.95806451612903,21.43225806451613,18.243605946275583,8,C2,5
23,5.260869565217392,2,11.5,49.54272727272729,9.081818181818182,11.672727272727274,11.20814326018867,7,C1,4
19,4.2631578947368425,1,19.0,55.40500000000003,10.500000000000004,14.0,13.023866798666859,4,B2,3
13,4.384615384615385,1,13.0,71.76785714285715,6.727142857142859,5.6000000000000005,11.20814326018867,2,B2,3
20,4.9,1,20.0,44.52000000000001,12.26666666666667,16.019047619047623,14.554592549557764,6,B2,3
18,4.388888888888889,1,18.0,71.06500000000001,7.818888888888889,11.644444444444446,11.20814326018867,3,B2,3
20,4.4,1,20.0,80.78500000000003,6.960000000000001,8.0,3.1291,1,B2,3
43,4.6976744186046515,1,43.0,35.2907142857143,18.770952380952384,23.46666666666667,18.243605946275583,11,C2,5
20,5.2,1,20.0,34.255000000000024,13.450000000000003,14.0,13.023866798666859,9,B2,3
14,4.714285714285714,1,14.0,37.455384615384645,11.264615384615386,14.430769230769233,13.023866798666859,6,B2,3
25,4.68,1,25.0,49.48400000000001,12.568000000000001,16.400000000000002,15.903189008614273,6,B2,3
43,4.674418604651163,1,43.0,35.30627906976744,19.017209302325586,20.920930232558142,17.122413403193683,10,C1,4
27,4.518518518518518,1,27.0,53.54500000000003,12.250000000000004,16.553846153846155,15.903189008614273,5,B2,3
21,4.285714285714286,1,21.0,49.91409090909093,11.762727272727272,16.072727272727274,14.554592549557764,7,C1,4
21,4.904761904761905,1,21.0,48.54857142857145,11.704761904761906,16.019047619047623,14.554592549557764,6,B2,3
39,6.948717948717949,1,39.0,-19.303846153846166,25.64051282051283,30.98461538461538,25.98008509911553,21,C2,5
36,5.444444444444445,1,36.0,21.447142857142865,18.962857142857143,20.857142857142858,17.122413403193683,12,B2,3
27,5.7407407407407405,1,27.0,17.752692307692342,17.242307692307694,19.630769230769232,18.243605946275583,10,B2,3
36,5.277777777777778,1,36.0,29.295000000000016,18.11666666666667,21.06666666666667,17.122413403193683,12,C1,4
31,4.516129032258065,1,31.0,41.64741935483872,15.151612903225807,16.270967741935486,13.023866798666859,9,B2,3
24,5.5,1,24.0,3.2552173913043703,18.519130434782614,19.63478260869565,18.243605946275583,11,B2,3
25,6.8,1,25.0,-21.579999999999984,22.48,26.0,21.19438992294339,14,C1,4
13,5.384615384615385,1,13.0,37.455384615384645,11.264615384615386,11.353846153846156,11.20814326018867,3,B2,3
21,5.380952380952381,1,21.0,48.54857142857145,11.704761904761906,17.923809523809524,15.903189008614273,6,B2,3
22,4.818181818181818,1,22.0,28.40571428571431,14.514285714285716,16.019047619047623,14.554592549557764,8,B2,3
38,4.2894736842105265,1,38.0,52.496578947368434,15.377368421052633,18.357894736842105,13.023866798666859,8,C1,4
18,6.666666666666667,1,18.0,-4.134999999999991,18.307777777777783,24.977777777777778,19.287186520377343,11,B2,3
16,4.875,1,16.0,74.27000000000001,6.8750000000000036,8.9,8.841846274778883,3,B2,3
21,5.761904761904762,1,21.0,0.2057142857142935,18.447619047619053,21.733333333333334,18.243605946275583,9,C1,4
29,5.310344827586207,1,29.0,2.365517241379308,20.13379310344828,24.01379310344828,20.267338824336647,12,B1,2
24,5.541666666666667,1,24.0,2.7000000000000455,18.845000000000002,22.933333333333337,19.287186520377343,9,B2,3
16,6.375,1,16.0,26.682500000000005,13.5125,18.900000000000002,15.903189008614273,7,B2,3
10,5.9,1,10.0,2.105000000000018,15.45,24.0,15.903189008614273,5,A2,1
26,4.730769230769231,1,26.0,43.78346153846158,13.611538461538462,13.476923076923079,11.20814326018867,4,C1,4
18,4.666666666666667,1,18.0,80.46500000000002,6.507777777777779,9.422222222222222,8.841846274778883,4,B2,3
18,4.166666666666667,1,18.0,75.76500000000001,7.163333333333334,7.2,3.1291,4,B2,3
13,6.461538461538462,1,13.0,24.440000000000026,13.080000000000002,17.50769230769231,14.554592549557764,6,B1,2
15,6.0,1,15.0,33.690000000000026,12.286666666666669,11.333333333333336,14.554592549557764,5,B1,2
15,5.733333333333333,1,15.0,31.97,12.775000000000002,13.9,13.023866798666859,5,B1,2
17,6.235294117647059,1,17.0,0.47411764705884707,17.416470588235295,18.56470588235294,15.903189008614273,7,C1,4
30,5.6,1,30.0,12.825000000000017,18.923333333333336,21.333333333333332,18.243605946275583,13,C1,4
19,6.052631578947368,1,19.0,22.8026315789474,14.798947368421054,16.02105263157895,14.554592549557764,9,B2,3
11,5.181818181818182,1,11.0,49.54272727272729,9.081818181818182,11.672727272727274,11.20814326018867,4,A2,1
26,6.576923076923077,1,26.0,4.7373076923077235,19.05769230769231,22.707692307692312,19.287186520377343,12,C1,4
11,5.636363636363637,1,11.0,34.160909090909115,11.22727272727273,15.30909090909091,13.023866798666859,5,B1,2
16,5.875,1,16.0,21.39500000000001,14.250000000000004,13.9,14.554592549557764,8,B2,3
25,7.0,1,25.0,-28.347999999999985,23.424000000000003,27.6,22.076135915942103,14,B2,3
11,6.0,1,11.0,10.564999999999998,14.270000000000007,16.0,13.023866798666859,6,B1,2
18,4.888888888888889,1,18.0,40.2858823529412,11.863529411764706,11.505882352941178,11.20814326018867,6,B2,3
34,4.9411764705882355,1,34.0,25.27322580645162,17.435483870967747,18.851612903225806,15.903189008614273,10,C1,4
22,6.7272727272727275,1,22.0,-46.11499999999995,24.66,26.0,21.19438992294339,10,C1,4
26,6.961538461538462,1,26.0,-24.54730769230764,23.142307692307693,27.323076923076925,22.076135915942103,14,B2,3
14,5.571428571428571,1,14.0,35.5107142857143,11.784285714285716,17.02857142857143,14.554592549557764,6,B1,2
8,5.625,1,8.0,40.09,9.655000000000001,13.200000000000001,11.20814326018867,4,B2,3
27,5.666666666666667,1,27.0,22.76333333333335,16.791851851851856,19.68888888888889,17.122413403193683,11,B2,3
14,5.785714285714286,1,14.0,29.467857142857156,12.62714285714286,14.171428571428573,14.554592549557764,5,B2,3
28,4.857142857142857,1,28.0,60.67375000000003,12.74625,14.05,11.20814326018867,3,B2,3
37,5.081081081081081,1,37.0,30.2334210526316,18.482631578947366,20.46315789473684,15.903189008614273,8,B2,3
15,5.133333333333334,1,15.0,39.33000000000001,11.500000000000004,16.666666666666668,14.554592549557764,6,B2,3
21,6.333333333333333,1,21.0,4.234285714285733,17.88571428571429,21.733333333333334,18.243605946275583,10,B2,3
10,6.4,1,10.0,52.86500000000001,8.370000000000001,8.0,8.841846274778883,6,B1,2
25,5.44,1,25.0,32.56400000000002,14.928,19.6,17.122413403193683,9,B2,3
13,5.230769230769231,1,13.0,63.486153846153854,7.633846153846157,8.276923076923078,8.841846274778883,5,B1,2
23,6.695652173913044,1,23.0,-18.81434782608693,21.597391304347827,23.11304347826087,19.287186520377343,12,B2,3
31,5.064516129032258,1,31.0,26.92500000000004,16.956666666666667,17.333333333333336,17.122413403193683,8,B2,3
30,5.1,2,15.0,59.342045454545485,9.081363636363637,10.236363636363638,10.125756701596842,9,B2,3
19,3.210526315789474,1,19.0,89.5921052631579,5.483157894736845,7.6000000000000005,3.1291,0,A2,1
16,5.9375,1,16.0,33.690000000000026,12.286666666666669,8.666666666666668,8.841846274778883,7,B2,3
14,4.428571428571429,1,14.0,59.68214285714288,8.412857142857145,8.457142857142857,8.841846274778883,4,B1,2
27,3.814814814814815,1,27.0,56.798846153846185,11.796153846153846,13.476923076923079,13.023866798666859,3,B1,2
25,5.64,1,25.0,34.42500000000004,14.420000000000002,16.26666666666667,14.554592549557764,7,B2,3
37,5.297297297297297,1,37.0,11.77857142857144,20.311428571428575,24.28571428571429,20.267338824336647,11,C1,4
40,5.3,1,40.0,16.07000000000002,20.955000000000002,25.0,20.267338824336647,12,C1,4
17,5.117647058823529,1,17.0,30.332941176470626,13.251764705882355,16.211764705882356,17.122413403193683,6,B2,3
27,5.62962962962963,1,27.0,22.76333333333335,16.791851851851856,21.17037037037037,18.243605946275583,12,B1,2
25,4.56,1,25.0,40.03782608695653,13.388695652173912,12.678260869565218,11.20814326018867,9,A2,1
20,4.6,1,20.0,36.1605263157895,12.935789473684213,13.915789473684212,13.023866798666859,10,B1,2
31,5.838709677419355,1,31.0,-14.836666666666645,22.036296296296303,25.614814814814817,21.19438992294339,16,C1,4
15,5.133333333333334,1,15.0,61.890000000000015,8.353333333333339,8.666666666666668,8.841846274778883,5,B1,2
18,4.888888888888889,1,18.0,62.87631578947371,9.209473684210526,11.810526315789474,11.20814326018867,4,B1,2
24,4.541666666666667,1,24.0,57.605000000000004,10.690000000000001,10.618181818181819,11.20814326018867,3,B1,2
35,4.857142857142857,1,35.0,31.11571428571429,17.614285714285717,18.571428571428573,14.554592549557764,8,B1,2
30,4.5,1,30.0,54.87586206896553,12.809655172413795,14.358620689655172,11.20814326018867,6,B2,3
31,4.387096774193548,1,31.0,35.38500000000002,15.776666666666667,18.666666666666668,17.122413403193683,8,B2,3
11,5.7272727272727275,1,11.0,18.77909090909094,13.372727272727271,15.30909090909091,14.554592549557764,3,A2,1
27,4.37037037037037,1,27.0,50.96333333333334,12.858518518518522,15.244444444444447,13.023866798666859,9,B1,2
15,5.133333333333334,1,15.0,39.33000000000001,11.500000000000004,11.333333333333336,11.20814326018867,6,B2,3
29,4.586206896551724,1,29.0,45.4721428571429,13.872857142857146,15.485714285714288,13.023866798666859,7,B2,3
34,4.294117647058823,1,34.0,48.09500000000003,15.494444444444444,17.733333333333334,13.023866798666859,9,B2,3
10,4.7,1,10.0,78.24500000000002,4.830000000000002,4.0,3.1291,1,A2,1
18,4.666666666666667,1,18.0,47.565,11.096666666666668,13.866666666666669,14.554592549557764,3,B2,3
29,5.9655172413793105,1,29.0,18.465000000000032,18.136666666666667,21.333333333333332,18.243605946275583,10,B2,3
23,5.130434782608695,1,23.0,51.07260869565218,11.849565217391305,10.93913043478261,11.20814326018867,7,B1,2
17,5.0588235294117645,1,17.0,60.19176470588238,9.08705882352941,11.505882352941178,11.20814326018867,5,A2,1
32,5.21875,1,32.0,28.002258064516155,17.054838709677416,18.851612903225806,15.903189008614273,11,B2,3
57,4.192982456140351,1,57.0,21.33789473684213,24.44350877192983,27.010526315789477,18.243605946275583,13,C1,4
22,5.045454545454546,1,22.0,49.91409090909093,11.762727272727272,14.254545454545458,13.023866798666859,8,B2,3
11,6.090909090909091,1,11.0,34.160909090909115,11.22727272727273,15.30909090909091,13.023866798666859,5,B1,2
36,6.055555555555555,1,36.0,-1.254999999999967,22.377777777777776,25.511111111111113,21.19438992294339,22,B2,3
21,4.0476190476190474,1,21.0,56.6057142857143,10.580952380952379,10.304761904761905,13.023866798666859,2,B2,3
20,6.3,1,20.0,4.645000000000039,17.580000000000002,22.0,18.243605946275583,10,B2,3
30,5.366666666666666,1,30.0,21.285000000000025,17.743333333333336,24.0,20.267338824336647,10,C1,4
8,7.625,1,8.0,-23.359999999999985,18.505,18.2,13.023866798666859,5,B2,3
25,5.08,1,25.0,46.10000000000002,13.040000000000003,18.0,15.903189008614273,8,B2,3
19,6.631578947368421,1,19.0,4.992105263157924,17.28315789473685,16.02105263157895,17.122413403193683,10,B1,2
42,6.595238095238095,1,42.0,-27.15214285714282,27.480476190476192,32.038095238095245,25.98008509911553,22,C1,4
16,6.0,1,16.0,21.39500000000001,14.250000000000004,11.4,13.023866798666859,5,B2,3
18,4.888888888888889,1,18.0,47.565,11.096666666666668,16.08888888888889,14.554592549557764,6,B2,3
15,5.866666666666666,1,15.0,-0.7464285714285381,16.84142857142857,22.742857142857144,17.122413403193683,6,B2,3
20,6.5,1,20.0,-3.8149999999999693,18.76,24.0,19.287186520377343,10,B2,3
27,3.888888888888889,1,27.0,76.03,9.362222222222226,12.281481481481482,8.841846274778883,1,B2,3
16,5.5,1,16.0,39.33000000000001,11.500000000000004,11.333333333333336,13.023866798666859,6,B1,2
27,5.592592592592593,1,27.0,25.896666666666675,16.35481481481482,21.17037037037037,18.243605946275583,11,B2,3
19,5.421052631578948,1,19.0,42.86500000000001,11.752222222222223,16.08888888888889,15.903189008614273,7,B2,3
18,5.277777777777778,1,18.0,42.86500000000001,11.752222222222223,16.08888888888889,14.554592549557764,5,B2,3
20,6.15,1,20.0,-8.044999999999959,19.349999999999998,22.0,19.287186520377343,9,B2,3
14,5.642857142857143,1,14.0,23.42500000000001,13.470000000000002,14.171428571428573,13.023866798666859,5,B2,3
40,5.075,1,40.0,22.41500000000002,20.070000000000004,26.0,21.19438992294339,14,B2,3
22,4.136363636363637,1,22.0,69.78800000000001,9.736,13.200000000000001,11.20814326018867,6,B1,2
17,5.647058823529412,1,17.0,40.2858823529412,11.863529411764706,16.211764705882356,14.554592549557764,6,B2,3
30,4.933333333333334,1,30.0,22.786206896551732,17.285517241379313,19.875862068965517,17.122413403193683,10,C1,4
31,5.193548387096774,1,31.0,10.442500000000024,19.7525,24.05,20.267338824336647,11,C1,4
22,4.909090909090909,1,22.0,49.91409090909093,11.762727272727272,16.072727272727274,14.554592549557764,5,B2,3
13,5.615384615384615,1,13.0,37.455384615384645,11.264615384615386,14.430769230769233,13.023866798666859,6,B1,2
32,6.6875,2,16.0,-2.6587903225806144,17.48080645161291,16.52258064516129,15.903189008614273,12,C1,4
35,5.114285714285714,1,35.0,29.295000000000016,18.11666666666667,23.28888888888889,20.267338824336647,12,B2,3
13,5.0,1,13.0,37.455384615384645,11.264615384615386,14.430769230769233,14.554592549557764,4,B2,3
19,5.473684210526316,1,19.0,31.70789473684212,13.556842105263158,13.915789473684212,14.554592549557764,5,B2,3
19,6.315789473684211,1,19.0,-8.835000000000008,18.963333333333335,22.755555555555556,18.243605946275583,10,B2,3
21,5.714285714285714,1,21.0,12.291428571428611,16.761904761904763,16.019047619047623,15.903189008614273,8,B1,2
18,6.722222222222222,1,18.0,0.5649999999999977,17.652222222222225,22.755555555555556,18.243605946275583,9,C1,4
12,6.416666666666667,1,12.0,18.405,13.673333333333336,14.8,13.023866798666859,6,B2,3
12,7.0,1,12.0,-27.366363636363587,19.80909090909091,22.581818181818182,15.903189008614273,9,B1,2
30,5.166666666666667,1,30.0,21.285000000000025,17.743333333333336,22.66666666666667,19.287186520377343,11,B2,3
47,5.425531914893617,1,47.0,7.930000000000007,23.82936170212766,26.45957446808511,20.267338824336647,17,C1,4
25,5.6,1,25.0,12.26000000000002,17.76,18.0,17.122413403193683,8,B2,3
38,4.815789473684211,2,19.0,51.74473684210528,10.762105263157899,10.757894736842106,13.023866798666859,10,B2,3
16,4.6875,1,16.0,58.4075,9.087500000000002,11.4,13.023866798666859,4,B1,2
32,5.0,1,32.0,36.880000000000024,16.065,19.05,15.903189008614273,9,B2,3
18,5.166666666666667,1,18.0,35.309411764705914,12.55764705882353,16.211764705882356,14.554592549557764,5,B1,2
27,5.925925925925926,1,27.0,5.492000000000019,18.704000000000004,26.0,21.19438992294339,12,B2,3
14,5.285714285714286,1,14.0,47.59642857142859,10.098571428571429,14.171428571428573,13.023866798666859,6,C2,5
13,6.0,1,13.0,29.467857142857156,12.62714285714286,17.02857142857143,14.554592549557764,6,B2,3
24,5.375,1,24.0,16.80000000000004,16.878333333333334,22.933333333333337,19.287186520377343,9,B2,3
24,5.583333333333333,1,24.0,20.325000000000017,16.386666666666667,19.6,18.243605946275583,10,B2,3
21,5.285714285714286,1,21.0,18.350000000000023,15.420000000000002,20.231578947368423,19.287186520377343,7,B1,2
24,5.333333333333333,2,12.0,11.088181818181852,14.445454545454545,17.127272727272725,13.81666964889586,10,C1,4
12,6.5,1,12.0,18.405,13.673333333333336,18.133333333333336,14.554592549557764,6,B2,3
22,5.363636363636363,1,22.0,36.46285714285716,13.390476190476189,17.923809523809524,17.122413403193683,8,B1,2
41,5.146341463414634,2,20.5,32.14000000000004,13.745000000000001,17.0,15.247664890283005,14,B2,3
35,4.857142857142857,1,35.0,19.03,19.3,23.142857142857146,20.267338824336647,11,B2,3
19,4.947368421052632,1,19.0,55.40500000000003,10.500000000000004,14.0,14.554592549557764,5,B1,2
16,5.25,1,16.0,42.545000000000016,11.3,16.400000000000002,14.554592549557764,6,B1,2
16,6.125,1,16.0,21.39500000000001,14.250000000000004,13.9,15.903189008614273,6,B1,2
45,4.911111111111111,2,22.5,38.19869565217394,13.645217391304353,17.895652173913046,15.903189008614273,15,B1,2
14,6.357142857142857,1,14.0,17.382142857142867,14.312857142857148,19.885714285714286,15.903189008614273,8,C1,4
17,4.823529411764706,1,17.0,42.545000000000016,11.3,13.9,14.554592549557764,6,A2,1
14,7.571428571428571,1,14.0,-6.789285714285711,17.684285714285718,25.6,18.243605946275583,6,B1,2
21,5.809523809523809,1,21.0,16.32000000000002,16.2,17.923809523809524,17.122413403193683,8,C1,4
10,5.8,1,10.0,-6.35499999999999,16.63,16.0,13.023866798666859,5,B1,2
17,6.352941176470588,1,17.0,10.427058823529421,16.028235294117646,16.211764705882356,15.903189008614273,6,B2,3
21,4.857142857142857,3,7.0,64.80075757575761,6.042727272727273,8.387878787878789,8.841846274778883,8,B1,2
13,5.769230769230769,1,13.0,18.405,13.673333333333336,14.8,14.554592549557764,6,B1,2
10,5.4,1,10.0,52.86500000000001,8.370000000000001,16.0,13.023866798666859,3,B1,2
11,5.818181818181818,1,11.0,18.77909090909094,13.372727272727271,18.94545454545455,15.903189008614273,5,B1,2
12,4.166666666666667,1,12.0,76.50153846153849,5.818461538461541,8.276923076923078,8.841846274778883,3,B2,3
20,5.1,1,20.0,51.17500000000004,11.090000000000003,12.0,11.20814326018867,7,B1,2
20,5.3,1,20.0,36.1605263157895,12.935789473684213,13.915789473684212,13.023866798666859,9,B2,3
15,5.4,1,15.0,39.33000000000001,11.500000000000004,16.666666666666668,14.554592549557764,6,B1,2
11,5.909090909090909,1,11.0,18.77909090909094,13.372727272727271,18.94545454545455,14.554592549557764,6,A2,1
12,6.166666666666667,1,12.0,-2.7450000000000045,16.62333333333334,21.46666666666667,15.903189008614273,8,B2,3
7,7.428571428571429,1,7.0,-29.898571428571415,19.16857142857143,25.65714285714286,14.554592549557764,3,B2,3
20,5.7,1,20.0,9.4447368421053,16.662105263157894,22.33684210526316,18.243605946275583,9,C1,4
27,4.481481481481482,1,27.0,57.23000000000002,11.984444444444446,15.244444444444447,14.554592549557764,5,B1,2
11,4.2727272727272725,1,11.0,95.955,2.8566666666666656,4.800000000000001,3.1291,2,A2,1
14,7.214285714285714,1,14.0,-12.832142857142827,18.52714285714286,19.885714285714286,15.903189008614273,6,B2,3
20,5.55,1,20.0,42.223181818181814,12.83545454545455,16.072727272727274,14.554592549557764,8,B2,3
12,6.0,1,12.0,32.504999999999995,11.706666666666667,18.133333333333336,14.554592549557764,5,B1,2
32,5.0625,1,32.0,34.23625000000004,16.433750000000007,19.05,17.122413403193683,7,B2,3
32,4.625,1,32.0,26.305000000000035,17.540000000000003,20.3,18.243605946275583,8,B2,3
33,4.787878787878788,1,33.0,32.98382352941181,17.10529411764706,20.658823529411766,17.122413403193683,10,C1,4
14,4.928571428571429,1,14.0,47.59642857142859,10.098571428571429,11.314285714285715,11.20814326018867,5,B1,2
7,5.857142857142857,1,7.0,37.900000000000034,10.208888888888893,12.488888888888889,11.20814326018867,3,A2,1
13,5.230769230769231,1,13.0,37.455384615384645,11.264615384615386,11.353846153846156,14.554592549557764,4,B1,2
30,5.3,1,30.0,15.645000000000039,18.530000000000005,22.66666666666667,19.287186520377343,13,C1,4
24,5.833333333333333,1,24.0,10.611739130434785,17.493043478260876,19.63478260869565,17.122413403193683,10,B2,3
14,5.5,1,14.0,41.553571428571445,10.941428571428574,14.171428571428573,13.023866798666859,6,B1,2
28,4.678571428571429,1,28.0,52.305000000000035,13.416666666666668,18.666666666666668,15.903189008614273,7,B2,3
24,4.583333333333333,1,24.0,45.00000000000003,12.945,12.933333333333335,11.20814326018867,7,B1,2
15,5.066666666666666,1,15.0,56.25000000000003,9.140000000000004,11.333333333333336,11.20814326018867,4,B1,2
26,4.269230769230769,1,26.0,56.798846153846185,11.796153846153846,13.476923076923079,11.20814326018867,6,B1,2
12,5.0,1,12.0,32.504999999999995,11.706666666666667,18.133333333333336,14.554592549557764,5,B1,2
68,5.220588235294118,1,68.0,-14.008695652173884,32.35478260869566,38.61449275362319,28.03038370184959,25,C1,4
27,5.0,1,27.0,34.021923076923116,14.973076923076924,18.092307692307692,15.903189008614273,8,B2,3
23,4.739130434782608,1,23.0,28.40571428571431,14.514285714285716,19.82857142857143,17.122413403193683,6,A2,1
9,5.222222222222222,1,9.0,66.10000000000002,6.2755555555555596,8.044444444444444,8.841846274778883,3,B1,2
28,5.357142857142857,1,28.0,30.365000000000038,15.98,19.771428571428572,17.122413403193683,10,B2,3
19,5.105263157894737,1,19.0,46.94500000000005,11.68,18.0,15.903189008614273,7,B2,3
53,5.0,1,53.0,-1.793962264150906,26.676226415094344,31.01132075471698,23.72669961743115,17,C1,4
28,4.714285714285714,1,28.0,35.29666666666668,15.043703703703706,19.68888888888889,18.243605946275583,10,B1,2
14,5.214285714285714,1,14.0,56.97846153846157,8.541538461538462,8.276923076923078,8.841846274778883,4,B1,2
33,5.696969696969697,1,33.0,11.830909090909103,19.807272727272736,24.10909090909091,20.267338824336647,18,B2,3
31,5.129032258064516,1,31.0,14.357096774193565,18.95806451612903,21.43225806451613,18.243605946275583,12,B2,3
26,4.1923076923076925,1,26.0,50.29115384615386,12.703846153846158,15.015384615384617,14.554592549557764,4,B2,3
18,5.888888888888889,1,18.0,19.36500000000001,15.030000000000001,18.311111111111114,15.903189008614273,9,B1,2
24,5.791666666666667,1,24.0,9.750000000000057,17.861666666666668,21.26666666666667,19.287186520377343,10,B2,3
22,5.318181818181818,1,22.0,46.06863636363636,12.29909090909091,12.436363636363637,11.20814326018867,8,B2,3
27,4.851851851851852,1,27.0,50.96333333333334,12.858518518518522,15.244444444444447,13.023866798666859,7,B2,3
43,5.395348837209302,1,43.0,7.090714285714313,22.704285714285714,24.41904761904762,19.287186520377343,20,B2,3
43,4.534883720930233,1,43.0,39.241162790697686,18.468372093023252,20.920930232558142,14.554592549557764,11,C1,4
17,4.529411764705882,1,17.0,70.14470588235295,7.698823529411765,9.15294117647059,8.841846274778883,3,C1,4
29,5.448275862068965,1,29.0,5.282758620689691,19.726896551724135,21.255172413793105,19.287186520377343,9,B2,3
38,4.5,1,38.0,36.91236842105266,17.551052631578944,18.357894736842105,13.023866798666859,7,B2,3
11,5.545454545454546,1,11.0,37.455384615384645,11.264615384615386,11.353846153846156,11.20814326018867,6,B2,3
6,7.166666666666667,1,6.0,-10.754999999999995,16.25,15.733333333333334,13.023866798666859,3,B2,3
8,6.625,1,8.0,18.940000000000026,12.605000000000004,23.200000000000003,14.554592549557764,4,C1,4
29,5.482758620689655,1,29.0,9.215000000000032,18.930000000000003,24.05714285714286,21.19438992294339,12,C1,4
22,3.8181818181818183,1,22.0,76.74857142857144,7.771428571428572,8.4,8.841846274778883,1,B2,3
20,4.55,1,20.0,42.71500000000003,12.270000000000003,14.0,15.903189008614273,5,B2,3
13,4.615384615384615,1,13.0,63.486153846153854,7.633846153846157,5.2,8.841846274778883,3,B1,2
36,5.444444444444445,1,36.0,15.195000000000022,20.083333333333332,27.733333333333338,22.918633597333717,11,C2,5
14,4.642857142857143,1,14.0,50.470769230769264,9.44923076923077,11.353846153846156,11.20814326018867,4,B2,3
45,5.066666666666666,2,22.5,37.18250000000003,13.911170212765956,18.761702127659575,16.52667757954773,17,C1,4
14,4.785714285714286,1,14.0,59.68214285714288,8.412857142857145,8.457142857142857,8.841846274778883,7,C1,4
16,7.9375,1,16.0,-79.30357142857144,27.79857142857143,28.457142857142856,19.287186520377343,8,B2,3
18,6.055555555555555,1,18.0,19.36500000000001,15.030000000000001,18.311111111111114,15.903189008614273,7,B1,2
25,3.68,1,25.0,69.76333333333335,10.236296296296299,12.281481481481482,8.841846274778883,6,C1,4
26,5.076923076923077,1,26.0,40.529615384615425,14.065384615384616,18.092307692307692,15.903189008614273,9,B2,3
36,4.861111111111111,1,36.0,19.03,19.3,24.28571428571429,20.267338824336647,11,C2,5
53,4.584905660377358,1,53.0,15.725000000000023,24.481111111111115,28.26666666666667,20.267338824336647,15,C2,5
23,5.3478260869565215,1,23.0,17.968260869565228,16.46695652173913,19.63478260869565,17.122413403193683,7,B2,3
19,4.842105263157895,1,19.0,40.2858823529412,11.863529411764706,13.858823529411765,13.023866798666859,6,C1,4
20,4.55,1,20.0,34.255000000000024,13.450000000000003,16.0,14.554592549557764,6,B2,3
16,5.5,1,16.0,39.33000000000001,11.500000000000004,16.666666666666668,14.554592549557764,8,B1,2
29,4.0344827586206895,2,14.5,67.53000000000003,7.566666666666666,10.0,10.125756701596842,8,B2,3
33,4.303030303030303,1,33.0,29.77636363636364,17.304242424242428,18.04848484848485,14.554592549557764,9,C1,4
14,5.071428571428571,1,14.0,53.639285714285734,9.255714285714287,17.02857142857143,14.554592549557764,4,C1,4
6,5.166666666666667,1,6.0,87.94500000000002,2.4833333333333343,9.066666666666668,8.841846274778883,1,B1,2
45,4.311111111111111,1,45.0,21.53418604651162,20.93813953488372,22.781395348837208,17.122413403193683,12,C1,4
15,3.8,1,15.0,74.27000000000001,6.8750000000000036,8.9,8.841846274778883,2,B1,2
14,4.428571428571429,3,4.666666666666667,83.24500000000002,3.1388888888888893,6.844444444444445,7.793537801064561,4,C1,4
31,4.451612903225806,1,31.0,19.868965517241406,17.69241379310345,21.255172413793105,18.243605946275583,10,C1,4
15,5.533333333333333,1,15.0,16.77000000000001,14.646666666666672,19.333333333333336,15.903189008614273,8,B2,3
19,5.631578947368421,1,19.0,5.265000000000015,16.996666666666666,22.755555555555556,18.243605946275583,6,B2,3
27,6.185185185185185,1,27.0,-8.569999999999993,21.16222222222223,28.57777777777778,23.72669961743115,12,C1,4
13,5.923076923076923,1,13.0,17.932307692307717,13.98769230769231,14.430769230769233,14.554592549557764,6,B2,3
30,3.5,1,30.0,57.945000000000036,12.629999999999999,16.0,14.554592549557764,4,C1,4
13,4.384615384615385,1,13.0,53.639285714285734,9.255714285714287,11.314285714285715,11.20814326018867,3,B2,3
19,4.7894736842105265,1,19.0,45.06578947368425,11.693684210526317,16.02105263157895,14.554592549557764,8,B2,3
9,6.0,1,9.0,52.86500000000001,8.370000000000001,8.0,11.20814326018867,4,B2,3
19,4.421052631578948,1,19.0,55.40500000000003,10.500000000000004,12.0,13.023866798666859,5,B2,3
26,4.615384615384615,1,26.0,34.021923076923116,14.973076923076924,18.092307692307692,15.903189008614273,8,C1,4
27,5.111111111111111,1,27.0,38.43000000000001,14.60666666666667,18.20740740740741,17.122413403193683,6,C1,4
8,7.0,1,8.0,9.700000000000017,14.142222222222227,21.37777777777778,14.554592549557764,5,A2,1
24,4.958333333333333,1,24.0,34.42500000000004,14.420000000000002,19.6,17.122413403193683,8,B2,3
33,5.666666666666667,1,33.0,19.52181818181819,18.734545454545458,22.8969696969697,19.287186520377343,13,C2,5
39,5.743589743589744,1,39.0,21.91153846153847,19.891794871794875,19.702564102564104,14.554592549557764,15,C2,5
9,5.222222222222222,1,9.0,75.50000000000003,4.964444444444446,8.044444444444444,8.841846274778883,3,B2,3
14,6.214285714285714,1,14.0,11.424615384615407,14.895384615384618,17.50769230769231,14.554592549557764,8,C2,5
15,4.533333333333333,1,15.0,53.639285714285734,9.255714285714287,14.171428571428573,13.023866798666859,5,B2,3
79,4.987341772151899,2,39.5,30.4198376623377,18.580844155844158,21.633766233766234,17.122413403193683,24,C2,5
30,5.4,1,30.0,15.645000000000039,18.530000000000005,21.333333333333332,18.243605946275583,13,C2,5
34,5.117647058823529,1,34.0,34.903636363636366,16.589090909090917,19.260606060606065,15.903189008614273,9,C2,5
29,5.0344827586206895,1,29.0,27.514230769230807,15.880769230769232,16.553846153846155,15.903189008614273,10,B2,3
23,5.913043478260869,1,23.0,14.29000000000002,16.98,23.11304347826087,19.287186520377343,10,B2,3
27,5.185185185185185,1,27.0,14.034482758620697,18.506206896551728,21.255172413793105,18.243605946275583,12,B2,3
9,4.111111111111111,1,9.0,40.09,9.655000000000001,13.200000000000001,11.20814326018867,2,B1,2
19,5.052631578947368,1,19.0,53.97105263157897,10.451578947368422,16.02105263157895,14.554592549557764,5,C1,4
29,4.586206896551724,1,29.0,40.529615384615425,14.065384615384616,16.553846153846155,14.554592549557764,10,C1,4
17,4.176470588235294,1,17.0,80.09764705882354,6.310588235294119,9.15294117647059,8.841846274778883,2,B2,3
14,5.357142857142857,1,14.0,65.72500000000001,7.570000000000004,11.314285714285715,11.20814326018867,4,B2,3
7,5.285714285714286,1,7.0,31.545000000000016,10.350000000000001,9.066666666666668,8.841846274778883,2,B2,3
27,5.481481481481482,1,27.0,25.896666666666675,16.35481481481482,21.17037037037037,18.243605946275583,8,B2,3
47,5.659574468085107,1,47.0,-2.8700000000000045,25.335744680851068,29.863829787234046,23.72669961743115,21,C2,5
26,5.5,1,26.0,30.76807692307696,15.426923076923078,18.092307692307692,15.903189008614273,13,C2,5
10,5.4,1,10.0,35.94500000000002,10.73,16.0,13.023866798666859,5,C1,4
26,4.5,1,26.0,60.76500000000003,12.236666666666668,13.333333333333336,8.841846274778883,4,B2,3
16,5.25,1,16.0,31.97,12.775000000000002,13.9,14.554592549557764,4,B1,2
21,4.761904761904762,1,21.0,43.716086956521764,12.875652173913043,14.417391304347825,14.554592549557764,6,B1,2
11,8.454545454545455,1,11.0,-4.293636363636352,16.590909090909097,26.21818181818182,17.122413403193683,6,C2,5
33,5.2727272727272725,1,33.0,-0.13249999999996476,21.227500000000003,27.8,22.918633597333717,14,C1,4
27,4.962962962962963,1,27.0,38.43000000000001,14.60666666666667,19.68888888888889,17.122413403193683,10,C1,4
10,4.6,1,10.0,78.24500000000002,4.830000000000002,8.0,8.841846274778883,2,B2,3
16,6.375,1,16.0,37.25750000000002,12.037500000000005,16.400000000000002,14.554592549557764,7,C1,4
47,5.0,2,23.5,22.317499999999995,15.73611111111111,17.88888888888889,16.52667757954773,16,C2,5
29,6.379310344827586,1,29.0,8.200000000000017,19.320000000000004,19.875862068965517,17.122413403193683,11,C1,4
40,5.925,1,40.0,16.07000000000002,20.955000000000002,27.0,22.076135915942103,14,C2,5
10,5.6,1,10.0,27.485000000000014,11.91,12.0,13.023866798666859,4,B1,2
7,5.857142857142857,1,7.0,6.35857142857148,14.111428571428572,19.942857142857143,13.023866798666859,3,B1,2
56,4.357142857142857,1,56.0,38.54346153846156,20.80153846153846,23.107692307692307,14.554592549557764,10,C1,4
5,7.4,1,5.0,-18.19999999999996,17.040000000000003,26.0,13.023866798666859,4,B2,3
25,4.36,1,25.0,55.57500000000003,11.470000000000002,16.26666666666667,14.554592549557764,7,C1,4
26,5.3076923076923075,1,26.0,14.498846153846188,17.69615384615385,21.16923076923077,18.243605946275583,10,B2,3
31,4.774193548387097,1,31.0,31.537931034482796,16.0648275862069,18.49655172413793,15.903189008614273,8,B2,3
29,3.9310344827586206,1,29.0,54.87586206896553,12.809655172413795,15.73793103448276,13.023866798666859,6,B2,3
31,5.67741935483871,1,31.0,2.365517241379308,20.13379310344828,22.634482758620692,19.287186520377343,11,C2,5
20,5.75,1,20.0,8.875000000000028,16.99,18.0,15.903189008614273,8,B2,3
37,4.972972972972973,1,37.0,15.195000000000022,20.083333333333332,23.28888888888889,19.287186520377343,11,C1,4
24,5.625,1,24.0,6.225000000000023,18.353333333333335,19.6,17.122413403193683,11,B2,3
29,5.862068965517241,1,29.0,10.442500000000024,19.7525,24.05,21.19438992294339,14,B2,3
35,4.485714285714286,1,35.0,45.74500000000002,15.822222222222226,17.733333333333334,14.554592549557764,10,B2,3
19,6.368421052631579,1,19.0,13.897368421052647,16.04105263157895,20.231578947368423,17.122413403193683,8,B1,2
16,4.875,1,16.0,22.410000000000025,13.860000000000003,19.333333333333336,15.903189008614273,9,B2,3
15,4.866666666666666,1,15.0,5.296428571428578,15.99857142857143,19.885714285714286,15.903189008614273,5,B2,3
22,6.045454545454546,1,22.0,3.2552173913043703,18.519130434782614,23.11304347826087,19.287186520377343,14,B2,3
22,4.818181818181818,1,22.0,69.22500000000004,11.056666666666668,12.0,3.1291,5,C1,4
11,6.454545454545454,1,11.0,3.3972727272727354,15.518181818181823,18.94545454545455,14.554592549557764,6,B1,2
19,5.684210526315789,1,19.0,36.1605263157895,12.935789473684213,13.915789473684212,13.023866798666859,7,B2,3
16,6.3125,1,16.0,0.24500000000000455,17.2,21.400000000000002,18.243605946275583,7,B2,3
79,4.924050632911392,1,79.0,-25.138181818181806,35.89454545454545,40.67012987012987,28.677278017228545,22,C1,4
21,6.809523809523809,1,21.0,-23.965714285714256,21.81904761904762,27.44761904761905,21.19438992294339,10,C1,4
8,6.0,1,8.0,29.515000000000015,11.130000000000003,13.200000000000001,11.20814326018867,6,B1,2
17,6.470588235294118,2,8.5,-15.780735294117619,17.572058823529414,19.87058823529412,15.247664890283005,9,B1,2
46,5.326086956521739,1,46.0,-2.3999999999999773,24.773333333333337,29.555555555555557,23.72669961743115,17,C1,4
32,4.75,1,32.0,31.59250000000003,16.8025,19.05,15.903189008614273,12,B1,2
15,6.0,1,15.0,16.77000000000001,14.646666666666672,19.333333333333336,15.903189008614273,8,B2,3
12,5.083333333333333,1,12.0,46.60500000000002,9.740000000000002,11.466666666666669,11.20814326018867,5,A2,1
27,5.037037037037037,1,27.0,41.56333333333336,14.169629629629632,16.725925925925928,15.903189008614273,7,B1,2
28,6.25,1,28.0,-20.972413793103414,23.388965517241378,26.77241379310345,22.918633597333717,15,C1,4
47,5.638297872340425,1,47.0,-14.572391304347803,26.71956521739131,32.31304347826087,25.98008509911553,22,B2,3
23,5.695652173913044,1,23.0,17.968260869565228,16.46695652173913,19.63478260869565,17.122413403193683,7,C1,4
9,6.555555555555555,1,9.0,19.100000000000023,12.831111111111113,12.488888888888889,13.023866798666859,3,B2,3
31,5.0,1,31.0,29.745000000000033,16.563333333333336,22.66666666666667,19.287186520377343,10,B2,3
74,6.391891891891892,1,74.0,-63.027183098591536,39.6887323943662,41.92112676056338,31.692831373894414,31,C2,5
12,5.583333333333333,1,12.0,-14.814999999999998,17.81,20.0,14.554592549557764,5,B2,3
25,5.36,1,25.0,19.02800000000002,16.816,21.200000000000003,18.243605946275583,12,B2,3
19,6.2631578947368425,1,19.0,-17.271052631578925,20.388421052631582,24.4421052631579,20.267338824336647,8,B2,3
28,4.642857142857143,1,28.0,45.4721428571429,13.872857142857146,16.914285714285715,14.554592549557764,6,C1,4
67,5.373134328358209,1,67.0,-22.945909090909055,32.85606060606061,38.52121212121213,29.308192230251223,22,C1,4
48,4.791666666666667,1,48.0,3.015000000000015,24.763333333333332,27.53333333333333,21.19438992294339,19,C1,4
28,6.071428571428571,1,28.0,30.365000000000038,15.98,18.342857142857145,15.903189008614273,9,C1,4
21,5.095238095238095,1,21.0,36.46285714285716,13.390476190476189,16.019047619047623,14.554592549557764,8,B2,3
16,7.0,1,16.0,-10.329999999999984,18.675,21.400000000000002,18.243605946275583,9,B2,3
12,6.5,1,12.0,18.405,13.673333333333336,18.133333333333336,14.554592549557764,6,B2,3
17,6.0588235294117645,2,8.5,33.98397058823531,10.630882352941178,15.16470588235294,12.161744961471694,7,B2,3
15,6.666666666666667,1,15.0,-0.14999999999997726,17.006666666666664,19.333333333333336,15.903189008614273,9,A2,1
36,4.777777777777778,1,36.0,26.94500000000002,18.444444444444446,21.06666666666667,18.243605946275583,10,B2,3
27,5.888888888888889,1,27.0,3.9633333333333667,19.414074074074076,22.651851851851855,19.287186520377343,12,B2,3
23,5.391304347826087,1,23.0,23.850000000000023,15.895,16.26666666666667,14.554592549557764,9,B1,2
15,5.533333333333333,1,15.0,50.610000000000014,9.92666666666667,16.666666666666668,14.554592549557764,5,B1,2
47,5.191489361702128,1,47.0,14.85369565217394,22.615217391304352,26.22608695652174,20.267338824336647,21,C1,4
29,6.379310344827586,1,29.0,-36.10642857142852,25.251428571428573,28.342857142857145,22.918633597333717,14,C1,4
17,5.352941176470588,1,17.0,40.2858823529412,11.863529411764706,13.858823529411765,13.023866798666859,7,B2,3
24,4.541666666666667,1,24.0,54.750869565217414,11.336521739130436,14.417391304347825,13.023866798666859,7,C1,4
15,5.933333333333334,1,15.0,16.77000000000001,14.646666666666672,16.666666666666668,14.554592549557764,7,B2,3
21,4.9523809523809526,1,21.0,36.35956521739132,13.901739130434787,14.417391304347825,13.023866798666859,7,A2,1
34,4.735294117647059,1,34.0,35.47205882352944,16.75823529411765,18.30588235294118,14.554592549557764,13,B2,3
63,7.031746031746032,2,31.5,-38.19224576271182,25.915000000000003,27.393220338983056,22.501965172709998,36,C2,5
27,6.111111111111111,1,27.0,1.4834615384615688,19.511538461538468,22.707692307692312,19.287186520377343,13,B2,3
17,6.176470588235294,1,17.0,25.35647058823531,13.945882352941176,16.211764705882356,14.554592549557764,8,B2,3
16,4.5,1,16.0,84.845,5.400000000000002,6.4,8.841846274778883,2,B1,2
19,6.315789473684211,1,19.0,0.5394736842105203,17.904210526315797,18.126315789473683,17.122413403193683,9,B2,3
27,5.444444444444445,1,27.0,30.365000000000038,15.98,19.771428571428572,18.243605946275583,7,B2,3
36,5.611111111111111,1,36.0,7.970263157894777,21.587894736842106,25.726315789473684,22.076135915942103,14,B2,3
28,5.928571428571429,1,28.0,6.19357142857146,19.351428571428574,24.05714285714286,20.267338824336647,11,B2,3
17,6.588235294117647,1,17.0,-11.429999999999978,18.580000000000002,22.0,17.122413403193683,11,B2,3
21,4.476190476190476,1,21.0,62.87631578947371,9.209473684210526,13.915789473684212,13.023866798666859,4,B2,3
36,5.416666666666667,1,36.0,5.795000000000016,21.39444444444445,24.400000000000002,20.267338824336647,14,B2,3
17,4.9411764705882355,1,17.0,20.380000000000024,14.64,18.56470588235294,15.903189008614273,5,B2,3
38,5.815789473684211,1,38.0,-5.079999999999956,23.905000000000005,25.0,21.19438992294339,16,C2,5
33,5.454545454545454,1,33.0,11.830909090909103,19.807272727272736,21.684848484848487,18.243605946275583,12,C1,4
53,5.943396226415095,1,53.0,-13.518076923076904,28.063076923076924,33.10769230769231,25.98008509911553,21,C1,4
25,5.84,1,25.0,12.26000000000002,17.76,22.8,19.287186520377343,9,B2,3
8,8.5,1,8.0,-55.08499999999998,22.930000000000003,28.200000000000003,15.903189008614273,6,C1,4
12,5.5,1,12.0,18.405,13.673333333333336,21.46666666666667,15.903189008614273,5,A2,1
12,6.25,1,12.0,11.355000000000018,14.656666666666666,14.8,13.023866798666859,7,B2,3
13,4.3076923076923075,1,13.0,83.0092307692308,4.91076923076923,8.276923076923078,8.841846274778883,2,C1,4
22,5.409090909090909,1,22.0,11.459545454545463,17.12636363636364,23.345454545454547,19.287186520377343,9,B2,3
11,5.7272727272727275,1,11.0,10.564999999999998,14.270000000000007,16.0,13.023866798666859,5,B1,2
21,5.285714285714286,1,21.0,38.16500000000002,12.407777777777778,16.08888888888889,14.554592549557764,8,B2,3
22,4.681818181818182,1,22.0,46.06863636363636,12.29909090909091,16.072727272727274,14.554592549557764,6,B2,3
47,5.23404255319149,2,23.5,31.7175,14.425,17.88888888888889,15.903189008614273,20,C1,4
17,4.823529411764706,1,17.0,65.16823529411766,8.39294117647059,11.505882352941178,11.20814326018867,4,B2,3
11,4.454545454545454,1,11.0,81.85500000000002,4.823333333333334,11.466666666666669,11.20814326018867,2,B1,2
16,5.4375,1,16.0,42.545000000000016,11.3,16.400000000000002,14.554592549557764,6,C1,4
9,5.222222222222222,1,9.0,44.405,9.55,16.0,13.023866798666859,3,B1,2
22,4.409090909090909,1,22.0,56.798846153846185,11.796153846153846,15.015384615384617,14.554592549557764,4,B2,3
17,3.3529411764705883,2,8.5,88.49293478260873,3.7732608695652203,8.078260869565218,8.841846274778883,3,C1,4
27,5.62962962962963,1,27.0,24.260384615384652,16.334615384615386,19.630769230769232,17.122413403193683,12,B2,3
14,6.214285714285714,1,14.0,23.42500000000001,13.470000000000002,17.02857142857143,14.554592549557764,9,B1,2
28,3.892857142857143,1,28.0,54.5364285714286,12.608571428571427,15.485714285714288,13.023866798666859,3,B1,2
21,7.095238095238095,1,21.0,-23.965714285714256,21.81904761904762,25.542857142857144,20.267338824336647,14,B2,3
13,6.0,1,13.0,30.947692307692336,12.172307692307694,17.50769230769231,14.554592549557764,5,C1,4
26,4.461538461538462,1,26.0,43.78346153846158,13.611538461538462,15.015384615384617,13.023866798666859,7,C1,4
40,4.7,1,40.0,22.41500000000002,20.070000000000004,23.0,18.243605946275583,9,C1,4
10,5.7,1,10.0,28.50000000000003,11.520000000000003,12.488888888888889,11.20814326018867,4,B2,3
17,6.470588235294118,1,17.0,5.450588235294163,16.72235294117647,23.27058823529412,18.243605946275583,8,B2,3
9,4.0,1,9.0,75.50000000000003,4.964444444444446,3.6,3.1291,2,A2,1
11,6.090909090909091,1,11.0,26.470000000000027,12.3,18.94545454545455,14.554592549557764,4,B1,2
20,4.85,1,20.0,51.17500000000004,11.090000000000003,14.0,13.023866798666859,6,B2,3
14,4.642857142857143,1,14.0,77.81071428571428,5.884285714285717,8.457142857142857,8.841846274778883,4,B1,2
28,4.714285714285714,1,28.0,51.51500000000003,13.030000000000005,16.914285714285715,14.554592549557764,7,B2,3
16,5.25,1,16.0,47.83250000000001,10.562500000000004,11.4,11.20814326018867,6,B2,3
14,5.714285714285714,1,14.0,29.467857142857156,12.62714285714286,17.02857142857143,14.554592549557764,6,B1,2
23,5.130434782608695,1,23.0,43.716086956521764,12.875652173913043,16.156521739130437,14.554592549557764,9,C1,4
21,5.476190476190476,1,21.0,20.34857142857146,15.638095238095236,16.019047619047623,15.903189008614273,8,B2,3
17,3.9411764705882355,1,17.0,85.07411764705884,5.616470588235295,9.15294117647059,8.841846274778883,3,B1,2
19,5.0,1,19.0,36.1605263157895,12.935789473684213,18.126315789473683,15.903189008614273,8,C1,4
15,7.133333333333334,1,15.0,-28.349999999999966,20.94,24.666666666666668,18.243605946275583,8,B1,2
20,6.4,1,20.0,17.335000000000036,15.810000000000002,20.0,17.122413403193683,10,A2,1
42,5.5476190476190474,1,42.0,1.2650000000000148,23.02,24.0,20.267338824336647,16,C1,4
24,5.5,1,24.0,23.850000000000023,15.895,16.26666666666667,15.903189008614273,8,B2,3
25,4.88,1,25.0,46.10000000000002,13.040000000000003,14.8,14.554592549557764,8,B2,3
40,5.125,1,40.0,20.30000000000001,20.365000000000006,24.0,19.287186520377343,9,C1,4
28,5.535714285714286,1,28.0,18.27928571428575,17.665714285714284,16.914285714285715,18.243605946275583,10,C1,4
31,4.709677419354839,1,31.0,33.46032258064517,16.293548387096777,21.43225806451613,18.243605946275583,7,C2,5
23,4.913043478260869,1,23.0,32.43428571428572,13.952380952380953,17.923809523809524,15.903189008614273,8,B2,3
18,4.833333333333333,1,18.0,42.86500000000001,11.752222222222223,16.08888888888889,14.554592549557764,6,B2,3
19,6.842105263157895,1,19.0,-3.8149999999999693,18.76,22.0,18.243605946275583,10,B2,3
15,5.6,1,15.0,28.05000000000001,13.073333333333338,16.666666666666668,14.554592549557764,6,B1,2
26,3.8461538461538463,1,26.0,66.56038461538463,10.434615384615388,15.015384615384617,13.023866798666859,4,B1,2
49,4.408163265306122,1,49.0,31.063265306122474,21.099591836734692,23.681632653061225,18.243605946275583,10,C1,4
22,4.363636363636363,1,22.0,69.14136363636365,9.080909090909092,14.254545454545458,13.023866798666859,4,B2,3
44,4.386363636363637,1,44.0,46.811363636363666,17.66090909090909,20.327272727272728,13.023866798666859,11,C2,5
61,3.8688524590163933,1,61.0,36.539830508474594,22.820000000000004,25.633898305084745,14.554592549557764,5,B2,3
24,5.166666666666667,1,24.0,16.80000000000004,16.878333333333334,19.6,17.122413403193683,12,C1,4
20,4.6,1,20.0,59.63500000000003,9.910000000000004,12.0,11.20814326018867,4,B1,2
55,4.3090909090909095,1,55.0,21.80272727272728,23.88181818181818,24.90909090909091,15.903189008614273,13,C1,4
47,4.574468085106383,1,47.0,16.930000000000007,22.574042553191493,27.31063829787234,22.076135915942103,13,C1,4
28,4.285714285714286,2,14.0,71.76785714285715,6.727142857142859,8.457142857142857,10.125756701596842,3,C1,4
12,4.166666666666667,1,12.0,81.85500000000002,4.823333333333334,8.133333333333335,8.841846274778883,3,A2,1
23,5.0,1,23.0,53.759545454545474,11.22636363636364,12.436363636363637,13.023866798666859,5,C1,4
18,3.7222222222222223,1,18.0,94.565,4.541111111111114,7.2,3.1291,0,A2,1
30,4.8,1,30.0,52.305000000000035,13.416666666666668,14.666666666666666,11.20814326018867,6,C1,4
15,4.2,1,15.0,84.45000000000003,5.206666666666667,6.0,3.1291,2,C2,5
42,4.4523809523809526,1,42.0,55.43357142857144,15.961428571428574,17.752380952380953,8.841846274778883,8,C1,4
28,3.9642857142857144,1,28.0,81.72928571428575,8.815714285714286,11.200000000000001,3.1291,3,B2,3
61,4.114754098360656,1,61.0,32.7339655172414,23.102413793103448,25.26896551724138,13.023866798666859,12,C1,4
35,4.285714285714286,1,35.0,40.784285714285716,16.265714285714285,16.28571428571429,15.903189008614273,5,B2,3
26,4.0,1,26.0,57.23000000000002,11.984444444444446,15.244444444444447,13.023866798666859,7,B2,3
19,4.315789473684211,1,19.0,67.32894736842107,8.588421052631581,11.810526315789474,11.20814326018867,4,B1,2
36,4.5,1,36.0,45.74500000000002,15.822222222222226,17.733333333333334,14.554592549557764,6,B2,3
25,3.84,1,25.0,59.636000000000024,11.152000000000001,13.200000000000001,11.20814326018867,3,B2,3
26,5.0,1,26.0,40.529615384615425,14.065384615384616,16.553846153846155,14.554592549557764,8,B2,3
48,4.458333333333333,1,48.0,45.730000000000004,18.55702127659575,21.353191489361706,15.903189008614273,6,C1,4
10,4.5,1,10.0,86.70500000000001,3.650000000000002,4.0,3.1291,1,A2,1
25,4.4,1,25.0,63.020000000000024,10.68,11.600000000000001,8.841846274778883,7,B2,3
67,4.074626865671642,1,67.0,36.0177272727273,24.631818181818186,27.006060606060608,8.841846274778883,7,B2,3
18,4.444444444444445,1,18.0,80.46500000000002,6.507777777777779,11.644444444444446,11.20814326018867,3,A2,1
4,6.25,1,4.0,97.025,0.7199999999999989,1.6,3.1291,0,B1,2
17,4.9411764705882355,1,17.0,40.2858823529412,11.863529411764706,16.211764705882356,14.554592549557764,5,B1,2
32,4.71875,1,32.0,36.880000000000024,16.065,17.8,17.122413403193683,9,C1,4
19,5.052631578947368,1,19.0,36.1605263157895,12.935789473684213,16.02105263157895,14.554592549557764,7,B2,3
37,4.972972972972973,1,37.0,31.11571428571429,17.614285714285717,20.857142857142858,18.243605946275583,10,B2,3
21,3.761904761904762,1,21.0,88.83428571428574,6.085714285714285,8.4,3.1291,2,B1,2
34,4.235294117647059,1,34.0,72.79558823529413,11.55235294117647,14.776470588235293,8.841846274778883,3,C1,4
29,4.517241379310345,1,29.0,66.5448275862069,11.182068965517242,12.979310344827589,8.841846274778883,4,B2,3
16,4.5,1,16.0,79.5575,6.137499999999999,6.4,8.841846274778883,1,B1,2
32,4.0,1,32.0,55.12500000000003,13.023333333333337,13.333333333333336,13.023866798666859,4,B2,3
10,3.4,1,10.0,103.625,1.2900000000000027,4.0,3.1291,0,B1,2
9,5.222222222222222,1,9.0,66.10000000000002,6.2755555555555596,8.044444444444444,8.841846274778883,2,A2,1
10,5.1,1,10.0,61.32500000000002,7.190000000000001,4.0,8.841846274778883,2,B1,2
15,4.4,1,15.0,73.17000000000003,6.780000000000001,8.666666666666668,8.841846274778883,1,B2,3
20,3.55,1,20.0,80.78500000000003,6.960000000000001,8.0,8.841846274778883,1,B1,2
14,4.071428571428571,1,14.0,77.81071428571428,5.884285714285717,5.6000000000000005,8.841846274778883,2,A2,1
19,4.526315789473684,1,19.0,67.32894736842107,8.588421052631581,11.810526315789474,11.20814326018867,2,B2,3
14,5.357142857142857,1,14.0,35.5107142857143,11.784285714285716,17.02857142857143,14.554592549557764,4,A2,1
7,4.428571428571429,1,7.0,42.61571428571432,9.054285714285715,14.228571428571428,11.20814326018867,2,B2,3
9,3.6666666666666665,1,9.0,92.965,2.280000000000001,3.2,3.1291,1,B2,3
13,4.461538461538462,1,13.0,89.51692307692309,4.003076923076925,5.2,3.1291,2,B2,3
20,4.5,1,20.0,51.17500000000004,11.090000000000003,14.0,13.023866798666859,6,C1,4
7,5.285714285714286,1,7.0,66.7871428571429,5.682857142857145,8.514285714285714,8.841846274778883,3,A2,1
9,4.333333333333333,1,9.0,66.10000000000002,6.2755555555555596,12.488888888888889,11.20814326018867,2,C1,4
18,3.7777777777777777,1,18.0,85.16499999999999,5.852222222222224,7.2,8.841846274778883,0,B1,2
6,4.166666666666667,1,6.0,87.94500000000002,2.4833333333333343,2.4000000000000004,8.841846274778883,0,A2,1
16,4.75,1,16.0,73.17000000000003,6.780000000000001,8.666666666666668,8.841846274778883,4,B1,2
4,4.75,1,4.0,97.025,0.7199999999999989,1.6,3.1291,1,A2,1
7,3.7142857142857144,1,7.0,90.95857142857145,2.3114285714285714,8.514285714285714,8.841846274778883,1,A2,1
22,4.090909090909091,1,22.0,69.14136363636365,9.080909090909092,10.618181818181819,8.841846274778883,3,B1,2
23,3.9130434782608696,1,23.0,80.49869565217392,7.745217391304351,10.93913043478261,8.841846274778883,1,B2,3
8,4.25,1,8.0,82.39000000000001,3.7550000000000026,8.200000000000001,8.841846274778883,2,A2,1
27,3.925925925925926,1,27.0,72.89666666666668,9.799259259259262,10.8,8.841846274778883,1,B2,3
6,3.8333333333333335,1,6.0,102.045,0.5166666666666693,2.4000000000000004,3.1291,0,A2,1
15,4.4,1,15.0,67.53000000000003,7.566666666666666,8.666666666666668,8.841846274778883,1,A2,1
25,4.04,1,25.0,79.94000000000001,8.32,10.0,3.1291,2,B1,2
13,3.8461538461538463,1,13.0,83.0092307692308,4.91076923076923,5.2,3.1291,1,A2,1
7,4.142857142857143,1,7.0,90.95857142857145,2.3114285714285714,2.8000000000000003,3.1291,1,A2,1
11,4.0,1,11.0,69.78500000000001,6.010000000000002,4.0,3.1291,3,A2,1
16,5.375,1,16.0,45.26235294117649,11.169411764705881,16.211764705882356,14.554592549557764,4,B1,2
10,5.4,1,10.0,52.86500000000001,8.370000000000001,12.0,11.20814326018867,2,A2,1
7,4.571428571428571,1,7.0,90.95857142857145,2.3114285714285714,2.8000000000000003,3.1291,1,B2,3
6,3.8333333333333335,1,6.0,102.045,0.5166666666666693,2.4000000000000004,3.1291,1,B1,2
11,4.2727272727272725,1,11.0,95.68818181818183,2.645454545454548,4.4,3.1291,2,A2,1
46,3.9130434782608696,1,46.0,59.64000000000003,16.12,18.88888888888889,8.841846274778883,3,B2,3
24,3.4166666666666665,1,24.0,80.49869565217392,7.745217391304351,10.93913043478261,8.841846274778883,2,B2,3
17,4.0,1,17.0,85.07411764705884,5.616470588235295,6.800000000000001,3.1291,3,B2,3
41,4.390243902439025,2,20.5,58.09579268292684,10.248902439024391,11.126829268292683,12.161744961471694,7,C1,4
30,4.133333333333334,1,30.0,66.62214285714289,10.922857142857143,14.057142857142859,11.20814326018867,6,C1,4
33,4.636363636363637,1,33.0,45.158181818181845,15.15878787878788,14.412121212121214,11.20814326018867,7,B2,3
19,4.473684210526316,1,19.0,67.32894736842107,8.588421052631581,9.705263157894738,8.841846274778883,3,B2,3
28,4.0,1,28.0,69.64357142857145,10.501428571428573,11.200000000000001,3.1291,4,B2,3
18,4.722222222222222,1,18.0,80.46500000000002,6.507777777777779,11.644444444444446,11.20814326018867,1,B2,3
29,4.517241379310345,1,29.0,43.20689655172416,14.437241379310347,18.49655172413793,15.903189008614273,7,C2,5
18,4.388888888888889,1,18.0,56.965,9.785555555555558,11.644444444444446,13.023866798666859,5,C1,4
12,4.166666666666667,1,12.0,88.905,3.84,4.800000000000001,3.1291,2,B2,3
16,3.5625,1,16.0,89.89642857142859,4.19857142857143,8.457142857142857,8.841846274778883,2,C1,4
23,3.5652173913043477,1,23.0,91.53347826086959,6.206086956521741,9.200000000000001,3.1291,1,C1,4
26,5.1923076923076925,1,26.0,37.27576923076927,14.51923076923077,18.092307692307692,15.903189008614273,11,C1,4
8,3.375,1,8.0,103.54,0.8049999999999997,3.2,3.1291,1,B1,2
69,4.144927536231884,1,69.0,11.739130434782638,28.763478260869565,33.39710144927536,21.19438992294339,11,C2,5
64,4.015625,1,64.0,37.446875000000006,23.935625000000005,25.6,3.1291,7,C1,4
28,4.964285714285714,1,28.0,41.56333333333336,14.169629629629632,18.20740740740741,15.903189008614273,11,C2,5
49,4.244897959183674,1,49.0,45.315000000000026,18.863333333333333,21.700000000000003,14.554592549557764,7,C1,4
50,4.44,1,50.0,22.210217391304383,21.589130434782607,24.48695652173913,18.243605946275583,8,C1,4
44,4.818181818181818,2,22.0,40.4914285714286,12.828571428571426,12.20952380952381,13.023866798666859,13,C1,4
21,3.380952380952381,1,21.0,88.83428571428574,6.085714285714285,8.4,3.1291,2,B2,3
56,4.642857142857143,1,56.0,17.052142857142883,24.792857142857148,26.685714285714283,18.243605946275583,10,C1,4
43,4.232558139534884,1,43.0,37.27372093023257,18.74279069767442,19.990697674418605,15.903189008614273,7,C1,4
53,4.528301886792453,2,26.5,49.04693396226415,13.001603773584907,17.39245283018868,15.247664890283005,14,B2,3
33,5.303030303030303,1,33.0,23.661250000000024,17.90875,24.05,20.267338824336647,10,C2,5
44,5.363636363636363,1,44.0,12.202272727272742,22.48818181818182,23.963636363636365,18.243605946275583,11,C1,4
16,4.8125,1,16.0,58.4075,9.087500000000002,8.9,8.841846274778883,5,B2,3
19,4.578947368421052,1,19.0,71.78157894736843,7.967368421052633,11.810526315789474,11.20814326018867,4,C2,5
35,3.3714285714285714,1,35.0,80.26029411764709,10.511176470588236,13.600000000000001,3.1291,1,B2,3
20,4.6,1,20.0,59.63500000000003,9.910000000000004,12.0,11.20814326018867,5,C1,4
15,3.6,1,15.0,89.89642857142859,4.19857142857143,8.457142857142857,8.841846274778883,1,B2,3
29,4.0,1,29.0,66.5448275862069,11.182068965517242,12.979310344827589,14.554592549557764,2,B2,3
127,4.622047244094488,1,127.0,-43.201557377049156,49.59327868852459,54.701639344262304,27.366229780566012,21,C2,5
76,4.131578947368421,1,76.0,16.152894736842143,29.88684210526316,31.452631578947372,15.903189008614273,5,C1,4
29,4.758620689655173,1,29.0,37.372413793103476,15.251034482758623,17.117241379310343,17.122413403193683,7,B2,3
34,5.117647058823529,1,34.0,38.36714285714288,16.602857142857143,19.714285714285715,15.903189008614273,7,C1,4
28,4.678571428571429,1,28.0,48.49357142857144,13.451428571428576,18.342857142857145,15.903189008614273,8,B2,3
21,4.142857142857143,1,21.0,80.77714285714288,7.209523809523812,10.304761904761905,8.841846274778883,3,B1,2
13,4.230769230769231,1,13.0,80.30636363636367,4.790909090909089,8.036363636363637,8.841846274778883,2,C2,5
21,5.857142857142857,1,21.0,42.71500000000003,12.270000000000003,16.0,14.554592549557764,8,C1,4
46,4.739130434782608,1,46.0,18.531956521739147,22.102173913043483,27.095652173913045,21.19438992294339,13,C1,4
70,4.1,2,35.0,52.88706521739131,14.45340579710145,17.27826086956522,13.81666964889586,15,C2,5
23,5.434782608695652,1,23.0,34.532272727272726,13.90818181818182,14.254545454545458,13.023866798666859,8,B2,3
16,3.875,1,16.0,79.5575,6.137499999999999,8.9,8.841846274778883,1,B2,3
13,5.384615384615385,1,13.0,69.99384615384618,6.726153846153846,8.276923076923078,8.841846274778883,3,C1,4
47,4.553191489361702,1,47.0,34.93000000000001,20.063404255319153,22.20425531914894,15.903189008614273,11,C1,4
28,5.071428571428571,1,28.0,27.343571428571465,16.40142857142857,18.342857142857145,17.122413403193683,8,C1,4
26,3.6538461538461537,1,26.0,86.08346153846156,7.7115384615384635,10.4,3.1291,1,B2,3
23,4.521739130434782,1,23.0,73.1421739130435,8.771304347826089,12.678260869565218,11.20814326018867,4,B2,3
21,4.904761904761905,1,21.0,52.57714285714289,11.142857142857142,12.20952380952381,11.20814326018867,5,C2,5
16,3.75,1,16.0,95.42,3.9250000000000007,6.4,3.1291,1,C1,4
11,4.090909090909091,1,11.0,80.30636363636367,4.790909090909089,4.4,3.1291,2,B1,2
64,4.234375,1,64.0,25.44086206896553,24.119655172413797,25.958620689655177,14.554592549557764,15,B2,3
28,4.0,1,28.0,69.64357142857145,10.501428571428573,12.62857142857143,8.841846274778883,4,C1,4
28,3.9285714285714284,1,28.0,75.6864285714286,9.658571428571431,11.200000000000001,3.1291,1,B2,3
22,4.2272727272727275,1,22.0,65.29590909090909,9.61727272727273,12.436363636363637,11.20814326018867,3,B2,3
4,4.25,1,4.0,118.17500000000001,-2.2299999999999986,1.6,3.1291,0,A1,0
49,4.530612244897959,1,49.0,36.242857142857176,20.37714285714286,24.497959183673473,17.122413403193683,7,C1,4
22,3.727272727272727,1,22.0,80.67772727272727,7.471818181818183,8.8,3.1291,3,B2,3
9,3.6666666666666665,1,9.0,82.39000000000001,3.7550000000000026,8.200000000000001,8.841846274778883,2,B2,3
16,4.25,1,16.0,74.27000000000001,6.8750000000000036,8.9,8.841846274778883,3,B1,2
27,4.925925925925926,1,27.0,41.56333333333336,14.169629629629632,15.244444444444447,14.554592549557764,8,C2,5
10,3.8,1,10.0,86.70500000000001,3.650000000000002,8.0,8.841846274778883,2,B2,3
10,3.8,1,10.0,103.625,1.2900000000000027,4.0,3.1291,0,A2,1
28,4.571428571428571,1,28.0,69.64357142857145,10.501428571428573,12.62857142857143,8.841846274778883,5,B2,3
9,4.666666666666667,1,9.0,94.30000000000001,2.342222222222226,3.6,3.1291,0,A2,1
36,4.305555555555555,1,36.0,60.12142857142858,13.568571428571428,15.142857142857142,8.841846274778883,6,B2,3
19,3.5789473684210527,1,19.0,89.24500000000003,5.780000000000001,8.0,3.1291,1,B1,2
7,5.142857142857143,1,7.0,66.7871428571429,5.682857142857145,2.8000000000000003,8.841846274778883,2,B2,3
17,5.0588235294117645,1,17.0,60.19176470588238,9.08705882352941,13.858823529411765,13.023866798666859,4,B2,3
21,5.190476190476191,1,21.0,60.634285714285724,10.019047619047623,12.20952380952381,11.20814326018867,4,B2,3
17,4.0,1,17.0,90.05058823529413,4.92235294117647,6.800000000000001,3.1291,2,A2,1
22,4.681818181818182,1,22.0,42.223181818181814,12.83545454545455,17.89090909090909,15.903189008614273,6,C2,5
13,5.153846153846154,1,13.0,50.470769230769264,9.44923076923077,11.353846153846156,11.20814326018867,3,B2,3
10,4.4,1,10.0,69.78500000000001,6.010000000000002,8.0,8.841846274778883,2,B2,3
12,4.166666666666667,1,12.0,103.00500000000001,1.8733333333333313,4.800000000000001,3.1291,0,B2,3
24,4.166666666666667,1,24.0,73.20000000000002,9.011666666666667,9.600000000000001,8.841846274778883,3,C1,4
17,5.0,1,17.0,63.69500000000001,8.350000000000005,8.9,8.841846274778883,6,B1,2
19,4.684210526315789,1,19.0,40.2858823529412,11.863529411764706,16.211764705882356,15.903189008614273,4,A2,1
8,4.125,1,8.0,92.965,2.280000000000001,8.200000000000001,8.841846274778883,1,A2,1
23,4.130434782608695,1,23.0,69.46391304347827,9.284347826086957,10.93913043478261,11.20814326018867,2,A2,1
20,4.65,1,20.0,46.94500000000005,11.68,14.0,13.023866798666859,7,B2,3
24,3.875,1,24.0,69.67500000000004,9.503333333333334,9.600000000000001,3.1291,3,B1,2
6,3.8333333333333335,1,6.0,73.84500000000001,4.450000000000003,9.066666666666668,8.841846274778883,2,A2,1
18,3.7222222222222223,1,18.0,85.07411764705884,5.616470588235295,6.800000000000001,3.1291,2,B1,2
15,4.533333333333333,1,15.0,59.68214285714288,8.412857142857145,11.314285714285715,11.20814326018867,3,B1,2
36,4.694444444444445,1,36.0,43.395000000000024,16.150000000000002,17.733333333333334,15.903189008614273,7,B1,2
19,4.842105263157895,1,19.0,42.86500000000001,11.752222222222223,11.644444444444446,13.023866798666859,7,B1,2
5,4.0,1,5.0,100.24000000000002,0.5199999999999996,2.0,3.1291,1,A1,0
32,4.6875,1,32.0,55.38625000000003,13.48375,16.55,13.023866798666859,7,B2,3
19,3.6842105263157894,1,19.0,76.2342105263158,7.346315789473689,9.705263157894738,11.20814326018867,3,A2,1
20,4.05,1,20.0,68.09500000000004,8.73,10.0,11.20814326018867,4,B1,2
18,3.6666666666666665,1,18.0,75.76500000000001,7.163333333333334,11.644444444444446,11.20814326018867,2,A2,1
17,4.352941176470588,1,17.0,70.14470588235295,7.698823529411765,9.15294117647059,8.841846274778883,4,A2,1
34,4.970588235294118,1,34.0,47.91323529411767,15.022941176470592,17.129411764705885,13.023866798666859,9,B2,3
21,3.761904761904762,1,21.0,68.69142857142859,8.895238095238096,10.304761904761905,8.841846274778883,4,B1,2
17,4.294117647058823,1,17.0,60.19176470588238,9.08705882352941,9.15294117647059,13.023866798666859,3,B1,2
9,6.333333333333333,1,9.0,28.50000000000003,11.520000000000003,16.933333333333334,14.554592549557764,3,A2,1
4,5.5,1,4.0,54.72500000000002,6.620000000000001,11.600000000000001,8.841846274778883,1,A1,0
22,3.3181818181818183,1,22.0,85.01500000000003,6.370000000000001,10.0,11.20814326018867,1,A2,1
28,4.535714285714286,1,28.0,50.96333333333334,12.858518518518522,16.725925925925928,14.554592549557764,6,B2,3
4,2.5,1,4.0,118.17500000000001,-2.2299999999999986,1.6,3.1291,0,A1,0
22,3.6363636363636362,1,22.0,80.67772727272727,7.471818181818183,8.8,3.1291,1,B1,2
55,3.909090909090909,1,55.0,40.79166666666667,20.984814814814815,23.081481481481482,11.20814326018867,9,B2,3
15,4.933333333333334,1,15.0,50.610000000000014,9.92666666666667,14.0,14.554592549557764,4,A2,1
28,4.357142857142857,1,28.0,57.23000000000002,11.984444444444446,12.281481481481482,11.20814326018867,3,B1,2
14,5.071428571428571,1,14.0,37.455384615384645,11.264615384615386,17.50769230769231,14.554592549557764,5,B1,2
14,3.4285714285714284,1,14.0,95.955,2.8566666666666656,4.800000000000001,3.1291,2,B1,2
6,4.166666666666667,1,6.0,87.94500000000002,2.4833333333333343,9.066666666666668,8.841846274778883,1,A2,1
0,0.0,1,0.0,0.0,0.0,0.0,3.1291,0,A1,0
39,4.6923076923076925,1,39.0,41.434615384615384,17.16871794871795,18.676923076923078,13.023866798666859,9,B1,2
39,4.564102564102564,1,39.0,45.817631578947385,16.308947368421055,18.357894736842105,14.554592549557764,7,C1,4
9,4.444444444444445,1,9.0,94.30000000000001,2.342222222222226,8.044444444444444,8.841846274778883,1,A2,1
22,3.909090909090909,1,22.0,76.74857142857144,7.771428571428572,12.20952380952381,11.20814326018867,3,B2,3
17,4.411764705882353,1,17.0,65.16823529411766,8.39294117647059,11.505882352941178,11.20814326018867,6,B1,2
43,3.5813953488372094,2,21.5,70.21000000000004,8.435000000000002,11.0,10.125756701596842,5,B2,3
14,4.642857142857143,1,14.0,59.68214285714288,8.412857142857145,8.457142857142857,11.20814326018867,3,B1,2
11,4.909090909090909,1,11.0,49.54272727272729,9.081818181818182,15.30909090909091,13.023866798666859,3,A2,1
4,4.25,1,4.0,75.87500000000001,3.6700000000000017,11.600000000000001,8.841846274778883,1,A1,0
45,4.377777777777778,3,15.0,74.66196969696972,6.489090909090912,8.593939393939394,9.725611199111238,6,B1,2
11,3.1818181818181817,1,11.0,86.70500000000001,3.650000000000002,8.0,8.841846274778883,1,A2,1
58,4.258620689655173,3,19.333333333333332,66.68500000000003,8.92666666666667,9.333333333333334,7.793537801064561,12,C1,4
14,5.357142857142857,1,14.0,35.5107142857143,11.784285714285716,14.171428571428573,14.554592549557764,3,A2,1
23,4.086956521739131,1,23.0,65.78565217391306,9.79739130434783,9.200000000000001,8.841846274778883,3,B1,2
18,4.333333333333333,1,18.0,75.76500000000001,7.163333333333334,9.422222222222222,8.841846274778883,4,B1,2
11,4.818181818181818,1,11.0,64.9245454545455,6.936363636363637,8.036363636363637,8.841846274778883,2,B1,2
15,4.133333333333334,1,15.0,79.5575,6.137499999999999,8.9,8.841846274778883,1,B1,2
3,6.333333333333333,1,3.0,6.390000000000015,13.113333333333333,14.533333333333335,8.841846274778883,1,A1,0
18,5.666666666666667,1,18.0,24.064999999999998,14.374444444444446,18.311111111111114,15.903189008614273,7,A2,1
21,4.666666666666667,1,21.0,52.57714285714289,11.142857142857142,16.019047619047623,14.554592549557764,4,B1,2
20,3.75,1,20.0,80.46500000000002,6.507777777777779,9.422222222222222,8.841846274778883,1,B1,2
7,3.0,1,7.0,103.04428571428575,0.6257142857142846,2.8000000000000003,3.1291,1,A2,1
24,3.625,1,24.0,69.67500000000004,9.503333333333334,11.266666666666667,11.20814326018867,2,B1,2
17,4.705882352941177,1,17.0,60.19176470588238,9.08705882352941,11.505882352941178,13.023866798666859,2,A2,1
11,3.8181818181818183,1,11.0,80.30636363636367,4.790909090909089,8.036363636363637,8.841846274778883,2,A2,1
6,4.666666666666667,1,6.0,87.94500000000002,2.4833333333333343,2.4000000000000004,3.1291,1,A2,1
13,5.0,1,13.0,53.639285714285734,9.255714285714287,11.314285714285715,13.023866798666859,2,A2,1
12,4.083333333333333,1,12.0,88.905,3.84,4.800000000000001,3.1291,1,A2,1
26,5.115384615384615,1,26.0,30.76807692307696,15.426923076923078,18.092307692307692,15.903189008614273,7,A2,1
12,4.333333333333333,1,12.0,60.70500000000001,7.773333333333333,8.133333333333335,11.20814326018867,2,A2,1
5,4.2,1,5.0,100.24000000000002,0.5199999999999996,2.0,3.1291,0,A1,0
8,5.125,1,8.0,54.70142857142861,7.368571428571428,8.514285714285714,8.841846274778883,3,A2,1
30,4.033333333333333,1,30.0,55.12500000000003,13.023333333333337,16.0,14.554592549557764,6,B2,3
22,4.2272727272727275,1,22.0,76.83227272727274,8.008181818181821,10.618181818181819,8.841846274778883,3,B1,2
11,4.909090909090909,1,11.0,69.99384615384618,6.726153846153846,8.276923076923078,11.20814326018867,1,A2,1
22,4.363636363636363,1,22.0,53.759545454545474,11.22636363636364,14.254545454545458,13.023866798666859,6,C1,4
21,4.190476190476191,1,21.0,88.83428571428574,6.085714285714285,8.4,3.1291,3,B1,2
20,4.0,1,20.0,72.32500000000003,8.140000000000004,10.0,8.841846274778883,3,B1,2
28,5.071428571428571,1,28.0,54.5364285714286,12.608571428571427,14.057142857142859,13.023866798666859,7,B2,3
22,4.045454545454546,1,22.0,68.09500000000004,8.73,14.0,13.023866798666859,4,B1,2
20,3.7,1,20.0,80.78500000000003,6.960000000000001,8.0,3.1291,3,B1,2
25,4.16,1,25.0,69.78800000000001,9.736,13.200000000000001,11.20814326018867,4,B1,2
10,4.0,1,10.0,75.50000000000003,4.964444444444446,12.488888888888889,11.20814326018867,2,A2,1
64,3.9375,3,21.333333333333332,73.59536723163843,7.880000000000003,10.578531073446328,10.504223727775692,8,C1,4
13,5.384615384615385,1,13.0,25.455000000000013,12.690000000000001,14.8,14.554592549557764,5,B1,2
6,3.8333333333333335,1,6.0,102.045,0.5166666666666693,2.4000000000000004,3.1291,1,B1,2
21,4.285714285714286,1,21.0,56.6057142857143,10.580952380952379,16.019047619047623,14.554592549557764,5,A2,1
12,4.416666666666667,1,12.0,46.60500000000002,9.740000000000002,14.8,13.023866798666859,4,B1,2
31,4.193548387096774,2,15.5,74.78928571428573,6.305714285714288,7.028571428571429,8.841846274778883,2,B1,2
8,4.75,1,8.0,82.39000000000001,3.7550000000000026,3.2,8.841846274778883,0,A2,1
17,3.1176470588235294,1,17.0,95.42,3.9250000000000007,6.4,3.1291,1,B1,2
7,4.571428571428571,1,7.0,78.87285714285717,3.997142857142858,8.514285714285714,8.841846274778883,2,A1,0
19,5.157894736842105,1,19.0,47.565,11.096666666666668,18.311111111111114,15.903189008614273,7,B2,3
18,4.388888888888889,1,18.0,72.9868181818182,8.544545454545453,12.436363636363637,11.20814326018867,5,C1,4
11,3.5454545454545454,1,11.0,103.37909090909093,1.572727272727274,4.4,3.1291,1,A2,1
28,3.892857142857143,2,14.0,79.75538461538463,5.364615384615387,6.738461538461539,8.841846274778883,2,B2,3
12,4.666666666666667,1,12.0,81.85500000000002,4.823333333333334,4.800000000000001,3.1291,2,B1,2
11,4.454545454545454,1,11.0,80.30636363636367,4.790909090909089,4.4,3.1291,1,A2,1
30,4.433333333333334,1,30.0,57.945000000000036,12.629999999999999,14.666666666666666,13.023866798666859,6,B1,2
32,4.0625,1,32.0,52.56354838709679,13.629032258064516,16.270967741935486,13.023866798666859,7,C1,4
42,4.642857142857143,1,42.0,33.33883720930234,19.291627906976746,21.851162790697675,15.903189008614273,11,B2,3
3,5.0,1,3.0,62.79000000000002,5.246666666666666,1.2000000000000002,3.1291,2,A2,1
15,4.866666666666666,1,15.0,67.53000000000003,7.566666666666666,6.0,8.841846274778883,5,B1,2
15,5.0,1,15.0,65.72500000000001,7.570000000000004,5.6000000000000005,8.841846274778883,1,A2,1
21,3.6666666666666665,1,21.0,92.86285714285715,5.5238095238095255,8.4,3.1291,2,B1,2
30,4.533333333333333,1,30.0,43.84500000000003,14.596666666666668,16.0,14.554592549557764,5,B1,2
113,4.31858407079646,4,28.25,58.944318181818204,11.869545454545456,14.636363636363638,12.161744961471694,16,C1,4
8,5.875,1,8.0,40.09,9.655000000000001,8.200000000000001,8.841846274778883,3,A2,1
17,4.882352941176471,1,17.0,70.14470588235295,7.698823529411765,9.15294117647059,8.841846274778883,3,B1,2
18,4.388888888888889,1,18.0,61.665000000000006,9.130000000000003,9.422222222222222,11.20814326018867,2,B1,2
5,4.4,1,5.0,83.32000000000004,2.879999999999999,10.0,8.841846274778883,1,A2,1
21,3.6666666666666665,1,21.0,92.86285714285715,5.5238095238095255,8.4,3.1291,2,A2,1
12,4.25,1,12.0,95.955,2.8566666666666656,8.133333333333335,8.841846274778883,1,A2,1
50,5.2,1,50.0,5.6580434782609075,23.897826086956524,23.617391304347827,20.267338824336647,13,B2,3
18,3.6666666666666665,1,18.0,89.865,5.196666666666669,7.2,3.1291,2,A2,1
22,4.318181818181818,1,22.0,64.66285714285716,9.457142857142859,8.4,3.1291,5,B1,2
26,3.6923076923076925,1,26.0,58.429130434782635,10.823478260869567,12.678260869565218,11.20814326018867,4,A2,1
10,3.5,1,10.0,78.87285714285717,3.997142857142858,8.514285714285714,8.841846274778883,1,B1,2
7,4.714285714285714,1,7.0,90.95857142857145,2.3114285714285714,2.8000000000000003,3.1291,1,A2,1
8,3.625,1,8.0,92.965,2.280000000000001,3.2,3.1291,0,A1,0
5,3.6,1,5.0,97.025,0.7199999999999989,1.6,3.1291,1,A2,1
16,4.6875,1,16.0,79.5575,6.137499999999999,8.9,8.841846274778883,3,A2,1
12,3.3333333333333335,1,12.0,87.99727272727276,3.7181818181818187,4.4,3.1291,2,A2,1
8,4.25,1,8.0,86.70500000000001,3.650000000000002,4.0,3.1291,2,A1,0
20,4.0,1,20.0,85.01500000000003,6.370000000000001,10.0,8.841846274778883,1,A2,1
12,3.5,1,12.0,103.00500000000001,1.8733333333333313,4.800000000000001,3.1291,0,A2,1
12,3.25,1,12.0,95.955,2.8566666666666656,4.800000000000001,3.1291,2,A2,1
14,3.2857142857142856,1,14.0,95.93928571428573,3.355714285714285,5.6000000000000005,3.1291,2,A2,1
13,4.384615384615385,1,13.0,83.0092307692308,4.91076923076923,5.2,8.841846274778883,0,A2,1
9,4.444444444444445,1,9.0,66.10000000000002,6.2755555555555596,8.044444444444444,11.20814326018867,1,A2,1
4,4.5,1,4.0,97.025,0.7199999999999989,1.6,3.1291,0,A1,0
24,4.208333333333333,1,24.0,73.20000000000002,9.011666666666667,11.266666666666667,8.841846274778883,2,B1,2
11,3.6363636363636362,1,11.0,95.68818181818183,2.645454545454548,4.4,3.1291,1,A2,1
33,3.787878787878788,1,33.0,63.47967741935486,12.106451612903225,12.4,8.841846274778883,4,B1,2
5,4.6,1,5.0,83.32000000000004,2.879999999999999,10.0,8.841846274778883,1,A2,1
18,3.1666666666666665,1,18.0,98.49736842105266,4.241052631578949,7.6000000000000005,3.1291,1,B2,3
17,3.588235294117647,1,17.0,79.5575,6.137499999999999,8.9,8.841846274778883,2,A2,1
15,3.8,1,15.0,71.76785714285715,6.727142857142859,5.6000000000000005,3.1291,1,A2,1
17,3.176470588235294,1,17.0,95.42,3.9250000000000007,6.4,3.1291,0,A2,1
17,4.294117647058823,1,17.0,75.76500000000001,7.163333333333334,9.422222222222222,11.20814326018867,3,A2,1
8,3.375,1,8.0,103.54,0.8049999999999997,3.2,3.1291,1,A2,1
15,4.4,1,15.0,78.81000000000003,5.993333333333336,6.0,3.1291,2,A2,1
4,4.75,1,4.0,118.17500000000001,-2.2299999999999986,1.6,3.1291,0,A2,1
30,3.566666666666667,1,30.0,69.46206896551725,10.775172413793104,11.600000000000001,3.1291,5,B2,3
6,3.5,1,6.0,116.14500000000001,-1.4499999999999993,2.4000000000000004,3.1291,0,A1,0
16,2.875,1,16.0,95.93928571428573,3.355714285714285,5.6000000000000005,3.1291,0,A2,1
35,4.4,1,35.0,55.145000000000024,14.511111111111116,16.622222222222224,11.20814326018867,4,B2,3
4,3.5,1,4.0,118.17500000000001,-2.2299999999999986,1.6,3.1291,0,A1,0
3,5.666666666666667,1,3.0,34.59000000000003,9.180000000000003,1.2000000000000002,3.1291,2,A1,0
13,3.6153846153846154,1,13.0,96.02461538461542,3.0953846153846136,5.2,3.1291,2,A2,1
16,4.0,1,16.0,79.5575,6.137499999999999,8.9,8.841846274778883,2,B2,3
25,4.32,2,12.5,74.805,5.806666666666668,8.133333333333335,11.20814326018867,4,B1,2
21,4.238095238095238,1,21.0,72.72000000000003,8.333333333333332,10.304761904761905,8.841846274778883,4,B2,3
21,4.190476190476191,1,21.0,72.72000000000003,8.333333333333332,8.4,11.20814326018867,2,B1,2
19,4.2631578947368425,1,19.0,71.78157894736843,7.967368421052633,9.705263157894738,11.20814326018867,2,B1,2
21,4.904761904761905,1,21.0,56.6057142857143,10.580952380952379,10.304761904761905,11.20814326018867,5,B1,2
28,4.178571428571429,3,9.333333333333334,90.66141025641029,2.766923076923078,5.005128205128205,6.42735559955562,3,A2,1
22,4.454545454545454,1,22.0,57.605000000000004,10.690000000000001,12.436363636363637,13.023866798666859,4,B1,2
21,4.476190476190476,1,21.0,72.72000000000003,8.333333333333332,8.4,3.1291,3,B1,2
29,3.413793103448276,1,29.0,75.29655172413794,9.961379310344828,12.979310344827589,11.20814326018867,2,A2,1
17,5.294117647058823,1,17.0,25.35647058823531,13.945882352941176,16.211764705882356,14.554592549557764,7,B2,3
23,4.260869565217392,1,23.0,62.10739130434784,10.310434782608699,12.678260869565218,11.20814326018867,7,A2,1
20,4.55,1,20.0,64.66285714285716,9.457142857142859,8.4,3.1291,7,A2,1
20,4.7,2,10.0,81.42407894736841,4.262368421052631,3.8000000000000003,3.1291,7,B2,3
23,3.739130434782609,1,23.0,72.9868181818182,8.544545454545453,10.618181818181819,8.841846274778883,4,B1,2
21,4.0,1,21.0,68.69142857142859,8.895238095238096,12.20952380952381,11.20814326018867,3,A1,0
21,4.476190476190476,1,21.0,64.66285714285716,9.457142857142859,10.304761904761905,8.841846274778883,5,A2,1
29,4.068965517241379,1,29.0,72.66500000000002,10.080000000000002,12.62857142857143,8.841846274778883,3,B1,2
19,4.684210526315789,1,19.0,56.965,9.785555555555558,11.644444444444446,11.20814326018867,7,A2,1
24,4.041666666666667,1,24.0,62.62500000000003,10.486666666666668,14.600000000000001,13.023866798666859,3,B1,2
19,4.842105263157895,1,19.0,62.87631578947371,9.209473684210526,11.810526315789474,13.023866798666859,5,B1,2
19,4.2105263157894735,1,19.0,67.32894736842107,8.588421052631581,11.810526315789474,11.20814326018867,4,B1,2
22,4.2727272727272725,2,11.0,75.32035714285716,5.362142857142857,6.104761904761905,8.841846274778883,1,B1,2
23,3.9565217391304346,1,23.0,69.46391304347827,9.284347826086957,10.93913043478261,8.841846274778883,2,B1,2
21,4.238095238095238,1,21.0,60.634285714285724,10.019047619047623,12.20952380952381,13.023866798666859,5,B2,3
25,3.8,1,25.0,79.94000000000001,8.32,10.0,3.1291,2,B1,2
24,3.9583333333333335,1,24.0,73.20000000000002,9.011666666666667,11.266666666666667,8.841846274778883,3,A2,1
22,4.2272727272727275,1,22.0,69.46391304347827,9.284347826086957,10.93913043478261,8.841846274778883,2,B1,2
23,4.782608695652174,1,23.0,46.06863636363636,12.29909090909091,14.254545454545458,13.023866798666859,4,B2,3
26,3.8076923076923075,1,26.0,63.020000000000024,10.68,11.600000000000001,11.20814326018867,1,B1,2
27,3.814814814814815,1,27.0,72.66500000000002,10.080000000000002,11.200000000000001,3.1291,3,A2,1
23,4.521739130434782,1,23.0,62.10739130434784,10.310434782608699,12.678260869565218,11.20814326018867,6,B1,2
24,4.416666666666667,1,24.0,73.20000000000002,9.011666666666667,11.266666666666667,8.841846274778883,3,A2,1
6,4.166666666666667,1,6.0,102.045,0.5166666666666693,2.4000000000000004,3.1291,1,A1,0
25,4.4,1,25.0,69.78800000000001,9.736,14.8,14.554592549557764,3,B1,2
19,4.684210526315789,1,19.0,62.87631578947371,9.209473684210526,9.705263157894738,8.841846274778883,3,B1,2
19,4.2631578947368425,1,19.0,71.78157894736843,7.967368421052633,11.810526315789474,11.20814326018867,3,A2,1
23,4.0,1,23.0,80.49869565217392,7.745217391304351,10.93913043478261,8.841846274778883,2,B1,2
20,5.35,1,20.0,25.795000000000044,14.630000000000003,16.0,15.903189008614273,5,B1,2
22,3.6363636363636362,1,22.0,80.77714285714288,7.209523809523812,10.304761904761905,8.841846274778883,2,B1,2
22,4.409090909090909,1,22.0,55.40500000000003,10.500000000000004,12.0,11.20814326018867,6,A2,1
21,4.428571428571429,1,21.0,68.69142857142859,8.895238095238096,12.20952380952381,11.20814326018867,3,B2,3
22,4.7272727272727275,1,22.0,0.5649999999999977,17.652222222222225,20.533333333333335,17.122413403193683,11,C1,4
23,4.739130434782608,1,23.0,43.716086956521764,12.875652173913043,12.678260869565218,13.023866798666859,6,C2,5
14,4.714285714285714,1,14.0,56.97846153846157,8.541538461538462,11.353846153846156,11.20814326018867,5,C1,4
23,3.391304347826087,1,23.0,59.63500000000003,9.910000000000004,14.0,13.023866798666859,5,B2,3
25,5.44,1,25.0,39.33200000000002,13.984000000000002,18.0,15.903189008614273,8,B2,3
13,5.076923076923077,1,13.0,60.70500000000001,7.773333333333333,11.466666666666669,11.20814326018867,4,B2,3
16,4.5,1,16.0,68.9825,7.612500000000001,11.4,11.20814326018867,2,B2,3
21,4.428571428571429,1,21.0,49.518421052631595,11.07263157894737,13.915789473684212,13.023866798666859,5,C1,4
18,5.0,1,18.0,31.97,12.775000000000002,11.4,13.023866798666859,6,B2,3
8,6.75,1,8.0,-18.499999999999943,18.075555555555557,25.822222222222223,15.903189008614273,6,C1,4
14,3.7857142857142856,1,14.0,77.81071428571428,5.884285714285717,11.314285714285715,11.20814326018867,2,C1,4
8,5.625,1,8.0,50.66500000000002,8.180000000000003,13.200000000000001,11.20814326018867,4,B2,3
21,4.761904761904762,1,21.0,55.40500000000003,10.500000000000004,14.0,13.023866798666859,7,B2,3
16,4.0,1,16.0,73.17000000000003,6.780000000000001,8.666666666666668,8.841846274778883,4,B1,2
23,4.130434782608695,1,23.0,58.429130434782635,10.823478260869567,17.895652173913046,15.903189008614273,5,B2,3
13,4.3076923076923075,1,13.0,50.470769230769264,9.44923076923077,11.353846153846156,11.20814326018867,4,B2,3
18,5.666666666666667,1,18.0,30.332941176470626,13.251764705882355,18.56470588235294,15.903189008614273,8,C1,4
16,6.625,1,16.0,-9.478823529411756,18.804705882352945,23.27058823529412,18.243605946275583,9,C1,4
16,4.875,1,16.0,39.33000000000001,11.500000000000004,14.0,13.023866798666859,8,C1,4
11,4.181818181818182,1,11.0,86.70500000000001,3.650000000000002,4.0,3.1291,3,B1,2
18,5.444444444444445,1,18.0,38.16500000000002,12.407777777777778,13.866666666666669,13.023866798666859,7,C1,4
26,4.076923076923077,1,26.0,48.525000000000034,12.453333333333333,16.26666666666667,14.554592549557764,7,C1,4
11,3.4545454545454546,1,11.0,69.78500000000001,6.010000000000002,4.0,3.1291,5,B2,3
20,6.65,1,20.0,0.2057142857142935,18.447619047619053,21.733333333333334,18.243605946275583,11,C1,4
35,4.228571428571429,1,35.0,40.784285714285716,16.265714285714285,16.28571428571429,11.20814326018867,7,C1,4
40,4.575,2,20.0,52.550192307692356,10.77397435897436,12.928205128205128,12.161744961471694,11,C2,5
8,5.0,1,8.0,71.81500000000001,5.230000000000004,3.2,3.1291,4,B1,2
8,4.375,1,8.0,82.39000000000001,3.7550000000000026,3.2,3.1291,2,B1,2
24,4.625,1,24.0,43.78346153846158,13.611538461538462,16.553846153846155,15.903189008614273,5,B2,3
20,5.05,1,20.0,36.1605263157895,12.935789473684213,16.02105263157895,14.554592549557764,7,C1,4
24,4.5,1,24.0,59.10000000000004,10.978333333333332,16.26666666666667,14.554592549557764,6,C1,4
16,6.3125,1,16.0,0.47411764705884707,17.416470588235295,20.917647058823533,17.122413403193683,9,C1,4
17,5.0,1,17.0,50.2388235294118,10.47529411764706,16.211764705882356,14.554592549557764,5,B2,3
14,6.357142857142857,1,14.0,-0.14999999999997726,17.006666666666664,19.333333333333336,15.903189008614273,9,B2,3
6,6.333333333333333,1,6.0,-10.754999999999995,16.25,22.400000000000002,13.023866798666859,4,B2,3
12,3.9166666666666665,1,12.0,72.61545454545457,5.863636363636363,8.036363636363637,8.841846274778883,4,B1,2
18,5.611111111111111,1,18.0,5.490000000000009,16.220000000000006,16.666666666666668,14.554592549557764,8,C1,4
19,4.526315789473684,1,19.0,52.265000000000015,10.441111111111113,11.644444444444446,11.20814326018867,6,C1,4
20,3.55,1,20.0,80.68684210526318,6.725263157894737,9.705263157894738,8.841846274778883,2,A2,1
23,3.4347826086956523,1,23.0,84.52318181818181,6.935454545454547,8.8,3.1291,3,A2,1
11,4.545454545454546,1,11.0,69.78500000000001,6.010000000000002,8.0,8.841846274778883,3,A2,1
13,4.6923076923076925,1,13.0,37.455384615384645,11.264615384615386,14.430769230769233,13.023866798666859,4,A2,1
16,4.125,1,16.0,73.17000000000003,6.780000000000001,8.666666666666668,8.841846274778883,4,B2,3
11,5.0,1,11.0,64.9245454545455,6.936363636363637,4.4,3.1291,3,A2,1
22,4.909090909090909,1,22.0,73.1421739130435,8.771304347826089,10.93913043478261,8.841846274778883,3,B2,3
12,3.75,1,12.0,80.30636363636367,4.790909090909089,8.036363636363637,8.841846274778883,2,A2,1
18,3.8333333333333335,1,18.0,85.16499999999999,5.852222222222224,9.422222222222222,8.841846274778883,3,B1,2
9,4.0,1,9.0,71.81500000000001,5.230000000000004,8.200000000000001,8.841846274778883,2,A2,1
21,3.761904761904762,1,21.0,80.78500000000003,6.960000000000001,10.0,8.841846274778883,2,B1,2
11,4.818181818181818,1,11.0,87.99727272727276,3.7181818181818187,4.4,3.1291,2,A1,0
20,3.7,1,20.0,76.55500000000004,7.550000000000001,10.0,11.20814326018867,3,A2,1
8,3.5,1,8.0,90.95857142857145,2.3114285714285714,2.8000000000000003,3.1291,2,A2,1
13,4.615384615384615,1,13.0,69.99384615384618,6.726153846153846,5.2,3.1291,3,B1,2
24,3.875,1,24.0,76.82043478260871,8.25826086956522,9.200000000000001,3.1291,3,B1,2
15,4.333333333333333,1,15.0,67.53000000000003,7.566666666666666,6.0,8.841846274778883,3,A2,1
16,4.3125,1,16.0,79.5575,6.137499999999999,6.4,8.841846274778883,3,B1,2
18,4.222222222222222,1,18.0,74.27000000000001,6.8750000000000036,11.4,11.20814326018867,4,B2,3
21,4.238095238095238,1,21.0,52.57714285714289,11.142857142857142,10.304761904761905,8.841846274778883,5,B1,2
19,4.315789473684211,2,9.5,76.97144736842105,4.883421052631579,5.905263157894737,7.168621630094336,5,B1,2
24,4.333333333333333,1,24.0,62.62500000000003,10.486666666666668,12.933333333333335,11.20814326018867,4,B1,2
8,4.0,1,8.0,82.39000000000001,3.7550000000000026,3.2,3.1291,0,A1,0
19,3.6842105263157894,1,19.0,85.16499999999999,5.852222222222224,9.422222222222222,8.841846274778883,1,A2,1
5,7.0,1,5.0,49.48000000000002,7.600000000000001,10.0,8.841846274778883,3,A2,1
21,3.857142857142857,1,21.0,80.68684210526318,6.725263157894737,7.6000000000000005,3.1291,4,A2,1
13,4.3076923076923075,1,13.0,83.0092307692308,4.91076923076923,8.276923076923078,8.841846274778883,1,A2,1
9,5.777777777777778,1,9.0,28.50000000000003,11.520000000000003,21.37777777777778,14.554592549557764,4,A2,1
13,4.461538461538462,1,13.0,83.0092307692308,4.91076923076923,5.2,3.1291,2,A2,1
22,3.8181818181818183,1,22.0,91.53347826086959,6.206086956521741,9.200000000000001,3.1291,1,A2,1
26,4.8076923076923075,1,26.0,39.33200000000002,13.984000000000002,14.8,15.903189008614273,5,B1,2
16,3.8125,1,16.0,90.13250000000001,4.662500000000001,6.4,3.1291,0,B1,2
12,3.5,1,12.0,110.055,0.8900000000000006,4.800000000000001,3.1291,0,B1,2
20,4.2,1,20.0,76.55500000000004,7.550000000000001,8.0,3.1291,2,B1,2
16,3.8125,2,8.0,108.82750000000001,0.06750000000000256,3.2,3.1291,1,A2,1
10,4.2,1,10.0,86.70500000000001,3.650000000000002,8.0,8.841846274778883,1,A2,1
13,4.6923076923076925,1,13.0,76.50153846153849,5.818461538461541,5.2,3.1291,1,B1,2
5,5.2,1,5.0,49.48000000000002,7.600000000000001,10.0,8.841846274778883,2,A2,1
5,4.4,1,5.0,100.24000000000002,0.5199999999999996,2.0,3.1291,0,A2,1
24,3.3333333333333335,1,24.0,80.25000000000004,8.028333333333332,12.933333333333335,11.20814326018867,2,B1,2
9,4.666666666666667,1,9.0,66.10000000000002,6.2755555555555596,3.6,8.841846274778883,3,A2,1
19,4.526315789473684,1,19.0,62.87631578947371,9.209473684210526,9.705263157894738,11.20814326018867,3,B1,2
10,4.7,1,10.0,61.32500000000002,7.190000000000001,4.0,3.1291,3,B1,2
11,3.5454545454545454,1,11.0,95.68818181818183,2.645454545454548,4.4,3.1291,1,B2,3
7,4.714285714285714,1,7.0,66.7871428571429,5.682857142857145,8.514285714285714,8.841846274778883,1,A2,1
5,7.4,1,5.0,32.56000000000003,9.96,10.0,8.841846274778883,2,A2,1
9,4.888888888888889,1,9.0,56.70000000000002,7.58666666666667,12.488888888888889,11.20814326018867,3,A2,1
19,4.842105263157895,1,19.0,53.97105263157897,10.451578947368422,9.705263157894738,8.841846274778883,4,B1,2
7,4.142857142857143,1,7.0,75.50000000000003,4.964444444444446,3.6,3.1291,2,A1,0
9,5.777777777777778,1,9.0,75.50000000000003,4.964444444444446,8.044444444444444,8.841846274778883,1,A2,1
3,6.666666666666667,1,3.0,6.390000000000015,13.113333333333333,14.533333333333335,8.841846274778883,1,A2,1
6,5.5,1,6.0,54.70142857142861,7.368571428571428,8.514285714285714,8.841846274778883,1,B1,2
2,6.0,1,2.0,62.79000000000002,5.246666666666666,14.533333333333335,8.841846274778883,1,A1,0
7,3.7142857142857144,1,7.0,102.045,0.5166666666666693,2.4000000000000004,3.1291,1,A2,1
14,4.071428571428571,1,14.0,71.76785714285715,6.727142857142859,5.6000000000000005,8.841846274778883,0,A2,1
6,3.1666666666666665,1,6.0,116.14500000000001,-1.4499999999999993,2.4000000000000004,3.1291,0,A1,0
3,7.0,1,3.0,33.57500000000002,9.57,21.6,11.20814326018867,2,A2,1
32,4.34375,1,32.0,55.38625000000003,13.48375,14.05,8.841846274778883,4,B2,3
11,5.636363636363637,1,11.0,49.54272727272729,9.081818181818182,11.672727272727274,11.20814326018867,2,B1,2
6,3.8333333333333335,1,6.0,87.94500000000002,2.4833333333333343,9.066666666666668,8.841846274778883,1,A2,1
6,3.8333333333333335,1,6.0,102.045,0.5166666666666693,2.4000000000000004,3.1291,0,A1,0
7,3.2857142857142856,1,7.0,92.965,2.280000000000001,3.2,3.1291,1,A2,1
8,4.125,1,8.0,71.81500000000001,5.230000000000004,3.2,8.841846274778883,1,A2,1
7,4.571428571428571,1,7.0,66.7871428571429,5.682857142857145,2.8000000000000003,3.1291,1,A2,1
8,3.25,1,8.0,103.54,0.8049999999999997,3.2,3.1291,0,B2,3
27,4.296296296296297,1,27.0,63.49666666666667,11.110370370370372,10.8,3.1291,4,B1,2
14,3.9285714285714284,1,14.0,90.09000000000002,4.420000000000002,8.666666666666668,8.841846274778883,1,B1,2
15,3.6666666666666665,1,15.0,90.13250000000001,4.662500000000001,6.4,3.1291,2,A2,1
8,3.125,1,8.0,103.54,0.8049999999999997,3.2,3.1291,0,A1,0
8,4.75,1,8.0,61.24000000000001,6.705000000000002,8.200000000000001,8.841846274778883,1,A2,1
12,4.083333333333333,1,12.0,74.805,5.806666666666668,8.133333333333335,8.841846274778883,2,A2,1
6,4.666666666666667,1,6.0,83.32000000000004,2.879999999999999,2.0,3.1291,1,A2,1
5,4.6,1,5.0,66.40000000000003,5.240000000000002,10.0,8.841846274778883,2,A2,1
4,4.0,1,4.0,97.025,0.7199999999999989,1.6,3.1291,0,A1,0
6,4.166666666666667,1,6.0,73.84500000000001,4.450000000000003,9.066666666666668,8.841846274778883,1,A2,1
15,4.066666666666666,1,15.0,78.81000000000003,5.993333333333336,8.666666666666668,8.841846274778883,3,A2,1
21,4.428571428571429,1,21.0,64.66285714285716,9.457142857142859,10.304761904761905,8.841846274778883,6,B2,3
15,4.666666666666667,1,15.0,61.890000000000015,8.353333333333339,8.666666666666668,8.841846274778883,3,B1,2
14,5.857142857142857,1,14.0,29.467857142857156,12.62714285714286,14.171428571428573,13.023866798666859,6,B1,2
26,5.5,1,26.0,-1.770384615384586,19.965384615384618,27.323076923076925,22.076135915942103,11,C1,4
18,4.166666666666667,1,18.0,50.2388235294118,10.47529411764706,13.858823529411765,13.023866798666859,6,B1,2
12,5.5,1,12.0,39.55500000000001,10.723333333333333,11.466666666666669,11.20814326018867,5,A2,1
46,5.717391304347826,1,46.0,-23.12357142857141,26.91857142857143,30.13333333333334,24.50423929779172,20,C1,4
22,5.0,2,11.0,72.32350000000002,6.277000000000001,8.200000000000001,8.841846274778883,7,B2,3
12,6.166666666666667,1,12.0,32.504999999999995,11.706666666666667,8.133333333333335,8.841846274778883,8,B1,2
9,5.333333333333333,1,9.0,66.10000000000002,6.2755555555555596,8.044444444444444,11.20814326018867,2,A2,1
5,5.2,1,5.0,83.32000000000004,2.879999999999999,2.0,3.1291,2,A2,1
18,4.222222222222222,1,18.0,65.16823529411766,8.39294117647059,11.505882352941178,11.20814326018867,5,B1,2
16,4.5625,1,16.0,74.27000000000001,6.8750000000000036,8.9,8.841846274778883,3,A2,1
16,3.75,1,16.0,68.9825,7.612500000000001,13.9,13.023866798666859,4,B1,2
13,4.769230769230769,1,13.0,50.470769230769264,9.44923076923077,11.353846153846156,11.20814326018867,5,A2,1
16,5.1875,1,16.0,42.545000000000016,11.3,13.9,13.023866798666859,6,B1,2
8,4.875,1,8.0,82.39000000000001,3.7550000000000026,3.2,3.1291,3,A2,1
33,4.484848484848484,1,33.0,55.41272727272728,13.72848484848485,16.83636363636364,13.023866798666859,8,B1,2
20,5.85,1,20.0,28.765000000000015,13.718888888888891,18.311111111111114,15.903189008614273,8,B1,2
19,4.578947368421052,1,19.0,53.97105263157897,10.451578947368422,11.810526315789474,11.20814326018867,5,A2,1
26,4.384615384615385,1,26.0,47.037307692307735,13.157692307692308,15.015384615384617,15.903189008614273,3,B1,2
16,3.875,1,16.0,84.845,5.400000000000002,6.4,3.1291,4,B1,2
10,4.1,1,10.0,78.24500000000002,4.830000000000002,4.0,3.1291,3,A2,1
7,3.5714285714285716,1,7.0,90.95857142857145,2.3114285714285714,2.8000000000000003,3.1291,2,A2,1
34,5.176470588235294,1,34.0,25.519117647058835,18.146470588235292,21.835294117647063,18.243605946275583,13,B2,3
11,4.545454545454546,1,11.0,69.78500000000001,6.010000000000002,8.0,8.841846274778883,4,A2,1
15,3.8666666666666667,1,15.0,84.45000000000003,5.206666666666667,6.0,3.1291,3,A2,1
12,4.75,1,12.0,60.70500000000001,7.773333333333333,11.466666666666669,11.20814326018867,5,A2,1
28,6.035714285714286,1,28.0,7.991153846153878,18.603846153846153,21.16923076923077,18.243605946275583,14,B2,3
9,4.555555555555555,1,9.0,66.10000000000002,6.2755555555555596,12.488888888888889,11.20814326018867,3,A2,1
24,4.083333333333333,1,24.0,69.67500000000004,9.503333333333334,11.266666666666667,8.841846274778883,4,B1,2
11,6.181818181818182,1,11.0,19.025000000000006,13.09,20.0,14.554592549557764,4,B1,2
13,4.923076923076923,1,13.0,56.97846153846157,8.541538461538462,17.50769230769231,14.554592549557764,4,A2,1
18,5.611111111111111,1,18.0,5.450588235294163,16.72235294117647,18.56470588235294,15.903189008614273,7,B1,2
9,5.222222222222222,1,9.0,50.66500000000002,8.180000000000003,13.200000000000001,11.20814326018867,4,A2,1
19,5.7368421052631575,1,19.0,27.255263157894774,14.177894736842106,20.231578947368423,17.122413403193683,10,B2,3
49,5.612244897959184,1,49.0,-16.372499999999974,27.467500000000005,34.2,27.366229780566012,21,C1,4
24,4.333333333333333,1,24.0,66.15000000000003,9.995000000000001,12.933333333333335,11.20814326018867,5,B2,3
52,4.538461538461538,1,52.0,14.13961538461541,24.20538461538462,27.723076923076924,20.267338824336647,15,B2,3
24,6.083333333333333,1,24.0,2.7000000000000455,18.845000000000002,22.933333333333337,19.287186520377343,11,B2,3
12,4.166666666666667,1,12.0,67.75500000000001,6.790000000000003,11.466666666666669,11.20814326018867,3,B1,2
36,5.361111111111111,1,36.0,-2.724285714285685,22.334285714285716,25.42857142857143,21.19438992294339,15,B2,3
20,5.0,1,20.0,55.40500000000003,10.500000000000004,16.0,14.554592549557764,6,B2,3
30,5.1,1,30.0,28.62068965517244,16.471724137931037,19.875862068965517,17.122413403193683,13,B1,2
25,5.88,1,25.0,12.26000000000002,17.76,21.200000000000003,18.243605946275583,11,B2,3
25,5.84,1,25.0,12.26000000000002,17.76,21.200000000000003,18.243605946275583,13,B2,3
30,5.066666666666666,1,30.0,22.786206896551732,17.285517241379313,22.634482758620692,20.267338824336647,12,C1,4
30,5.433333333333334,1,30.0,18.465000000000032,18.136666666666667,20.0,18.243605946275583,11,B1,2
11,6.181818181818182,1,11.0,3.3972727272727354,15.518181818181823,26.21818181818182,17.122413403193683,7,A2,1
24,6.875,1,24.0,-21.974999999999937,22.286666666666665,29.6,22.918633597333717,14,B2,3
24,5.75,1,24.0,13.275000000000034,17.37,22.933333333333337,19.287186520377343,13,B2,3
29,5.310344827586207,1,29.0,25.703448275862087,16.878620689655175,19.875862068965517,17.122413403193683,12,B2,3
15,4.8,1,15.0,61.890000000000015,8.353333333333339,11.333333333333336,11.20814326018867,5,A2,1
20,6.0,1,20.0,4.645000000000039,17.580000000000002,24.0,20.267338824336647,10,B2,3
17,5.117647058823529,1,17.0,35.309411764705914,12.55764705882353,16.211764705882356,14.554592549557764,8,B1,2
57,6.157894736842105,1,57.0,-25.24785714285713,30.692857142857147,35.971428571428575,28.03038370184959,24,B2,3
26,6.038461538461538,1,26.0,7.991153846153878,18.603846153846153,21.16923076923077,18.243605946275583,11,B2,3
13,5.461538461538462,1,13.0,37.455384615384645,11.264615384615386,14.430769230769233,14.554592549557764,5,B1,2
26,4.961538461538462,1,26.0,32.56400000000002,14.928,19.6,18.243605946275583,9,B2,3
42,5.642857142857143,1,42.0,-0.966428571428537,23.828095238095234,30.13333333333334,24.50423929779172,16,C1,4
20,5.3,1,20.0,21.565000000000026,15.220000000000002,16.0,14.554592549557764,6,B2,3
17,5.235294117647059,1,17.0,35.309411764705914,12.55764705882353,16.211764705882356,14.554592549557764,7,B1,2
19,4.7894736842105265,1,19.0,53.97105263157897,10.451578947368422,16.02105263157895,14.554592549557764,5,B2,3
25,5.52,1,25.0,-4.349999999999966,19.828333333333337,24.6,20.267338824336647,11,B2,3
20,5.85,1,20.0,-12.81842105263155,19.767368421052627,22.33684210526316,18.243605946275583,9,B2,3
43,5.6976744186046515,1,43.0,-13.052142857142854,25.513809523809524,31.08571428571429,25.254471183327073,20,B2,3
21,6.095238095238095,1,21.0,12.291428571428611,16.761904761904763,21.733333333333334,19.287186520377343,8,B2,3
21,4.809523809523809,1,21.0,56.6057142857143,10.580952380952379,14.114285714285714,13.023866798666859,6,B2,3
20,5.5,1,20.0,17.335000000000036,15.810000000000002,16.0,14.554592549557764,7,B1,2
40,5.125,1,40.0,10.196578947368437,21.277368421052632,24.673684210526318,20.267338824336647,13,B2,3
31,5.709677419354839,1,31.0,19.815161290322607,18.196774193548382,22.72258064516129,19.287186520377343,12,B1,2
16,5.625,1,16.0,42.545000000000016,11.3,16.400000000000002,14.554592549557764,5,B1,2
25,5.52,1,25.0,23.850000000000023,15.895,17.933333333333334,15.903189008614273,8,B1,2
15,5.866666666666666,1,15.0,-0.7464285714285381,16.84142857142857,19.885714285714286,15.903189008614273,7,B2,3
23,4.869565217391305,1,23.0,47.39434782608697,12.362608695652174,16.156521739130437,14.554592549557764,8,B1,2
20,5.95,1,20.0,17.335000000000036,15.810000000000002,16.0,15.903189008614273,6,C1,4
39,4.512820512820513,1,39.0,28.00710526315791,18.79315789473684,24.673684210526318,20.267338824336647,13,C1,4
17,4.764705882352941,1,17.0,55.21529411764709,9.781176470588235,13.858823529411765,13.023866798666859,5,B1,2
18,5.666666666666667,1,18.0,40.2858823529412,11.863529411764706,13.858823529411765,14.554592549557764,5,B2,3
12,5.166666666666667,1,12.0,39.55500000000001,10.723333333333333,11.466666666666669,11.20814326018867,6,B2,3
21,4.904761904761905,1,21.0,44.52000000000001,12.26666666666667,17.923809523809524,15.903189008614273,7,B2,3
27,5.2592592592592595,1,27.0,19.630000000000024,17.228888888888893,25.614814814814817,21.19438992294339,8,B2,3
48,4.770833333333333,1,48.0,22.822105263157923,24.236491228070175,28.4140350877193,19.287186520377343,11,B2,3
15,5.266666666666667,1,15.0,44.97000000000003,10.713333333333338,11.333333333333336,11.20814326018867,4,B2,3
17,6.294117647058823,1,17.0,0.47411764705884707,17.416470588235295,20.917647058823533,17.122413403193683,10,C1,4
35,5.542857142857143,1,35.0,3.1250000000000284,21.27,26.541176470588233,22.076135915942103,15,B2,3
65,4.876923076923077,1,65.0,-6.174999999999983,30.02,34.35,24.50423929779172,22,B2,3
36,5.472222222222222,1,36.0,10.589705882352973,20.228823529411766,25.36470588235294,21.19438992294339,15,B2,3
17,5.117647058823529,1,17.0,35.309411764705914,12.55764705882353,16.211764705882356,14.554592549557764,7,B2,3
38,4.2894736842105265,2,19.0,61.75000000000003,9.615000000000002,12.0,11.20814326018867,13,B2,3
54,4.888888888888889,1,54.0,1.398490566037765,26.23094339622642,31.01132075471698,23.72669961743115,18,B2,3
26,4.769230769230769,1,26.0,51.51500000000003,13.030000000000005,14.057142857142859,13.023866798666859,6,B2,3
70,6.6571428571428575,1,70.0,-58.79499999999996,38.849999999999994,43.42857142857143,34.4191,29,C1,4
61,4.475409836065574,1,61.0,5.011578947368463,26.720701754385967,29.11578947368421,20.267338824336647,16,C1,4
35,5.314285714285714,1,35.0,18.054411764705918,19.187647058823533,23.011764705882356,21.19438992294339,11,C1,4
38,4.868421052631579,2,19.0,61.2271153846154,9.563717948717951,10.876923076923077,11.20814326018867,4,B2,3
16,4.9375,1,16.0,47.83250000000001,10.562500000000004,16.400000000000002,14.554592549557764,7,B2,3
87,5.563218390804598,1,87.0,-45.807931034482735,41.261839080459765,42.61609195402299,26.683356303267143,26,C2,5
59,5.491525423728813,1,59.0,-13.64661016949151,29.820000000000004,33.76949152542373,25.98008509911553,22,C1,4
10,3.9,1,10.0,86.70500000000001,3.650000000000002,4.0,8.841846274778883,0,A2,1
22,5.2727272727272725,1,22.0,28.40571428571431,14.514285714285716,17.923809523809524,15.903189008614273,11,B2,3
24,4.666666666666667,1,24.0,35.94800000000001,14.456,16.400000000000002,14.554592549557764,5,B2,3
10,4.3,1,10.0,78.24500000000002,4.830000000000002,4.0,3.1291,2,A2,1
48,4.958333333333333,1,48.0,6.5400000000000205,24.271666666666665,28.36666666666667,22.076135915942103,14,C1,4
20,3.6,1,20.0,80.78500000000003,6.960000000000001,12.0,11.20814326018867,3,B2,3
13,4.230769230769231,1,13.0,89.51692307692309,4.003076923076925,8.276923076923078,8.841846274778883,2,A2,1
19,4.2631578947368425,1,19.0,67.32894736842107,8.588421052631581,9.705263157894738,11.20814326018867,3,A2,1
137,4.934306569343065,2,68.5,-7.064166666666637,31.01351851851852,33.81481481481482,23.326708150471678,30,C2,5
35,5.771428571428571,1,35.0,-1.8514705882352587,21.964117647058824,27.71764705882353,22.918633597333717,16,B2,3
19,5.157894736842105,1,19.0,36.1605263157895,12.935789473684213,16.02105263157895,14.554592549557764,7,B2,3
19,4.631578947368421,1,19.0,62.87631578947371,9.209473684210526,9.705263157894738,8.841846274778883,5,B1,2
47,5.829787234042553,1,47.0,2.530000000000001,24.582553191489364,29.012765957446813,22.918633597333717,20,B2,3
17,5.352941176470588,1,17.0,65.16823529411766,8.39294117647059,6.800000000000001,3.1291,3,A2,1
25,4.96,1,25.0,63.020000000000024,10.68,11.600000000000001,13.023866798666859,5,B1,2
34,4.4411764705882355,1,34.0,45.80972972972974,16.061621621621622,18.043243243243246,13.023866798666859,8,B2,3
34,6.264705882352941,1,34.0,-6.827941176470574,22.65823529411765,30.070588235294125,24.50423929779172,17,C1,4
44,4.886363636363637,1,44.0,21.815909090909116,21.147272727272725,26.690909090909088,21.19438992294339,12,B2,3
35,4.114285714285714,1,35.0,47.91323529411767,15.022941176470592,18.30588235294118,14.554592549557764,8,C1,4
26,4.076923076923077,1,26.0,69.64357142857145,10.501428571428573,12.62857142857143,8.841846274778883,5,B1,2
20,4.8,1,20.0,51.17500000000004,11.090000000000003,14.0,13.023866798666859,4,B2,3
42,5.476190476190476,1,42.0,13.133571428571457,21.861428571428572,23.46666666666667,19.287186520377343,13,B2,3
17,4.176470588235294,1,17.0,72.32500000000003,8.140000000000004,8.0,8.841846274778883,1,A2,1
13,4.0,1,13.0,74.805,5.806666666666668,8.133333333333335,8.841846274778883,2,A1,0
23,4.391304347826087,1,23.0,57.605000000000004,10.690000000000001,14.254545454545458,13.023866798666859,7,B2,3
49,5.73469387755102,1,49.0,-8.646938775510165,26.638367346938775,30.21224489795918,23.72669961743115,15,C1,4
24,4.208333333333333,1,24.0,59.636000000000024,11.152000000000001,14.8,13.023866798666859,5,B2,3
17,5.176470588235294,1,17.0,35.309411764705914,12.55764705882353,16.211764705882356,15.903189008614273,7,B1,2
20,5.1,1,20.0,42.71500000000003,12.270000000000003,14.0,13.023866798666859,7,A2,1
19,4.947368421052632,1,19.0,53.97105263157897,10.451578947368422,13.915789473684212,13.023866798666859,6,B1,2
29,6.620689655172414,1,29.0,-20.972413793103414,23.388965517241378,29.531034482758624,23.72669961743115,17,B2,3
19,5.2105263157894735,1,19.0,10.427058823529421,16.028235294117646,23.27058823529412,18.243605946275583,9,B2,3
13,5.153846153846154,1,13.0,69.99384615384618,6.726153846153846,5.2,3.1291,5,A2,1
21,3.6666666666666665,1,21.0,72.32500000000003,8.140000000000004,10.0,8.841846274778883,5,B2,3
24,5.375,1,24.0,20.325000000000017,16.386666666666667,22.933333333333337,19.287186520377343,11,B2,3
9,5.444444444444445,1,9.0,47.30000000000004,8.89777777777778,8.044444444444444,8.841846274778883,5,B1,2
24,5.416666666666667,1,24.0,30.900000000000034,14.911666666666669,16.26666666666667,14.554592549557764,8,A2,1
19,5.526315789473684,1,19.0,31.70789473684212,13.556842105263158,13.915789473684212,13.023866798666859,7,B1,2
15,5.466666666666667,1,15.0,16.77000000000001,14.646666666666672,24.666666666666668,18.243605946275583,7,B1,2
19,5.7894736842105265,1,19.0,31.70789473684212,13.556842105263158,20.231578947368423,17.122413403193683,7,B1,2
22,5.090909090909091,1,22.0,40.4914285714286,12.828571428571426,14.114285714285714,13.023866798666859,8,B1,2
12,4.666666666666667,1,12.0,57.23363636363638,8.009090909090911,8.036363636363637,8.841846274778883,5,B2,3
22,5.7727272727272725,1,22.0,30.686818181818182,14.444545454545459,16.072727272727274,14.554592549557764,7,B2,3
49,4.938775510204081,1,49.0,15.524489795918385,23.2669387755102,26.13061224489796,21.19438992294339,12,C1,4
25,4.96,1,25.0,42.71600000000004,13.512,16.400000000000002,14.554592549557764,8,B2,3
42,4.119047619047619,1,42.0,43.347857142857166,17.647142857142857,19.65714285714286,15.903189008614273,6,C1,4
28,4.857142857142857,1,28.0,42.4507142857143,14.294285714285717,15.485714285714288,15.903189008614273,7,C1,4
75,4.32,1,75.0,8.25472972972976,30.491621621621622,32.3027027027027,17.122413403193683,14,C1,4
56,4.196428571428571,1,56.0,23.095000000000013,23.950000000000006,25.25714285714286,15.903189008614273,12,C1,4
51,4.607843137254902,1,51.0,22.364117647058862,22.809803921568633,25.10588235294118,19.287186520377343,8,C1,4
19,4.894736842105263,1,19.0,49.518421052631595,11.07263157894737,18.126315789473683,15.903189008614273,4,B2,3
40,4.475,1,40.0,43.565000000000026,17.12,19.0,13.023866798666859,8,C1,4
26,4.576923076923077,1,26.0,43.78346153846158,13.611538461538462,18.092307692307692,15.903189008614273,8,C1,4
36,4.333333333333333,1,36.0,59.84500000000003,13.855555555555558,14.4,3.1291,5,C1,4
54,4.5,1,54.0,25.125000000000014,23.170000000000005,26.044444444444448,17.122413403193683,11,C1,4
15,4.2,1,15.0,65.72500000000001,7.570000000000004,8.457142857142857,8.841846274778883,3,B1,2
34,4.294117647058823,1,34.0,45.425000000000026,15.370000000000001,18.30588235294118,17.122413403193683,6,B2,3
82,4.487804878048781,2,41.0,44.57194444444448,17.103765432098765,20.644444444444446,15.903189008614273,15,C1,4
52,5.153846153846154,1,52.0,-0.5026923076922856,26.247692307692308,25.415384615384617,22.918633597333717,17,C1,4
31,4.419354838709677,1,31.0,58.021612903225815,12.867741935483874,16.270967741935486,14.554592549557764,5,B2,3
28,5.642857142857143,1,28.0,18.27928571428575,17.665714285714284,19.771428571428572,18.243605946275583,7,B2,3
31,4.290322580645161,1,31.0,52.74250000000002,13.852500000000003,14.05,14.554592549557764,3,B2,3
25,5.0,1,25.0,42.71600000000004,13.512,13.200000000000001,13.023866798666859,9,C1,4
61,4.229508196721311,1,61.0,31.195409836065608,24.06229508196721,27.022950819672133,14.554592549557764,9,C1,4
65,4.430769230769231,1,65.0,19.816923076923104,26.643076923076922,29.07692307692308,19.287186520377343,9,C2,5
69,4.246376811594203,1,69.0,25.226086956521755,26.88231884057971,29.339130434782607,15.903189008614273,7,C2,5
76,4.828947368421052,1,76.0,-8.336578947368395,33.30263157894737,36.71578947368421,25.98008509911553,16,C1,4
9,5.444444444444445,1,9.0,66.10000000000002,6.2755555555555596,8.044444444444444,8.841846274778883,2,C1,4
23,5.434782608695652,1,23.0,21.646521739130463,15.953913043478263,21.373913043478264,18.243605946275583,10,B2,3
29,6.551724137931035,1,29.0,8.200000000000017,19.320000000000004,24.01379310344828,20.267338824336647,14,C1,4
10,5.6,1,10.0,44.405,9.55,12.0,11.20814326018867,4,B2,3
23,5.086956521739131,1,23.0,47.39434782608697,12.362608695652174,14.417391304347825,13.023866798666859,7,B2,3
41,5.024390243902439,1,41.0,29.03463414634149,19.39512195121951,21.278048780487808,15.903189008614273,10,B2,3
38,5.7105263157894735,1,38.0,12.422894736842125,20.966842105263158,23.621052631578948,21.19438992294339,13,C1,4
42,4.690476190476191,1,42.0,26.971219512195177,19.682926829268293,26.15609756097561,21.19438992294339,10,B2,3
73,5.465753424657534,3,24.333333333333332,15.625000000000028,17.042222222222225,19.044444444444448,18.946978176291534,20,C2,5
33,5.03030303030303,1,33.0,37.46727272727276,16.231515151515154,19.260606060606065,15.903189008614273,10,B2,3
23,5.3478260869565215,1,23.0,36.35956521739132,13.901739130434787,12.678260869565218,11.20814326018867,5,B2,3
11,5.545454545454546,1,11.0,49.54272727272729,9.081818181818182,11.672727272727274,11.20814326018867,5,C1,4
10,6.6,1,10.0,19.025000000000006,13.09,16.0,13.023866798666859,4,B1,2
35,4.428571428571429,1,35.0,33.532857142857154,17.27714285714286,20.857142857142858,17.122413403193683,9,B2,3
57,5.280701754385965,1,57.0,2.0431578947368507,27.134736842105266,30.51929824561404,22.076135915942103,19,C1,4
42,5.4523809523809526,1,42.0,1.0478571428571684,23.547142857142862,28.228571428571428,24.50423929779172,13,C1,4
13,3.923076923076923,1,13.0,88.905,3.84,4.800000000000001,3.1291,3,A2,1
19,5.578947368421052,1,19.0,22.8026315789474,14.798947368421054,22.33684210526316,18.243605946275583,9,C1,4
30,4.7,1,30.0,39.523750000000035,15.696250000000003,17.8,17.122413403193683,9,B2,3
26,4.576923076923077,1,26.0,50.29115384615386,12.703846153846158,15.015384615384617,13.023866798666859,6,B2,3
19,4.631578947368421,1,19.0,71.06500000000001,7.818888888888889,11.644444444444446,11.20814326018867,4,B1,2
47,4.574468085106383,1,47.0,25.80000000000004,20.840000000000007,25.111111111111114,19.287186520377343,16,C1,4
57,4.964912280701754,1,57.0,-0.7049999999999841,28.26333333333334,32.66666666666667,23.72669961743115,19,C1,4
38,5.184210526315789,1,38.0,21.328157894736847,19.724736842105262,25.726315789473684,21.19438992294339,13,B2,3
14,4.928571428571429,1,14.0,47.59642857142859,10.098571428571429,8.457142857142857,8.841846274778883,5,B1,2
24,5.625,1,24.0,37.950000000000045,13.928333333333335,16.26666666666667,14.554592549557764,8,B2,3
18,4.833333333333333,1,18.0,56.965,9.785555555555558,13.866666666666669,13.023866798666859,4,B2,3
51,5.333333333333333,1,51.0,10.344897959183726,23.98938775510204,29.39591836734694,22.918633597333717,19,C1,4
30,5.533333333333333,1,30.0,19.815161290322607,18.196774193548382,21.43225806451613,18.243605946275583,12,B2,3
11,4.7272727272727275,1,11.0,41.8518181818182,10.154545454545456,11.672727272727274,11.20814326018867,4,A2,1
35,5.428571428571429,1,35.0,40.03090909090912,15.873939393939395,16.83636363636364,13.023866798666859,12,C1,4
14,6.642857142857143,1,14.0,-14.60615384615383,18.52615384615385,23.661538461538463,17.122413403193683,7,B2,3
13,5.384615384615385,1,13.0,37.455384615384645,11.264615384615386,14.430769230769233,13.023866798666859,4,A2,1
43,4.558139534883721,1,43.0,27.43651162790698,20.114883720930234,20.920930232558142,17.122413403193683,11,B2,3
19,5.315789473684211,1,19.0,36.1605263157895,12.935789473684213,18.126315789473683,15.903189008614273,9,B1,2
45,4.688888888888889,1,45.0,23.920000000000044,21.102222222222228,25.111111111111114,19.287186520377343,12,B2,3
31,4.806451612903226,1,31.0,28.948750000000018,17.171250000000004,22.8,19.287186520377343,11,C1,4
21,5.238095238095238,2,10.5,48.63550000000001,9.581,11.4,12.161744961471694,7,B2,3
61,5.60655737704918,1,61.0,-12.21271186440677,29.620000000000008,33.09152542372882,25.254471183327073,20,C1,4
38,5.815789473684211,1,38.0,-6.288461538461519,23.825128205128205,26.882051282051282,22.918633597333717,16,B2,3
51,5.980392156862745,1,51.0,-22.424117647058807,29.05686274509804,33.73333333333334,26.683356303267143,24,C1,4
56,5.232142857142857,2,28.0,23.5496052631579,17.05482456140351,19.82105263157895,17.122413403193683,22,C1,4
28,4.964285714285714,1,28.0,41.025000000000034,14.990000000000006,20.0,17.122413403193683,10,B2,3
37,5.513513513513513,1,37.0,-4.49297297297295,23.077837837837837,26.691891891891892,22.076135915942103,16,B2,3
20,6.4,1,20.0,-3.822857142857117,19.00952380952381,21.733333333333334,20.267338824336647,9,B2,3
11,5.636363636363637,1,11.0,25.455000000000013,12.690000000000001,14.8,13.023866798666859,4,A2,1
18,6.277777777777778,1,18.0,9.965000000000003,16.34111111111111,18.311111111111114,17.122413403193683,7,B2,3
59,5.169491525423729,1,59.0,-13.941896551724113,29.612758620689657,33.5448275862069,26.683356303267143,23,B2,3
33,5.696969696969697,1,33.0,4.140000000000015,20.88,26.53333333333334,22.076135915942103,12,C1,4
19,5.105263157894737,1,19.0,49.518421052631595,11.07263157894737,16.02105263157895,15.903189008614273,6,B1,2
13,5.153846153846154,1,13.0,50.470769230769264,9.44923076923077,11.353846153846156,13.023866798666859,4,B2,3
32,4.8125,1,32.0,31.59250000000003,16.8025,20.3,19.287186520377343,6,B2,3
52,4.711538461538462,1,52.0,19.04647058823531,23.27254901960784,26.67450980392157,20.267338824336647,14,C1,4
16,3.6875,1,16.0,90.13250000000001,4.662500000000001,6.4,3.1291,1,B2,3
27,5.962962962962963,1,27.0,-4.659999999999997,20.120000000000008,22.8,20.267338824336647,12,C1,4
49,4.73469387755102,1,49.0,25.801000000000016,22.081999999999997,23.200000000000003,14.554592549557764,17,C1,4
13,4.615384615384615,1,13.0,76.50153846153849,5.818461538461541,5.2,3.1291,4,A2,1
22,4.863636363636363,1,22.0,49.91409090909093,11.762727272727272,12.436363636363637,14.554592549557764,5,B2,3
23,4.260869565217392,1,23.0,51.07260869565218,11.849565217391305,12.678260869565218,11.20814326018867,5,B2,3
20,4.0,1,20.0,72.32500000000003,8.140000000000004,10.0,11.20814326018867,1,B2,3
12,6.25,1,12.0,18.405,13.673333333333336,14.8,14.554592549557764,6,C1,4
55,3.727272727272727,1,55.0,46.4136363636364,20.44909090909091,24.181818181818183,13.023866798666859,7,C1,4
23,5.0,1,23.0,49.91409090909093,11.762727272727272,16.072727272727274,14.554592549557764,8,B2,3
21,4.428571428571429,1,21.0,34.255000000000024,13.450000000000003,14.0,14.554592549557764,5,B2,3
19,4.684210526315789,1,19.0,55.21529411764709,9.781176470588235,9.15294117647059,8.841846274778883,6,C1,4
12,5.166666666666667,1,12.0,41.8518181818182,10.154545454545456,11.672727272727274,11.20814326018867,5,B2,3
37,5.108108108108108,1,37.0,25.23135135135138,18.93189189189189,21.28648648648649,18.243605946275583,10,C1,4
13,5.923076923076923,1,13.0,32.504999999999995,11.706666666666667,14.8,13.023866798666859,6,B2,3
29,4.172413793103448,1,29.0,72.66500000000002,10.080000000000002,12.62857142857143,8.841846274778883,4,C2,5
38,5.052631578947368,1,38.0,19.101842105263188,20.035263157894736,23.621052631578948,19.287186520377343,15,C1,4
12,5.5,1,12.0,53.655,8.756666666666668,11.466666666666669,13.023866798666859,3,B2,3
40,4.6,1,40.0,37.09615384615384,17.773846153846154,21.753846153846155,17.122413403193683,9,C1,4
30,4.933333333333334,1,30.0,43.84500000000003,14.596666666666668,20.0,18.243605946275583,8,C1,4
21,4.190476190476191,1,21.0,59.63500000000003,9.910000000000004,14.0,13.023866798666859,6,B2,3
28,4.821428571428571,1,28.0,54.09666666666669,12.421481481481482,13.762962962962963,11.20814326018867,9,C1,4
19,4.894736842105263,1,19.0,55.40500000000003,10.500000000000004,10.0,8.841846274778883,6,B2,3
27,4.592592592592593,1,27.0,57.23000000000002,11.984444444444446,12.281481481481482,11.20814326018867,6,B2,3
25,5.04,1,25.0,39.33200000000002,13.984000000000002,16.400000000000002,14.554592549557764,6,B1,2
23,4.565217391304348,1,23.0,48.54857142857145,11.704761904761906,16.019047619047623,14.554592549557764,6,B2,3
36,5.0,1,36.0,26.94500000000002,18.444444444444446,24.400000000000002,20.267338824336647,13,C1,4
27,4.851851851851852,1,27.0,47.83000000000001,13.29555555555556,18.20740740740741,15.903189008614273,8,C1,4
23,4.869565217391305,1,23.0,44.52000000000001,12.26666666666667,12.20952380952381,13.023866798666859,7,B2,3
9,5.777777777777778,1,9.0,8.365000000000009,14.080000000000002,18.2,13.023866798666859,4,B2,3
23,5.217391304347826,1,23.0,30.900000000000034,14.911666666666669,19.6,17.122413403193683,9,B2,3
42,5.309523809523809,1,42.0,-2.0751162790697606,24.23116279069767,28.362790697674416,24.50423929779172,15,C1,4
31,5.161290322580645,1,31.0,27.212727272727278,17.66181818181818,19.260606060606065,17.122413403193683,10,C1,4
17,5.294117647058823,1,17.0,36.1605263157895,12.935789473684213,13.915789473684212,13.023866798666859,5,B2,3
20,5.5,1,20.0,30.686818181818182,14.444545454545459,19.70909090909091,17.122413403193683,8,B1,2
22,4.636363636363637,1,22.0,49.91409090909093,11.762727272727272,14.254545454545458,13.023866798666859,6,B1,2
18,5.555555555555555,1,18.0,22.8026315789474,14.798947368421054,18.126315789473683,17.122413403193683,6,B2,3
24,4.541666666666667,1,24.0,59.636000000000024,11.152000000000001,11.600000000000001,8.841846274778883,5,B2,3
22,5.136363636363637,1,22.0,30.686818181818182,14.444545454545459,16.072727272727274,14.554592549557764,8,B2,3
13,6.230769230769231,1,13.0,28.05000000000001,13.073333333333338,16.666666666666668,14.554592549557764,6,B2,3
32,6.09375,1,32.0,0.6367647058823991,21.617058823529415,24.188235294117646,20.267338824336647,18,B2,3
22,4.681818181818182,1,22.0,52.05000000000001,11.96166666666667,12.933333333333335,13.023866798666859,6,B2,3
23,5.043478260869565,1,23.0,40.03782608695653,13.388695652173912,16.156521739130437,14.554592549557764,8,B2,3
17,5.764705882352941,1,17.0,30.332941176470626,13.251764705882355,18.56470588235294,15.903189008614273,8,B2,3
23,4.695652173913044,2,11.5,62.17150000000001,7.693000000000001,8.200000000000001,8.841846274778883,9,B2,3
14,5.642857142857143,1,14.0,16.107500000000016,14.9875,21.400000000000002,17.122413403193683,8,C1,4
21,5.380952380952381,1,21.0,26.84136363636364,14.98090909090909,16.072727272727274,14.554592549557764,8,B2,3
29,5.586206896551724,1,29.0,-4.09499999999997,21.283333333333335,25.333333333333336,21.19438992294339,15,B2,3
8,5.625,1,8.0,54.70142857142861,7.368571428571428,2.8000000000000003,3.1291,4,B2,3
26,5.153846153846154,1,26.0,41.56333333333336,14.169629629629632,18.20740740740741,15.903189008614273,11,B2,3
10,4.9,1,10.0,69.78500000000001,6.010000000000002,12.0,11.20814326018867,3,B1,2
19,4.894736842105263,1,19.0,36.1605263157895,12.935789473684213,16.02105263157895,14.554592549557764,8,B2,3
23,5.130434782608695,1,23.0,32.681304347826114,14.414782608695656,17.895652173913046,15.903189008614273,7,C1,4
28,4.892857142857143,1,28.0,34.45517241379312,15.657931034482761,18.49655172413793,17.122413403193683,6,C1,4
19,5.842105263157895,1,19.0,-23.965714285714256,21.81904761904762,21.733333333333334,18.243605946275583,13,C1,4
25,4.72,1,25.0,43.78346153846158,13.611538461538462,13.476923076923079,11.20814326018867,9,B2,3
29,5.0344827586206895,1,29.0,12.236428571428604,18.508571428571432,21.200000000000003,19.287186520377343,10,B2,3
9,5.555555555555555,1,9.0,37.900000000000034,10.208888888888893,16.933333333333334,13.023866798666859,3,A2,1
16,5.5625,1,16.0,30.332941176470626,13.251764705882355,18.56470588235294,15.903189008614273,7,B2,3
33,5.0,1,33.0,18.054411764705918,19.187647058823533,24.188235294117646,20.267338824336647,13,C1,4
34,6.117647058823529,1,34.0,3.1250000000000284,21.27,25.36470588235294,21.19438992294339,18,B2,3
26,5.538461538461538,1,26.0,18.27928571428575,17.665714285714284,21.200000000000003,19.287186520377343,11,B2,3
21,5.571428571428571,1,21.0,32.681304347826114,14.414782608695656,16.156521739130437,15.903189008614273,9,C1,4
11,5.909090909090909,1,11.0,32.504999999999995,11.706666666666667,14.8,13.023866798666859,4,B2,3
42,4.595238095238095,1,42.0,31.42954545454549,19.80636363636364,23.05454545454546,17.122413403193683,7,B2,3
45,5.911111111111111,1,45.0,-7.024999999999977,25.170000000000005,27.6,22.918633597333717,19,C1,4
35,5.542857142857143,1,35.0,24.649090909090916,18.01939393939394,21.684848484848487,18.243605946275583,11,C2,5
19,5.368421052631579,1,19.0,36.1605263157895,12.935789473684213,18.126315789473683,15.903189008614273,7,B2,3
43,5.209302325581396,1,43.0,19.89318181818183,21.415454545454548,26.690909090909088,21.19438992294339,13,B2,3
36,4.638888888888889,1,36.0,36.34500000000003,17.133333333333336,19.955555555555556,15.903189008614273,9,B2,3
13,4.3076923076923075,1,13.0,83.0092307692308,4.91076923076923,11.353846153846156,11.20814326018867,2,A2,1
37,4.837837837837838,1,37.0,12.422894736842125,20.966842105263158,24.673684210526318,20.267338824336647,13,B2,3
26,4.346153846153846,1,26.0,63.306538461538494,10.888461538461542,16.553846153846155,14.554592549557764,6,B2,3
25,5.8,1,25.0,-0.8249999999999602,19.336666666666662,22.933333333333337,19.287186520377343,9,B2,3
11,4.818181818181818,1,11.0,52.86500000000001,8.370000000000001,16.0,13.023866798666859,3,B2,3
42,5.5476190476190474,1,42.0,10.463902439024423,21.98536585365854,22.253658536585366,17.122413403193683,12,C1,4
26,5.6923076923076925,1,26.0,7.991153846153878,18.603846153846153,19.630769230769232,17.122413403193683,7,B2,3
33,4.393939393939394,1,33.0,52.84909090909092,14.08606060606061,16.83636363636364,13.023866798666859,6,B2,3
6,3.3333333333333335,1,6.0,102.045,0.5166666666666693,2.4000000000000004,3.1291,0,A1,0
21,6.571428571428571,1,21.0,-19.937142857142817,21.257142857142856,23.63809523809524,19.287186520377343,9,B2,3
16,5.1875,1,16.0,33.690000000000026,12.286666666666669,16.666666666666668,14.554592549557764,5,C1,4
41,4.829268292682927,1,41.0,35.22487804878051,18.531707317073174,20.302439024390246,14.554592549557764,10,B2,3
18,5.777777777777778,1,18.0,9.965000000000003,16.34111111111111,20.533333333333335,17.122413403193683,6,B2,3
9,3.7777777777777777,1,9.0,94.30000000000001,2.342222222222226,8.044444444444444,8.841846274778883,1,B1,2
29,4.379310344827586,1,29.0,54.5364285714286,12.608571428571427,15.485714285714288,13.023866798666859,6,B2,3
32,4.8125,1,32.0,39.523750000000035,15.696250000000003,15.3,13.023866798666859,8,C2,5
40,4.95,1,40.0,22.41500000000002,20.070000000000004,26.0,21.19438992294339,13,C2,5
23,5.217391304347826,1,23.0,21.646521739130463,15.953913043478263,23.11304347826087,19.287186520377343,10,C1,4
14,4.071428571428571,1,14.0,65.72500000000001,7.570000000000004,8.457142857142857,11.20814326018867,2,C1,4
11,5.2727272727272725,1,11.0,26.470000000000027,12.3,11.672727272727274,11.20814326018867,2,B1,2
14,5.857142857142857,1,14.0,23.42500000000001,13.470000000000002,14.171428571428573,13.023866798666859,5,B2,3
17,4.9411764705882355,1,17.0,55.21529411764709,9.781176470588235,11.505882352941178,11.20814326018867,7,C1,4
30,4.733333333333333,1,30.0,35.38500000000002,15.776666666666667,18.666666666666668,15.903189008614273,9,C1,4
20,5.1,1,20.0,38.48500000000004,12.860000000000003,16.0,14.554592549557764,6,C1,4
9,6.111111111111111,1,9.0,28.50000000000003,11.520000000000003,12.488888888888889,11.20814326018867,3,C1,4
8,5.625,1,8.0,8.365000000000009,14.080000000000002,18.2,13.023866798666859,3,B2,3
7,4.714285714285714,1,7.0,54.70142857142861,7.368571428571428,8.514285714285714,8.841846274778883,2,A2,1
38,4.2631578947368425,1,38.0,50.270263157894775,15.687894736842104,17.30526315789474,11.20814326018867,8,C1,4
23,4.782608695652174,1,23.0,49.91409090909093,11.762727272727272,16.072727272727274,14.554592549557764,8,B2,3
16,5.0,1,16.0,53.120000000000005,9.825,8.9,8.841846274778883,3,B2,3
14,5.857142857142857,1,14.0,5.296428571428578,15.99857142857143,17.02857142857143,15.903189008614273,7,C1,4
27,4.407407407407407,1,27.0,60.363333333333344,11.547407407407409,12.281481481481482,8.841846274778883,4,C1,4
26,5.269230769230769,1,26.0,25.79600000000002,15.872000000000003,19.6,17.122413403193683,11,C1,4
15,4.733333333333333,1,15.0,61.890000000000015,8.353333333333339,14.0,13.023866798666859,5,B2,3
29,4.896551724137931,1,29.0,46.12413793103451,14.030344827586209,17.117241379310343,15.903189008614273,8,C2,5
31,5.709677419354839,1,31.0,4.3650000000000375,20.103333333333335,20.0,17.122413403193683,8,C1,4
27,4.666666666666667,1,27.0,32.163333333333355,15.480740740740742,18.20740740740741,15.903189008614273,6,B2,3
10,4.0,1,10.0,95.165,2.4700000000000024,8.0,8.841846274778883,1,A2,1
24,4.291666666666667,1,24.0,73.1421739130435,8.771304347826089,10.93913043478261,8.841846274778883,4,B2,3
33,5.2727272727272725,1,33.0,26.305000000000035,17.540000000000003,19.05,15.903189008614273,11,C1,4
17,5.823529411764706,1,17.0,45.26235294117649,11.169411764705881,11.505882352941178,13.023866798666859,5,B2,3
14,4.928571428571429,1,14.0,71.76785714285715,6.727142857142859,11.314285714285715,11.20814326018867,4,B1,2
37,5.594594594594595,1,37.0,25.23135135135138,18.93189189189189,21.28648648648649,17.122413403193683,14,B2,3
26,5.769230769230769,1,26.0,17.752692307692342,17.242307692307694,19.630769230769232,18.243605946275583,10,B1,2
21,5.142857142857143,1,21.0,45.06578947368425,11.693684210526317,13.915789473684212,13.023866798666859,9,B2,3
33,4.878787878787879,1,33.0,40.03090909090912,15.873939393939395,18.04848484848485,14.554592549557764,7,B2,3
25,4.52,1,25.0,59.636000000000024,11.152000000000001,13.200000000000001,13.023866798666859,6,B1,2
4,6.5,1,4.0,54.72500000000002,6.620000000000001,11.600000000000001,8.841846274778883,1,A2,1
27,5.814814814814815,1,27.0,16.496666666666698,17.665925925925922,21.17037037037037,18.243605946275583,11,C1,4
19,4.315789473684211,1,19.0,58.42368421052632,9.830526315789477,11.810526315789474,11.20814326018867,5,B1,2
19,5.526315789473684,1,19.0,36.1605263157895,12.935789473684213,13.915789473684212,13.023866798666859,8,B1,2
22,4.909090909090909,1,22.0,56.6057142857143,10.580952380952379,14.114285714285714,13.023866798666859,7,B1,2
25,4.88,1,25.0,59.636000000000024,11.152000000000001,10.0,8.841846274778883,8,B1,2
22,3.590909090909091,1,22.0,65.29590909090909,9.61727272727273,14.254545454545458,13.023866798666859,3,B1,2
32,4.84375,1,32.0,50.40147058823533,14.675882352941176,18.30588235294118,14.554592549557764,7,B2,3
30,4.233333333333333,1,30.0,57.793103448275886,12.402758620689657,15.73793103448276,13.023866798666859,6,B2,3
43,4.488372093023256,1,43.0,43.1760465116279,17.91953488372093,20.920930232558142,14.554592549557764,7,C1,4
29,5.068965517241379,1,29.0,33.38642857142861,15.55857142857143,21.200000000000003,18.243605946275583,9,C1,4
24,4.25,1,24.0,76.82043478260871,8.25826086956522,12.678260869565218,11.20814326018867,3,B2,3
13,4.769230769230769,1,13.0,69.99384615384618,6.726153846153846,8.276923076923078,8.841846274778883,2,A2,1
35,4.485714285714286,1,35.0,42.93676470588238,15.71705882352941,17.129411764705885,14.554592549557764,7,B2,3
16,5.125,1,16.0,31.97,12.775000000000002,13.9,13.023866798666859,6,B2,3
18,5.5,1,18.0,30.332941176470626,13.251764705882355,18.56470588235294,15.903189008614273,6,B1,2
28,4.892857142857143,1,28.0,45.4721428571429,13.872857142857146,16.914285714285715,14.554592549557764,9,B2,3
28,5.214285714285714,1,28.0,18.27928571428575,17.665714285714284,19.771428571428572,17.122413403193683,8,B2,3
37,5.324324324324325,1,37.0,13.798918918918929,20.526486486486494,22.36756756756757,18.243605946275583,12,B2,3
14,5.642857142857143,1,14.0,23.42500000000001,13.470000000000002,17.02857142857143,14.554592549557764,7,B1,2
36,6.166666666666667,1,36.0,-2.724285714285685,22.334285714285716,26.571428571428573,22.076135915942103,20,B2,3
58,4.913793103448276,3,19.333333333333332,45.535000000000025,11.876666666666669,14.66666666666667,13.5591,19,C1,4
28,5.285714285714286,1,28.0,22.786206896551732,17.285517241379313,22.634482758620692,19.287186520377343,13,B2,3
36,5.75,1,36.0,-10.654999999999973,23.688888888888894,25.511111111111113,22.076135915942103,16,C1,4
32,6.6875,1,32.0,-29.213749999999976,25.28375,29.05,24.50423929779172,15,C1,4
36,4.972222222222222,1,36.0,15.195000000000022,20.083333333333332,24.400000000000002,20.267338824336647,15,B2,3
44,5.7727272727272725,1,44.0,-17.814651162790682,26.42651162790698,29.293023255813956,23.72669961743115,21,B2,3
32,4.75,1,32.0,34.23625000000004,16.433750000000007,19.05,15.903189008614273,9,B2,3
13,6.3076923076923075,1,13.0,4.916923076923098,15.803076923076926,23.661538461538463,17.122413403193683,9,B1,2
46,6.413043478260869,1,46.0,-27.44630434782607,28.51521739130435,31.443478260869565,25.254471183327073,21,C1,4
26,6.346153846153846,1,26.0,-14.811999999999955,21.536000000000005,24.400000000000002,20.267338824336647,11,B2,3
44,5.454545454545454,1,44.0,-3.9799999999999613,24.000000000000004,26.15609756097561,22.918633597333717,15,B2,3
49,5.612244897959184,1,49.0,-19.069999999999965,27.595319148936174,31.56595744680851,25.254471183327073,20,C1,4
22,4.7272727272727275,1,22.0,26.84136363636364,14.98090909090909,19.70909090909091,17.122413403193683,8,B1,2
20,4.85,1,20.0,49.518421052631595,11.07263157894737,11.810526315789474,11.20814326018867,7,B2,3
29,5.379310344827586,1,29.0,28.62068965517244,16.471724137931037,19.875862068965517,18.243605946275583,9,C1,4
41,5.804878048780488,1,41.0,-12.066578947368413,24.38263157894737,26.778947368421054,22.076135915942103,17,C2,5
29,4.586206896551724,1,29.0,40.2896551724138,14.844137931034485,19.875862068965517,17.122413403193683,10,B2,3
15,5.8,1,15.0,33.690000000000026,12.286666666666669,11.333333333333336,11.20814326018867,10,B2,3
16,5.5,1,16.0,31.97,12.775000000000002,18.900000000000002,15.903189008614273,7,B2,3
26,4.615384615384615,1,26.0,41.56333333333336,14.169629629629632,18.20740740740741,15.903189008614273,9,B2,3
10,4.9,1,10.0,52.86500000000001,8.370000000000001,12.0,11.20814326018867,4,B1,2
30,6.4,1,30.0,-12.220689655172379,22.168275862068963,26.77241379310345,22.076135915942103,16,B2,3
25,5.36,1,25.0,30.900000000000034,14.911666666666669,16.26666666666667,14.554592549557764,9,C1,4
28,5.321428571428571,1,28.0,11.245000000000033,18.150000000000002,24.246153846153845,20.267338824336647,12,C1,4
40,5.425,1,40.0,17.57307692307694,20.49692307692308,25.856410256410257,22.076135915942103,13,C1,4
28,5.357142857142857,1,28.0,22.76333333333335,16.791851851851856,22.651851851851855,19.287186520377343,9,C1,4
65,5.492307692307692,1,65.0,-15.428124999999994,31.310625000000005,37.475,28.03038370184959,21,C2,5
26,6.1923076923076925,2,13.0,-2.124499999999955,16.661000000000005,21.0,15.903189008614273,14,B2,3
16,7.1875,1,16.0,-5.789999999999992,17.793333333333333,24.666666666666668,18.243605946275583,10,C1,4
32,5.625,1,32.0,11.62806451612903,19.338709677419356,24.012903225806454,20.267338824336647,14,C1,4
40,4.3,1,40.0,45.68000000000002,16.825000000000006,20.0,15.903189008614273,7,B2,3
15,5.4,1,15.0,22.410000000000025,13.860000000000003,19.333333333333336,17.122413403193683,7,B2,3
21,5.666666666666667,1,21.0,17.335000000000036,15.810000000000002,22.0,18.243605946275583,9,B2,3
32,4.34375,1,32.0,52.74250000000002,13.852500000000003,15.3,11.20814326018867,8,B2,3
29,6.482758620689655,1,29.0,-8.569999999999993,21.16222222222223,25.614814814814817,21.19438992294339,13,C1,4
20,4.85,1,20.0,59.63500000000003,9.910000000000004,12.0,11.20814326018867,7,B1,2
18,5.055555555555555,1,18.0,30.332941176470626,13.251764705882355,18.56470588235294,15.903189008614273,9,C1,4
22,5.045454545454546,1,22.0,38.37772727272727,13.371818181818181,19.70909090909091,17.122413403193683,7,C1,4
11,4.181818181818182,1,11.0,87.99727272727276,3.7181818181818187,8.036363636363637,8.841846274778883,1,A2,1
13,3.3076923076923075,1,13.0,96.02461538461542,3.0953846153846136,5.2,3.1291,1,A2,1
13,3.4615384615384617,1,13.0,96.02461538461542,3.0953846153846136,5.2,3.1291,1,A2,1
11,4.545454545454546,1,11.0,86.70500000000001,3.650000000000002,4.0,3.1291,2,A2,1
11,3.090909090909091,1,11.0,103.37909090909093,1.572727272727274,4.4,3.1291,1,A2,1
16,3.5,1,16.0,79.5575,6.137499999999999,6.4,8.841846274778883,2,A2,1
19,3.6315789473684212,1,19.0,71.78157894736843,7.967368421052633,7.6000000000000005,8.841846274778883,0,A2,1
6,4.5,1,6.0,73.84500000000001,4.450000000000003,2.4000000000000004,3.1291,1,A2,1
16,4.25,1,16.0,84.845,5.400000000000002,6.4,3.1291,3,A2,1
13,3.769230769230769,1,13.0,76.50153846153849,5.818461538461541,8.276923076923078,8.841846274778883,2,A2,1
10,4.5,1,10.0,69.78500000000001,6.010000000000002,12.0,11.20814326018867,2,A2,1
8,3.875,1,8.0,82.39000000000001,3.7550000000000026,8.200000000000001,8.841846274778883,2,A1,0
15,4.466666666666667,1,15.0,78.81000000000003,5.993333333333336,6.0,3.1291,3,A2,1
13,3.923076923076923,1,13.0,95.955,2.8566666666666656,4.800000000000001,3.1291,2,A1,0
17,3.411764705882353,1,17.0,90.05058823529413,4.92235294117647,6.800000000000001,3.1291,0,A1,0
18,4.555555555555555,1,18.0,66.36500000000001,8.474444444444444,11.644444444444446,11.20814326018867,4,A2,1
10,4.5,1,10.0,69.78500000000001,6.010000000000002,4.0,3.1291,3,A2,1
14,3.5,1,14.0,95.93928571428573,3.355714285714285,5.6000000000000005,3.1291,2,A2,1
14,3.7857142857142856,1,14.0,83.85357142857143,5.041428571428572,5.6000000000000005,3.1291,2,A2,1
9,3.6666666666666665,1,9.0,94.30000000000001,2.342222222222226,3.6,3.1291,1,A1,0
14,4.428571428571429,1,14.0,83.85357142857143,5.041428571428572,5.6000000000000005,3.1291,2,B1,2
8,4.25,1,8.0,61.24000000000001,6.705000000000002,3.2,3.1291,3,A2,1
11,3.5454545454545454,1,11.0,111.07000000000002,0.5,4.4,3.1291,0,A2,1
10,3.7,1,10.0,103.625,1.2900000000000027,4.0,3.1291,0,A2,1
11,3.909090909090909,1,11.0,87.99727272727276,3.7181818181818187,4.4,3.1291,1,A2,1
9,4.444444444444445,1,9.0,84.90000000000003,3.653333333333336,3.6,3.1291,3,A1,0
15,4.466666666666667,1,15.0,67.53000000000003,7.566666666666666,11.333333333333336,11.20814326018867,4,A2,1
6,4.166666666666667,1,6.0,73.84500000000001,4.450000000000003,2.4000000000000004,8.841846274778883,0,A1,0
7,4.428571428571429,1,7.0,66.7871428571429,5.682857142857145,2.8000000000000003,3.1291,2,A1,0
11,4.454545454545454,1,11.0,57.23363636363638,8.009090909090911,11.672727272727274,11.20814326018867,3,A2,1
13,3.4615384615384617,1,13.0,83.0092307692308,4.91076923076923,8.276923076923078,8.841846274778883,2,A2,1
18,3.8333333333333335,1,18.0,75.76500000000001,7.163333333333334,9.422222222222222,8.841846274778883,4,A2,1
8,4.0,1,8.0,92.965,2.280000000000001,3.2,3.1291,1,A2,1
9,4.333333333333333,1,9.0,66.10000000000002,6.2755555555555596,12.488888888888889,11.20814326018867,2,A1,0
9,4.0,1,9.0,75.50000000000003,4.964444444444446,8.044444444444444,8.841846274778883,2,A2,1
16,3.75,1,16.0,95.42,3.9250000000000007,6.4,3.1291,0,B1,2
10,5.0,1,10.0,61.32500000000002,7.190000000000001,8.0,8.841846274778883,3,A2,1
14,3.857142857142857,1,14.0,96.02461538461542,3.0953846153846136,5.2,3.1291,2,A2,1
14,3.2857142857142856,1,14.0,95.93928571428573,3.355714285714285,5.6000000000000005,3.1291,1,A2,1
32,4.25,1,32.0,65.96125000000002,12.008750000000003,15.3,11.20814326018867,4,B2,3
4,3.75,1,4.0,97.025,0.7199999999999989,1.6,3.1291,0,A2,1
10,2.7,1,10.0,103.70000000000002,1.0311111111111124,3.6,3.1291,0,A2,1
6,4.166666666666667,1,6.0,66.40000000000003,5.240000000000002,2.0,3.1291,0,A1,0
5,4.2,1,5.0,100.24000000000002,0.5199999999999996,2.0,3.1291,1,A2,1
11,3.5454545454545454,1,11.0,95.68818181818183,2.645454545454548,4.4,3.1291,1,A2,1
4,5.5,1,4.0,75.87500000000001,3.6700000000000017,1.6,8.841846274778883,0,A1,0
6,4.166666666666667,1,6.0,73.84500000000001,4.450000000000003,9.066666666666668,8.841846274778883,1,A2,1
16,3.625,1,16.0,90.13250000000001,4.662500000000001,6.4,3.1291,0,B1,2
3,5.333333333333333,1,3.0,62.79000000000002,5.246666666666666,1.2000000000000002,3.1291,0,A1,0
4,3.25,1,4.0,118.17500000000001,-2.2299999999999986,1.6,3.1291,0,A1,0
3,3.3333333333333335,1,3.0,120.20500000000001,-3.01,0.8,3.1291,0,A1,0
5,3.8,1,5.0,83.32000000000004,2.879999999999999,2.0,3.1291,2,A2,1
10,4.1,1,10.0,95.165,2.4700000000000024,4.0,3.1291,0,A2,1
2,4.5,1,2.0,120.20500000000001,-3.01,0.8,3.1291,0,A1,0
10,2.6,1,10.0,112.08500000000001,0.11000000000000121,4.0,3.1291,0,A2,1
10,3.7,1,10.0,94.30000000000001,2.342222222222226,3.6,3.1291,2,A2,1
4,4.0,1,4.0,75.87500000000001,3.6700000000000017,1.6,3.1291,2,A2,1
4,2.0,1,4.0,119.19000000000003,-2.619999999999999,1.2000000000000002,3.1291,0,A1,0
6,2.1666666666666665,1,6.0,117.16000000000003,-1.8399999999999999,2.0,3.1291,0,A1,0
4,2.5,1,4.0,118.17500000000001,-2.2299999999999986,1.6,3.1291,0,A1,0
11,4.181818181818182,1,11.0,88.905,3.84,4.800000000000001,3.1291,2,A2,1
4,3.25,1,4.0,75.87500000000001,3.6700000000000017,1.6,3.1291,2,A1,0
4,4.75,1,4.0,97.025,0.7199999999999989,1.6,3.1291,0,A2,1
6,3.8333333333333335,1,6.0,102.045,0.5166666666666693,2.4000000000000004,3.1291,0,A2,1
4,3.25,1,4.0,118.17500000000001,-2.2299999999999986,1.6,3.1291,0,A1,0
7,3.2857142857142856,1,7.0,90.95857142857145,2.3114285714285714,2.8000000000000003,3.1291,0,A2,1
4,4.0,1,4.0,90.99000000000004,1.3133333333333361,1.2000000000000002,3.1291,0,A1,0
3,3.0,1,3.0,119.19000000000003,-2.619999999999999,1.2000000000000002,3.1291,0,A1,0
12,3.3333333333333335,1,12.0,87.99727272727276,3.7181818181818187,4.4,3.1291,1,A2,1
4,3.75,1,4.0,90.99000000000004,1.3133333333333361,1.2000000000000002,3.1291,0,A1,0
12,3.5833333333333335,1,12.0,86.70500000000001,3.650000000000002,4.0,3.1291,2,A2,1
11,3.272727272727273,1,11.0,111.07000000000002,0.5,4.4,3.1291,0,B1,2
12,4.916666666666667,1,12.0,76.50153846153849,5.818461538461541,5.2,3.1291,3,A2,1
18,4.388888888888889,1,18.0,71.06500000000001,7.818888888888889,9.422222222222222,11.20814326018867,2,A2,1
29,3.689655172413793,1,29.0,66.5448275862069,11.182068965517242,11.600000000000001,3.1291,2,B1,2
12,4.916666666666667,1,12.0,53.655,8.756666666666668,11.466666666666669,11.20814326018867,5,A2,1
18,4.277777777777778,1,18.0,75.76500000000001,7.163333333333334,11.644444444444446,11.20814326018867,3,A2,1
30,3.6666666666666665,1,30.0,88.96500000000002,8.303333333333338,12.0,3.1291,0,B1,2
12,3.75,1,12.0,74.805,5.806666666666668,8.133333333333335,8.841846274778883,2,A2,1
18,3.888888888888889,1,18.0,85.16499999999999,5.852222222222224,7.2,3.1291,0,A2,1
12,4.333333333333333,1,12.0,67.75500000000001,6.790000000000003,8.133333333333335,8.841846274778883,3,A1,0
15,3.7333333333333334,1,15.0,90.09000000000002,4.420000000000002,6.0,3.1291,0,A1,0
15,4.0,1,15.0,84.45000000000003,5.206666666666667,8.666666666666668,8.841846274778883,3,A2,1
13,3.769230769230769,1,13.0,89.51692307692309,4.003076923076925,5.2,3.1291,2,A2,1
17,3.588235294117647,1,17.0,90.13250000000001,4.662500000000001,6.4,3.1291,1,A2,1
18,3.5,1,18.0,90.05058823529413,4.92235294117647,6.800000000000001,3.1291,2,A2,1
20,3.55,1,20.0,80.78500000000003,6.960000000000001,10.0,8.841846274778883,2,A2,1
15,5.2,1,15.0,56.25000000000003,9.140000000000004,8.666666666666668,8.841846274778883,4,A2,1
16,3.6875,1,16.0,74.27000000000001,6.8750000000000036,8.9,8.841846274778883,2,A2,1
12,4.0,1,12.0,81.85500000000002,4.823333333333334,8.133333333333335,8.841846274778883,1,A2,1
31,4.967741935483871,1,31.0,38.20500000000004,15.383333333333336,16.0,13.023866798666859,9,B1,2
30,3.4,1,30.0,80.50500000000002,9.483333333333334,12.0,3.1291,2,A2,1
17,3.4705882352941178,1,17.0,85.07411764705884,5.616470588235295,6.800000000000001,3.1291,1,B1,2
13,4.0,1,13.0,76.50153846153849,5.818461538461541,8.276923076923078,8.841846274778883,3,A2,1
11,4.2727272727272725,1,11.0,80.30636363636367,4.790909090909089,4.4,8.841846274778883,1,A2,1
27,4.074074074074074,1,27.0,69.76333333333335,10.236296296296299,10.8,8.841846274778883,3,B1,2
17,3.411764705882353,1,17.0,85.07411764705884,5.616470588235295,6.800000000000001,3.1291,1,A2,1
14,3.642857142857143,1,14.0,89.89642857142859,4.19857142857143,5.6000000000000005,3.1291,0,A2,1
15,3.466666666666667,1,15.0,90.09000000000002,4.420000000000002,6.0,3.1291,0,A1,0
18,3.8333333333333335,1,18.0,75.76500000000001,7.163333333333334,7.2,3.1291,3,A2,1
13,4.3076923076923075,1,13.0,76.50153846153849,5.818461538461541,5.2,8.841846274778883,1,A2,1
13,3.769230769230769,1,13.0,69.99384615384618,6.726153846153846,11.353846153846156,11.20814326018867,4,A2,1
10,4.2,1,10.0,78.24500000000002,4.830000000000002,4.0,3.1291,2,A2,1
15,3.466666666666667,1,15.0,90.09000000000002,4.420000000000002,8.666666666666668,8.841846274778883,1,A2,1
18,3.5555555555555554,1,18.0,85.07411764705884,5.616470588235295,6.800000000000001,3.1291,2,A2,1
47,3.6382978723404253,1,47.0,54.730000000000004,17.301702127659578,18.8,8.841846274778883,1,B1,2
13,3.8461538461538463,1,13.0,102.53230769230771,2.187692307692309,5.2,3.1291,0,A1,0
10,3.9,1,10.0,78.24500000000002,4.830000000000002,8.0,8.841846274778883,2,A2,1
20,3.55,1,20.0,80.78500000000003,6.960000000000001,10.0,8.841846274778883,3,A2,1
34,3.9705882352941178,1,34.0,57.86617647058826,13.634705882352943,14.776470588235293,8.841846274778883,6,B1,2
15,4.8,1,15.0,78.81000000000003,5.993333333333336,6.0,3.1291,2,A2,1
12,3.8333333333333335,1,12.0,88.905,3.84,4.800000000000001,3.1291,1,A2,1
4,3.5,1,4.0,97.025,0.7199999999999989,1.6,3.1291,0,A1,0
7,3.5714285714285716,1,7.0,115.13000000000002,-1.0599999999999987,2.8000000000000003,3.1291,0,A1,0
10,4.3,1,10.0,66.10000000000002,6.2755555555555596,3.6,8.841846274778883,2,A2,1
5,3.4,1,5.0,100.24000000000002,0.5199999999999996,2.0,3.1291,1,A1,0
9,4.111111111111111,1,9.0,82.39000000000001,3.7550000000000026,8.200000000000001,8.841846274778883,2,A2,1
8,2.75,1,8.0,102.045,0.5166666666666693,2.4000000000000004,3.1291,0,A1,0
10,3.7,1,10.0,78.24500000000002,4.830000000000002,8.0,8.841846274778883,3,A2,1
10,2.9,1,10.0,103.54,0.8049999999999997,3.2,3.1291,1,A2,1
9,3.3333333333333335,1,9.0,75.50000000000003,4.964444444444446,8.044444444444444,8.841846274778883,1,A2,1
10,3.2,1,10.0,103.70000000000002,1.0311111111111124,3.6,3.1291,0,A1,0
10,4.0,1,10.0,75.50000000000003,4.964444444444446,3.6,3.1291,2,B1,2
12,2.5833333333333335,1,12.0,95.68818181818183,2.645454545454548,4.4,3.1291,0,A2,1
4,3.25,1,4.0,119.19000000000003,-2.619999999999999,1.2000000000000002,3.1291,0,A1,0
7,2.5714285714285716,1,7.0,130.245,-3.416666666666666,2.4000000000000004,3.1291,0,A1,0
12,3.0,1,12.0,103.37909090909093,1.572727272727274,4.4,3.1291,1,B1,2
8,3.125,1,8.0,102.045,0.5166666666666693,2.4000000000000004,3.1291,0,A2,1
9,3.5555555555555554,1,9.0,103.54,0.8049999999999997,3.2,3.1291,1,A2,1
9,3.3333333333333335,1,9.0,114.11500000000001,-0.6699999999999982,3.2,3.1291,0,A1,0
5,4.2,1,5.0,83.32000000000004,2.879999999999999,2.0,3.1291,2,A2,1
9,3.111111111111111,1,9.0,103.54,0.8049999999999997,3.2,3.1291,0,A1,0
9,3.0,2,4.5,106.59678571428573,-0.7392857142857139,1.4000000000000001,3.1291,0,A2,1
9,3.0,1,9.0,92.965,2.280000000000001,3.2,3.1291,0,A2,1
6,3.5,1,6.0,83.32000000000004,2.879999999999999,2.0,3.1291,1,A1,0
8,3.5,1,8.0,78.87285714285717,3.997142857142858,8.514285714285714,8.841846274778883,2,A2,1
9,4.222222222222222,1,9.0,82.39000000000001,3.7550000000000026,3.2,3.1291,3,A2,1
8,4.5,1,8.0,82.39000000000001,3.7550000000000026,3.2,3.1291,2,A2,1
5,4.4,1,5.0,83.32000000000004,2.879999999999999,10.0,8.841846274778883,1,A1,0
7,3.2857142857142856,1,7.0,102.045,0.5166666666666693,2.4000000000000004,3.1291,1,A1,0
5,3.6,1,5.0,75.87500000000001,3.6700000000000017,1.6,3.1291,1,A1,0
5,4.4,1,5.0,83.32000000000004,2.879999999999999,2.0,3.1291,0,A1,0
8,3.25,1,8.0,115.13000000000002,-1.0599999999999987,2.8000000000000003,3.1291,0,A1,0
12,3.4166666666666665,1,12.0,87.99727272727276,3.7181818181818187,8.036363636363637,8.841846274778883,1,A2,1
5,4.0,1,5.0,83.32000000000004,2.879999999999999,10.0,8.841846274778883,1,A1,0
11,3.0,1,11.0,103.37909090909093,1.572727272727274,4.4,3.1291,0,B1,2
12,3.75,1,12.0,95.68818181818183,2.645454545454548,4.4,3.1291,0,A2,1
19,3.526315789473684,3,6.333333333333333,96.57745098039217,1.1964705882352966,4.619607843137255,6.42735559955562,1,A2,1
13,3.5384615384615383,1,13.0,81.85500000000002,4.823333333333334,4.800000000000001,3.1291,2,A2,1
17,4.0588235294117645,1,17.0,63.69500000000001,8.350000000000005,6.4,3.1291,3,A2,1
9,4.444444444444445,2,4.5,66.40000000000003,5.240000000000002,6.0,7.168621630094336,4,A2,1
11,4.2727272727272725,1,11.0,86.70500000000001,3.650000000000002,4.0,3.1291,2,A2,1
18,4.111111111111111,1,18.0,70.14470588235295,7.698823529411765,6.800000000000001,8.841846274778883,4,B1,2
12,4.166666666666667,1,12.0,76.50153846153849,5.818461538461541,8.276923076923078,8.841846274778883,3,B1,2
14,3.357142857142857,1,14.0,95.93928571428573,3.355714285714285,5.6000000000000005,3.1291,2,A2,1
16,3.75,1,16.0,95.42,3.9250000000000007,6.4,3.1291,1,A2,1
9,4.444444444444445,1,9.0,75.50000000000003,4.964444444444446,8.044444444444444,8.841846274778883,1,B1,2
16,3.5,1,16.0,95.42,3.9250000000000007,6.4,3.1291,1,A2,1
12,5.166666666666667,1,12.0,60.70500000000001,7.773333333333333,8.133333333333335,8.841846274778883,3,A2,1
17,3.764705882352941,1,17.0,100.70750000000001,3.1875000000000036,6.4,3.1291,1,A2,1
18,4.055555555555555,2,9.0,75.50000000000003,4.964444444444446,8.044444444444444,8.841846274778883,5,A2,1
14,5.785714285714286,1,14.0,35.5107142857143,11.784285714285716,14.171428571428573,13.023866798666859,4,B1,2
15,5.4,1,15.0,22.410000000000025,13.860000000000003,16.666666666666668,15.903189008614273,6,B1,2
9,4.888888888888889,1,9.0,69.78500000000001,6.010000000000002,4.0,3.1291,3,A2,1
18,3.9444444444444446,1,18.0,75.12117647058825,7.004705882352944,9.15294117647059,8.841846274778883,3,B1,2
14,3.857142857142857,1,14.0,89.51692307692309,4.003076923076925,5.2,3.1291,1,A2,1
15,3.1333333333333333,1,15.0,90.09000000000002,4.420000000000002,6.0,8.841846274778883,1,A2,1
19,4.157894736842105,1,19.0,75.76500000000001,7.163333333333334,9.422222222222222,8.841846274778883,4,A2,1
15,3.933333333333333,1,15.0,63.486153846153854,7.633846153846157,8.276923076923078,13.023866798666859,2,A2,1
8,4.375,2,4.0,98.8675,0.5872222222222234,6.2444444444444445,7.168621630094336,1,A2,1
19,3.736842105263158,1,19.0,85.16499999999999,5.852222222222224,7.2,3.1291,3,A2,1
15,3.8666666666666667,2,7.5,103.3425,0.7083333333333321,3.0,3.1291,1,A2,1
12,3.6666666666666665,1,12.0,87.99727272727276,3.7181818181818187,4.4,3.1291,1,A2,1
13,3.0,1,13.0,95.955,2.8566666666666656,4.800000000000001,3.1291,1,A2,1
19,4.0,1,19.0,71.06500000000001,7.818888888888889,9.422222222222222,8.841846274778883,3,A2,1
13,4.0,1,13.0,83.0092307692308,4.91076923076923,8.276923076923078,8.841846274778883,1,A2,1
15,3.3333333333333335,1,15.0,90.09000000000002,4.420000000000002,6.0,3.1291,2,A2,1
13,4.384615384615385,1,13.0,56.97846153846157,8.541538461538462,8.276923076923078,11.20814326018867,4,A2,1
14,4.571428571428571,1,14.0,71.76785714285715,6.727142857142859,5.6000000000000005,8.841846274778883,2,A2,1
17,3.411764705882353,2,8.5,93.70161764705884,2.301470588235297,5.752941176470589,7.168621630094336,3,A2,1
8,4.625,1,8.0,71.81500000000001,5.230000000000004,13.200000000000001,11.20814326018867,2,A2,1
9,3.111111111111111,1,9.0,103.54,0.8049999999999997,3.2,3.1291,1,A2,1
10,4.5,2,5.0,74.86000000000003,4.060000000000002,6.0,8.841846274778883,2,A2,1
14,3.7857142857142856,1,14.0,77.81071428571428,5.884285714285717,5.6000000000000005,3.1291,3,B1,2
15,4.933333333333334,1,15.0,59.68214285714288,8.412857142857145,11.314285714285715,11.20814326018867,4,A2,1
26,4.423076923076923,1,26.0,69.8142307692308,9.98076923076923,11.938461538461539,8.841846274778883,6,C2,5
3,3.6666666666666665,1,3.0,90.99000000000004,1.3133333333333361,1.2000000000000002,3.1291,0,A1,0
42,4.404761904761905,1,42.0,31.26214285714289,19.33285714285714,22.514285714285716,17.122413403193683,12,C1,4
10,2.9,1,10.0,113.10000000000002,-0.27999999999999936,3.6,3.1291,0,A2,1
7,4.714285714285714,1,7.0,54.70142857142861,7.368571428571428,14.228571428571428,11.20814326018867,2,A2,1
50,4.9,1,50.0,22.417,22.554000000000006,24.8,21.19438992294339,11,C1,4
21,4.285714285714286,1,21.0,64.66285714285716,9.457142857142859,12.20952380952381,11.20814326018867,5,B1,2
55,4.545454545454546,1,55.0,12.52000000000001,25.425,28.114285714285717,22.076135915942103,17,B2,3
19,3.0,1,19.0,89.865,5.196666666666669,9.422222222222222,8.841846274778883,1,A2,1
17,4.764705882352941,1,17.0,40.2858823529412,11.863529411764706,18.56470588235294,15.903189008614273,6,A2,1
22,3.6818181818181817,1,22.0,68.09500000000004,8.73,10.0,8.841846274778883,4,C1,4
36,4.666666666666667,1,36.0,38.69500000000002,16.80555555555556,18.844444444444445,14.554592549557764,7,C1,4
28,3.5357142857142856,1,28.0,79.57576923076925,8.619230769230771,10.4,3.1291,2,B1,2
11,4.2727272727272725,1,11.0,53.655,8.756666666666668,8.133333333333335,11.20814326018867,3,B1,2
24,4.666666666666667,1,24.0,55.57500000000003,11.470000000000002,17.933333333333334,15.903189008614273,6,B2,3
47,4.404255319148936,1,47.0,36.72999999999999,19.812340425531918,23.05531914893617,17.122413403193683,8,C2,5
25,3.84,1,25.0,73.17200000000001,9.264,10.0,8.841846274778883,3,B1,2
13,3.8461538461538463,1,13.0,89.51692307692309,4.003076923076925,5.2,3.1291,0,A2,1
7,4.428571428571429,1,7.0,54.70142857142861,7.368571428571428,8.514285714285714,11.20814326018867,1,A2,1
8,3.75,1,8.0,92.965,2.280000000000001,8.200000000000001,8.841846274778883,1,A2,1
7,4.285714285714286,1,7.0,90.95857142857145,2.3114285714285714,8.514285714285714,8.841846274778883,1,A2,1
15,4.0,1,15.0,73.17000000000003,6.780000000000001,8.666666666666668,8.841846274778883,1,A2,1
7,3.5714285714285716,1,7.0,103.04428571428575,0.6257142857142846,2.8000000000000003,3.1291,0,A2,1
12,4.25,1,12.0,69.99384615384618,6.726153846153846,8.276923076923078,13.023866798666859,1,A2,1
6,4.666666666666667,1,6.0,59.745000000000005,6.416666666666668,9.066666666666668,8.841846274778883,1,A1,0
5,4.4,1,5.0,75.87500000000001,3.6700000000000017,11.600000000000001,8.841846274778883,1,A1,0
10,4.2,1,10.0,95.165,2.4700000000000024,4.0,3.1291,1,A1,0
7,4.571428571428571,1,7.0,78.87285714285717,3.997142857142858,2.8000000000000003,3.1291,0,A1,0
14,3.4285714285714284,2,7.0,97.0014285714286,1.4685714285714297,5.6571428571428575,7.168621630094336,1,A2,1
10,3.7,1,10.0,87.99727272727276,3.7181818181818187,4.4,3.1291,2,A2,1
6,3.1666666666666665,1,6.0,100.24000000000002,0.5199999999999996,2.0,3.1291,0,A2,1
6,3.6666666666666665,1,6.0,87.94500000000002,2.4833333333333343,9.066666666666668,8.841846274778883,1,A2,1
9,3.2222222222222223,1,9.0,103.70000000000002,1.0311111111111124,3.6,3.1291,0,A1,0
9,4.222222222222222,1,9.0,66.10000000000002,6.2755555555555596,8.044444444444444,11.20814326018867,1,A2,1
5,3.6,1,5.0,100.24000000000002,0.5199999999999996,2.0,3.1291,1,A1,0
10,4.4,1,10.0,61.32500000000002,7.190000000000001,4.0,11.20814326018867,1,A2,1
26,3.6538461538461537,1,26.0,86.08346153846156,7.7115384615384635,10.4,3.1291,2,B1,2
9,3.7777777777777777,1,9.0,94.30000000000001,2.342222222222226,8.044444444444444,8.841846274778883,1,A2,1
13,3.3076923076923075,1,13.0,89.89642857142859,4.19857142857143,8.457142857142857,8.841846274778883,1,B1,2
7,4.0,1,7.0,78.87285714285717,3.997142857142858,2.8000000000000003,8.841846274778883,1,A2,1
9,2.4444444444444446,1,9.0,114.11500000000001,-0.6699999999999982,3.2,3.1291,0,A1,0
4,5.0,1,4.0,54.72500000000002,6.620000000000001,11.600000000000001,8.841846274778883,1,A2,1
12,3.0,1,12.0,111.07000000000002,0.5,4.4,3.1291,0,A2,1
12,3.6666666666666665,1,12.0,81.85500000000002,4.823333333333334,8.133333333333335,8.841846274778883,1,A2,1
14,5.142857142857143,1,14.0,50.610000000000014,9.92666666666667,8.666666666666668,11.20814326018867,4,B1,2
8,3.875,1,8.0,66.7871428571429,5.682857142857145,8.514285714285714,11.20814326018867,1,B1,2
10,4.3,1,10.0,84.90000000000003,3.653333333333336,3.6,8.841846274778883,1,A1,0
13,4.538461538461538,1,13.0,69.99384615384618,6.726153846153846,11.353846153846156,11.20814326018867,2,B1,2
4,3.5,1,4.0,97.025,0.7199999999999989,1.6,3.1291,1,A1,0
9,4.666666666666667,1,9.0,71.81500000000001,5.230000000000004,8.200000000000001,8.841846274778883,2,A1,0
5,4.2,1,5.0,100.24000000000002,0.5199999999999996,2.0,3.1291,1,A1,0
6,2.8333333333333335,1,6.0,116.14500000000001,-1.4499999999999993,2.4000000000000004,3.1291,0,A1,0
6,4.333333333333333,1,6.0,59.745000000000005,6.416666666666668,2.4000000000000004,11.20814326018867,0,A2,1
7,5.714285714285714,1,7.0,54.70142857142861,7.368571428571428,8.514285714285714,8.841846274778883,2,A2,1
9,3.111111111111111,1,9.0,103.37909090909093,1.572727272727274,4.4,3.1291,1,A2,1
5,3.4,1,5.0,100.24000000000002,0.5199999999999996,2.0,3.1291,0,A1,0
11,3.727272727272727,2,5.5,83.32000000000004,2.879999999999999,2.0,7.168621630094336,1,A2,1
6,3.8333333333333335,1,6.0,116.14500000000001,-1.4499999999999993,2.4000000000000004,3.1291,0,A1,0
8,4.625,1,8.0,71.81500000000001,5.230000000000004,8.200000000000001,8.841846274778883,2,A1,0
7,5.0,1,7.0,66.7871428571429,5.682857142857145,2.8000000000000003,8.841846274778883,1,A1,0
15,4.066666666666666,1,15.0,78.81000000000003,5.993333333333336,6.0,11.20814326018867,0,A2,1
6,3.5,1,6.0,54.72500000000002,6.620000000000001,11.600000000000001,8.841846274778883,2,A2,1
10,4.0,1,10.0,78.24500000000002,4.830000000000002,4.0,3.1291,2,A2,1
4,4.25,1,4.0,118.17500000000001,-2.2299999999999986,1.6,3.1291,0,A1,0
13,3.230769230769231,1,13.0,102.53230769230771,2.187692307692309,5.2,3.1291,1,A2,1
7,3.4285714285714284,1,7.0,90.95857142857145,2.3114285714285714,2.8000000000000003,3.1291,0,A2,1
5,3.4,1,5.0,118.17500000000001,-2.2299999999999986,1.6,3.1291,0,A2,1
7,4.571428571428571,1,7.0,78.87285714285717,3.997142857142858,8.514285714285714,8.841846274778883,2,A2,1
8,3.625,1,8.0,78.87285714285717,3.997142857142858,8.514285714285714,8.841846274778883,1,A2,1
7,2.5714285714285716,1,7.0,100.24000000000002,0.5199999999999996,2.0,3.1291,1,A2,1
7,4.0,1,7.0,78.87285714285717,3.997142857142858,8.514285714285714,8.841846274778883,1,A2,1
6,5.833333333333333,1,6.0,73.84500000000001,4.450000000000003,9.066666666666668,8.841846274778883,1,A2,1
11,3.3636363636363638,1,11.0,95.68818181818183,2.645454545454548,4.4,3.1291,0,A2,1
6,3.8333333333333335,1,6.0,116.14500000000001,-1.4499999999999993,2.4000000000000004,3.1291,0,A1,0
18,3.9444444444444446,1,18.0,75.76500000000001,7.163333333333334,9.422222222222222,8.841846274778883,1,A2,1
2,6.5,1,2.0,35.60500000000002,8.790000000000003,0.8,3.1291,0,A1,0
5,3.6,1,5.0,100.24000000000002,0.5199999999999996,2.0,3.1291,0,A1,0
9,3.3333333333333335,1,9.0,78.87285714285717,3.997142857142858,2.8000000000000003,3.1291,0,A2,1
7,4.285714285714286,1,7.0,78.87285714285717,3.997142857142858,8.514285714285714,8.841846274778883,1,A1,0
8,3.875,1,8.0,78.87285714285717,3.997142857142858,8.514285714285714,8.841846274778883,1,A2,1
8,4.625,1,8.0,82.39000000000001,3.7550000000000026,3.2,3.1291,1,A2,1
18,3.2777777777777777,1,18.0,85.07411764705884,5.616470588235295,6.800000000000001,3.1291,3,A1,0
18,3.4444444444444446,1,18.0,80.46500000000002,6.507777777777779,9.422222222222222,8.841846274778883,1,B1,2
6,3.6666666666666665,1,6.0,100.24000000000002,0.5199999999999996,2.0,3.1291,1,A1,0
5,4.4,1,5.0,66.40000000000003,5.240000000000002,10.0,8.841846274778883,1,A2,1
4,3.25,1,4.0,119.19000000000003,-2.619999999999999,1.2000000000000002,3.1291,0,A1,0
6,2.8333333333333335,1,6.0,116.14500000000001,-1.4499999999999993,2.4000000000000004,3.1291,0,A2,1
10,3.9,1,10.0,95.165,2.4700000000000024,4.0,3.1291,2,A2,1
3,4.666666666666667,1,3.0,90.99000000000004,1.3133333333333361,1.2000000000000002,3.1291,1,A1,0
2,5.5,1,2.0,77.90500000000002,2.890000000000004,0.8,3.1291,0,A1,0
7,3.857142857142857,1,7.0,82.39000000000001,3.7550000000000026,3.2,3.1291,2,A1,0
7,3.5714285714285716,1,7.0,90.95857142857145,2.3114285714285714,2.8000000000000003,3.1291,1,A1,0
5,4.6,1,5.0,59.745000000000005,6.416666666666668,2.4000000000000004,3.1291,2,A1,0
5,3.0,1,5.0,87.94500000000002,2.4833333333333343,2.4000000000000004,3.1291,1,A1,0
5,4.0,1,5.0,73.84500000000001,4.450000000000003,2.4000000000000004,3.1291,1,A1,0
5,4.2,1,5.0,73.84500000000001,4.450000000000003,2.4000000000000004,8.841846274778883,0,A1,0
5,4.0,1,5.0,87.94500000000002,2.4833333333333343,2.4000000000000004,3.1291,0,A1,0
8,3.875,1,8.0,82.39000000000001,3.7550000000000026,3.2,8.841846274778883,0,A2,1
3,4.0,1,3.0,90.99000000000004,1.3133333333333361,1.2000000000000002,3.1291,0,A1,0
5,4.8,1,5.0,59.745000000000005,6.416666666666668,2.4000000000000004,8.841846274778883,1,A1,0
5,5.8,1,5.0,32.56000000000003,9.96,2.0,8.841846274778883,1,A1,0
2,4.5,1,2.0,77.90500000000002,2.890000000000004,0.8,3.1291,0,A1,0
5,4.6,1,5.0,66.40000000000003,5.240000000000002,2.0,8.841846274778883,1,A1,0
4,5.0,1,4.0,49.48000000000002,7.600000000000001,2.0,8.841846274778883,1,A1,0
8,3.875,1,8.0,92.965,2.280000000000001,3.2,3.1291,0,A2,1
4,4.75,1,4.0,97.025,0.7199999999999989,1.6,3.1291,1,A1,0
4,4.0,1,4.0,97.025,0.7199999999999989,1.6,3.1291,1,A1,0
3,4.333333333333333,1,3.0,90.99000000000004,1.3133333333333361,1.2000000000000002,3.1291,1,A1,0
4,5.0,1,4.0,75.87500000000001,3.6700000000000017,1.6,3.1291,2,A1,0
4,5.25,1,4.0,83.32000000000004,2.879999999999999,2.0,3.1291,1,A1,0
11,3.272727272727273,1,11.0,103.37909090909093,1.572727272727274,4.4,3.1291,0,A2,1
6,4.166666666666667,1,6.0,49.48000000000002,7.600000000000001,2.0,8.841846274778883,2,A1,0
2,6.0,1,2.0,35.60500000000002,8.790000000000003,0.8,3.1291,2,A1,0
4,3.25,1,4.0,100.24000000000002,0.5199999999999996,2.0,3.1291,0,A1,0
4,4.75,1,4.0,66.40000000000003,5.240000000000002,2.0,8.841846274778883,0,A2,1
10,3.2,1,10.0,87.99727272727276,3.7181818181818187,4.4,8.841846274778883,0,A2,1
8,4.375,1,8.0,66.10000000000002,6.2755555555555596,8.044444444444444,8.841846274778883,2,A1,0
6,3.3333333333333335,1,6.0,87.94500000000002,2.4833333333333343,2.4000000000000004,3.1291,1,A1,0
5,4.2,1,5.0,73.84500000000001,4.450000000000003,2.4000000000000004,8.841846274778883,0,A1,0
6,3.8333333333333335,1,6.0,78.87285714285717,3.997142857142858,2.8000000000000003,8.841846274778883,0,A2,1
4,3.75,1,4.0,97.025,0.7199999999999989,1.6,3.1291,1,A1,0
5,4.0,1,5.0,87.94500000000002,2.4833333333333343,2.4000000000000004,3.1291,1,A1,0
5,4.6,1,5.0,59.745000000000005,6.416666666666668,2.4000000000000004,8.841846274778883,1,A1,0
3,3.6666666666666665,1,3.0,97.025,0.7199999999999989,1.6,3.1291,0,A1,0
4,4.25,1,4.0,83.32000000000004,2.879999999999999,2.0,3.1291,1,A1,0
7,4.285714285714286,1,7.0,61.24000000000001,6.705000000000002,3.2,8.841846274778883,1,A2,1
3,5.0,1,3.0,62.79000000000002,5.246666666666666,1.2000000000000002,3.1291,2,A1,0
6,5.0,1,6.0,61.24000000000001,6.705000000000002,3.2,8.841846274778883,1,A1,0
3,4.0,1,3.0,119.19000000000003,-2.619999999999999,1.2000000000000002,3.1291,0,A2,1
6,5.333333333333333,1,6.0,73.84500000000001,4.450000000000003,2.4000000000000004,3.1291,2,B2,3
3,3.6666666666666665,1,3.0,119.19000000000003,-2.619999999999999,1.2000000000000002,3.1291,0,A2,1
5,4.2,1,5.0,83.32000000000004,2.879999999999999,2.0,3.1291,1,A2,1
7,4.285714285714286,1,7.0,103.04428571428575,0.6257142857142846,2.8000000000000003,3.1291,1,A2,1
7,4.428571428571429,1,7.0,78.87285714285717,3.997142857142858,8.514285714285714,8.841846274778883,1,A2,1
9,3.888888888888889,1,9.0,103.70000000000002,1.0311111111111124,3.6,3.1291,0,B1,2
9,3.6666666666666665,1,9.0,94.30000000000001,2.342222222222226,3.6,3.1291,0,B1,2
8,4.0,1,8.0,92.965,2.280000000000001,3.2,3.1291,0,A2,1
12,3.3333333333333335,1,12.0,103.00500000000001,1.8733333333333313,4.800000000000001,3.1291,0,A2,1
5,4.6,1,5.0,117.16000000000003,-1.8399999999999999,2.0,3.1291,0,B2,3
4,2.5,1,4.0,118.17500000000001,-2.2299999999999986,1.6,3.1291,0,A2,1
10,3.7,1,10.0,95.165,2.4700000000000024,4.0,3.1291,1,A2,1
8,4.375,1,8.0,82.39000000000001,3.7550000000000026,3.2,3.1291,1,B2,3
10,4.2,1,10.0,84.90000000000003,3.653333333333336,3.6,3.1291,2,A2,1
4,4.0,1,4.0,97.025,0.7199999999999989,1.6,3.1291,1,A1,0
9,4.777777777777778,1,9.0,75.50000000000003,4.964444444444446,3.6,8.841846274778883,0,A2,1
9,3.6666666666666665,1,9.0,84.90000000000003,3.653333333333336,3.6,3.1291,2,A2,1
10,3.8,1,10.0,103.70000000000002,1.0311111111111124,3.6,3.1291,1,A2,1
10,4.1,1,10.0,95.165,2.4700000000000024,4.0,3.1291,1,A2,1
7,6.285714285714286,1,7.0,42.61571428571432,9.054285714285715,8.514285714285714,8.841846274778883,2,B2,3
8,4.5,1,8.0,82.39000000000001,3.7550000000000026,3.2,3.1291,3,B2,3
8,4.25,1,8.0,82.39000000000001,3.7550000000000026,3.2,3.1291,1,A2,1
9,3.7777777777777777,1,9.0,94.30000000000001,2.342222222222226,3.6,3.1291,1,B1,2
4,4.25,1,4.0,97.025,0.7199999999999989,1.6,3.1291,1,A1,0
11,4.181818181818182,1,11.0,87.99727272727276,3.7181818181818187,4.4,3.1291,3,B2,3
10,3.2,1,10.0,103.625,1.2900000000000027,4.0,3.1291,0,B1,2
8,3.625,1,8.0,92.965,2.280000000000001,3.2,3.1291,0,B1,2
11,3.8181818181818183,1,11.0,111.07000000000002,0.5,4.4,3.1291,0,C1,4
6,5.666666666666667,1,6.0,73.84500000000001,4.450000000000003,9.066666666666668,8.841846274778883,2,A2,1
9,4.333333333333333,1,9.0,103.70000000000002,1.0311111111111124,3.6,3.1291,1,A2,1
7,4.0,1,7.0,90.95857142857145,2.3114285714285714,2.8000000000000003,3.1291,2,C1,4
7,5.142857142857143,1,7.0,78.87285714285717,3.997142857142858,8.514285714285714,8.841846274778883,1,B1,2
4,5.75,1,4.0,12.425000000000011,12.52,11.600000000000001,11.20814326018867,2,B2,3
5,4.8,1,5.0,66.40000000000003,5.240000000000002,10.0,8.841846274778883,1,B1,2
5,5.4,1,5.0,66.40000000000003,5.240000000000002,10.0,8.841846274778883,2,B2,3
9,4.0,1,9.0,84.90000000000003,3.653333333333336,3.6,3.1291,0,B1,2
8,3.5,1,8.0,103.54,0.8049999999999997,3.2,3.1291,0,A2,1
9,4.555555555555555,1,9.0,103.70000000000002,1.0311111111111124,3.6,3.1291,1,B1,2
6,4.333333333333333,1,6.0,87.94500000000002,2.4833333333333343,2.4000000000000004,3.1291,1,A2,1
15,4.266666666666667,1,15.0,68.9825,7.612500000000001,8.9,8.841846274778883,1,A2,1
34,4.0588235294117645,1,34.0,55.41272727272728,13.72848484848485,13.200000000000001,8.841846274778883,4,B2,3
17,4.176470588235294,1,17.0,60.19176470588238,9.08705882352941,16.211764705882356,14.554592549557764,5,B1,2
9,4.0,1,9.0,66.10000000000002,6.2755555555555596,3.6,8.841846274778883,0,A2,1
14,3.0714285714285716,1,14.0,95.955,2.8566666666666656,4.800000000000001,3.1291,1,A2,1
18,3.111111111111111,1,18.0,85.16499999999999,5.852222222222224,9.422222222222222,8.841846274778883,2,B1,2
35,3.857142857142857,1,35.0,60.54000000000002,13.013333333333335,15.624242424242425,11.20814326018867,5,B2,3
18,3.388888888888889,1,18.0,84.845,5.400000000000002,8.9,8.841846274778883,2,A2,1
11,4.909090909090909,1,11.0,64.9245454545455,6.936363636363637,8.036363636363637,8.841846274778883,3,A2,1
68,4.352941176470588,1,68.0,8.773283582089562,28.68029850746269,30.97910447761194,20.267338824336647,14,B2,3
11,4.454545454545454,1,11.0,57.23363636363638,8.009090909090911,8.036363636363637,8.841846274778883,5,A2,1
20,5.3,1,20.0,40.613157894736844,12.314736842105265,16.02105263157895,15.903189008614273,7,B1,2
12,4.333333333333333,1,12.0,81.85500000000002,4.823333333333334,4.800000000000001,3.1291,2,A2,1
5,2.8,1,5.0,118.17500000000001,-2.2299999999999986,1.6,3.1291,0,A2,1
30,4.966666666666667,1,30.0,50.285454545454556,14.443636363636365,15.624242424242425,11.20814326018867,5,B1,2
19,4.473684210526316,1,19.0,58.42368421052632,9.830526315789477,9.705263157894738,11.20814326018867,3,A2,1
34,4.5588235294117645,2,17.0,72.63294117647061,7.351764705882353,11.505882352941178,11.20814326018867,7,C1,4
21,4.9523809523809526,1,21.0,28.40571428571431,14.514285714285716,17.923809523809524,17.122413403193683,6,B1,2
12,4.166666666666667,1,12.0,81.85500000000002,4.823333333333334,8.133333333333335,8.841846274778883,1,A2,1
12,2.9166666666666665,1,12.0,110.055,0.8900000000000006,4.800000000000001,3.1291,0,A2,1
6,3.8333333333333335,1,6.0,90.95857142857145,2.3114285714285714,2.8000000000000003,3.1291,1,A2,1
58,4.086206896551724,1,58.0,39.148421052631605,21.95929824561404,24.905263157894737,13.023866798666859,11,C1,4
12,3.9166666666666665,2,6.0,94.995,1.5,2.4000000000000004,3.1291,2,B1,2
29,3.8620689655172415,1,29.0,69.64357142857145,10.501428571428573,12.62857142857143,8.841846274778883,5,B1,2
99,3.8585858585858586,2,49.5,48.58688144329899,18.531185567010308,21.461855670103095,13.023866798666859,10,B2,3
22,4.863636363636363,1,22.0,46.06863636363636,12.29909090909091,16.072727272727274,14.554592549557764,6,B1,2
6,4.166666666666667,1,6.0,83.32000000000004,2.879999999999999,2.0,3.1291,1,A2,1
64,3.9375,3,21.333333333333332,76.78791666666667,7.848749999999999,11.033333333333333,9.725611199111238,7,B1,2
5,4.0,1,5.0,117.16000000000003,-1.8399999999999999,2.0,3.1291,0,A1,0
24,4.0,1,24.0,73.1421739130435,8.771304347826089,9.200000000000001,3.1291,2,B1,2
20,3.7,1,20.0,72.9868181818182,8.544545454545453,12.436363636363637,11.20814326018867,2,B1,2
16,4.375,1,16.0,73.17000000000003,6.780000000000001,6.0,8.841846274778883,2,B1,2
33,4.515151515151516,1,33.0,49.83451612903227,14.00967741935484,17.561290322580646,14.554592549557764,9,B2,3
11,3.909090909090909,1,11.0,61.32500000000002,7.190000000000001,8.0,11.20814326018867,1,B2,3
10,3.5,1,10.0,95.165,2.4700000000000024,4.0,8.841846274778883,0,A2,1
39,3.8205128205128207,1,39.0,59.528648648648655,14.148108108108108,16.962162162162162,13.023866798666859,5,B2,3
16,4.125,1,16.0,74.27000000000001,6.8750000000000036,6.4,8.841846274778883,0,A2,1
17,5.882352941176471,1,17.0,25.35647058823531,13.945882352941176,13.858823529411765,13.023866798666859,8,C1,4
8,3.125,1,8.0,103.04428571428575,0.6257142857142846,2.8000000000000003,3.1291,1,A2,1
7,3.857142857142857,1,7.0,103.04428571428575,0.6257142857142846,2.8000000000000003,3.1291,0,A2,1
25,5.08,1,25.0,40.529615384615425,14.065384615384616,16.553846153846155,15.903189008614273,9,B1,2
24,4.166666666666667,2,12.0,71.28000000000002,6.298333333333332,9.8,10.125756701596842,6,B1,2
14,4.0,1,14.0,63.486153846153854,7.633846153846157,14.430769230769233,13.023866798666859,4,B2,3
24,4.5,1,24.0,66.15000000000003,9.995000000000001,11.266666666666667,8.841846274778883,6,B2,3
14,4.0,1,14.0,83.85357142857143,5.041428571428572,8.457142857142857,8.841846274778883,1,A2,1
40,4.425,1,40.0,37.22000000000003,18.005,22.0,18.243605946275583,8,B2,3
10,3.1,1,10.0,112.08500000000001,0.11000000000000121,4.0,3.1291,0,A1,0
26,4.769230769230769,1,26.0,50.29115384615386,12.703846153846158,18.092307692307692,15.903189008614273,7,B2,3
27,4.185185185185185,1,27.0,63.49666666666667,11.110370370370372,12.281481481481482,11.20814326018867,4,B1,2
19,5.0,1,19.0,58.42368421052632,9.830526315789477,9.705263157894738,8.841846274778883,7,B1,2
18,4.333333333333333,1,18.0,66.36500000000001,8.474444444444444,9.422222222222222,11.20814326018867,2,B1,2
23,4.043478260869565,1,23.0,60.634285714285724,10.019047619047623,10.304761904761905,8.841846274778883,5,B2,3
35,3.6857142857142855,1,35.0,55.38625000000003,13.48375,16.55,13.023866798666859,6,B2,3
13,4.076923076923077,1,13.0,77.81071428571428,5.884285714285717,5.6000000000000005,3.1291,1,A2,1
28,3.5714285714285716,1,28.0,69.76333333333335,10.236296296296299,12.281481481481482,8.841846274778883,4,B1,2
22,3.727272727272727,1,22.0,57.605000000000004,10.690000000000001,10.618181818181819,13.023866798666859,4,A2,1
15,3.8,1,15.0,95.73000000000002,3.633333333333333,6.0,3.1291,1,B1,2
23,5.391304347826087,1,23.0,29.003043478260906,14.927826086956525,19.63478260869565,18.243605946275583,7,B2,3
9,4.666666666666667,1,9.0,71.81500000000001,5.230000000000004,8.200000000000001,11.20814326018867,1,A2,1
25,4.2,1,25.0,66.56038461538463,10.434615384615388,13.476923076923079,11.20814326018867,4,B2,3
19,4.473684210526316,1,19.0,53.97105263157897,10.451578947368422,13.915789473684212,13.023866798666859,4,B1,2
14,3.7857142857142856,1,14.0,77.81071428571428,5.884285714285717,8.457142857142857,8.841846274778883,4,A2,1
6,4.166666666666667,1,6.0,73.84500000000001,4.450000000000003,9.066666666666668,8.841846274778883,2,B1,2
44,5.090909090909091,1,44.0,15.147857142857163,21.580476190476194,24.41904761904762,19.287186520377343,15,B2,3
46,4.391304347826087,1,46.0,27.680000000000035,20.57777777777778,23.333333333333336,18.243605946275583,8,B2,3
24,4.25,1,24.0,65.78565217391306,9.79739130434783,9.200000000000001,8.841846274778883,3,B2,3
46,4.6521739130434785,1,46.0,19.56674418604652,21.21255813953488,23.711627906976744,19.287186520377343,11,B2,3
20,4.7,1,20.0,63.86500000000004,9.32,8.0,11.20814326018867,2,B1,2
9,3.6666666666666665,1,9.0,103.70000000000002,1.0311111111111124,3.6,3.1291,0,A2,1
5,4.0,1,5.0,54.72500000000002,6.620000000000001,11.600000000000001,8.841846274778883,1,A2,1
17,5.764705882352941,1,17.0,25.35647058823531,13.945882352941176,16.211764705882356,15.903189008614273,5,B2,3
12,4.333333333333333,1,12.0,74.805,5.806666666666668,11.466666666666669,11.20814326018867,3,B2,3
13,4.846153846153846,1,13.0,56.97846153846157,8.541538461538462,11.353846153846156,13.023866798666859,4,A2,1
14,4.285714285714286,1,14.0,77.81071428571428,5.884285714285717,5.6000000000000005,3.1291,3,B1,2
13,4.230769230769231,1,13.0,102.53230769230771,2.187692307692309,5.2,3.1291,1,B2,3
8,3.125,1,8.0,82.39000000000001,3.7550000000000026,8.200000000000001,8.841846274778883,2,A2,1
15,4.066666666666666,2,7.5,86.42250000000001,3.068333333333335,3.0,3.1291,5,B1,2
10,4.8,1,10.0,69.78500000000001,6.010000000000002,8.0,8.841846274778883,2,B1,2
7,5.0,1,7.0,54.70142857142861,7.368571428571428,14.228571428571428,11.20814326018867,2,B2,3
6,3.6666666666666665,1,6.0,102.045,0.5166666666666693,2.4000000000000004,3.1291,0,A2,1
19,3.789473684210526,1,19.0,75.76500000000001,7.163333333333334,9.422222222222222,8.841846274778883,2,B2,3
7,5.571428571428571,1,7.0,18.44428571428574,12.425714285714289,14.228571428571428,11.20814326018867,3,B2,3
7,3.857142857142857,1,7.0,103.04428571428575,0.6257142857142846,2.8000000000000003,3.1291,0,A1,0
7,3.7142857142857144,1,7.0,103.04428571428575,0.6257142857142846,2.8000000000000003,3.1291,1,A2,1
7,4.0,1,7.0,103.04428571428575,0.6257142857142846,2.8000000000000003,3.1291,1,A2,1
10,3.5,1,10.0,81.85500000000002,4.823333333333334,8.133333333333335,8.841846274778883,3,B1,2
8,5.0,2,4.0,75.87500000000001,3.6700000000000017,1.6,3.1291,3,A2,1
9,3.4444444444444446,1,9.0,103.70000000000002,1.0311111111111124,3.6,3.1291,1,A2,1
11,5.909090909090909,1,11.0,11.088181818181852,14.445454545454545,15.30909090909091,14.554592549557764,4,A2,1
6,3.8333333333333335,1,6.0,102.045,0.5166666666666693,2.4000000000000004,3.1291,1,A2,1
8,5.875,1,8.0,50.66500000000002,8.180000000000003,13.200000000000001,11.20814326018867,4,A2,1
11,5.0,1,11.0,44.405,9.55,12.0,11.20814326018867,4,A2,1
11,3.1818181818181817,1,11.0,111.07000000000002,0.5,4.4,3.1291,0,C1,4
8,4.75,1,8.0,61.24000000000001,6.705000000000002,8.200000000000001,8.841846274778883,1,B2,3
5,4.4,1,5.0,66.40000000000003,5.240000000000002,2.0,3.1291,2,A1,0
9,3.888888888888889,1,9.0,75.50000000000003,4.964444444444446,8.044444444444444,8.841846274778883,1,B2,3
7,6.0,1,7.0,30.53000000000003,10.740000000000002,8.514285714285714,11.20814326018867,3,A2,1
11,5.454545454545454,1,11.0,19.100000000000023,12.831111111111113,8.044444444444444,8.841846274778883,1,B1,2
12,3.9166666666666665,1,12.0,53.655,8.756666666666668,11.466666666666669,13.023866798666859,3,A2,1
7,4.714285714285714,1,7.0,78.87285714285717,3.997142857142858,8.514285714285714,8.841846274778883,2,A2,1
11,3.6363636363636362,1,11.0,95.165,2.4700000000000024,8.0,8.841846274778883,1,B2,3
10,4.5,1,10.0,78.24500000000002,4.830000000000002,8.0,8.841846274778883,3,A2,1
7,5.0,1,7.0,78.87285714285717,3.997142857142858,2.8000000000000003,8.841846274778883,1,A2,1
14,5.571428571428571,1,14.0,41.553571428571445,10.941428571428574,11.314285714285715,11.20814326018867,5,A2,1
12,3.1666666666666665,1,12.0,95.955,2.8566666666666656,8.133333333333335,8.841846274778883,1,A2,1
22,3.8636363636363638,1,22.0,57.605000000000004,10.690000000000001,8.8,3.1291,11,C2,5
16,5.1875,2,8.0,55.952500000000015,7.442500000000003,10.700000000000001,10.125756701596842,3,B1,2
6,3.8333333333333335,1,6.0,102.045,0.5166666666666693,2.4000000000000004,3.1291,0,A2,1
17,3.6470588235294117,2,8.5,97.7025,1.495000000000001,3.0,3.1291,1,B1,2
18,3.611111111111111,1,18.0,90.05058823529413,4.92235294117647,6.800000000000001,3.1291,1,A2,1
6,4.5,1,6.0,102.045,0.5166666666666693,2.4000000000000004,3.1291,0,A2,1
34,4.176470588235294,1,34.0,45.158181818181845,15.15878787878788,16.83636363636364,13.023866798666859,7,B2,3
23,3.9565217391304346,1,23.0,53.759545454545474,11.22636363636364,12.436363636363637,11.20814326018867,4,B2,3
23,3.3043478260869565,1,23.0,84.17695652173914,7.232173913043479,10.93913043478261,8.841846274778883,3,A2,1
26,3.769230769230769,1,26.0,69.67500000000004,9.503333333333334,11.266666666666667,8.841846274778883,3,B1,2
19,4.526315789473684,1,19.0,35.309411764705914,12.55764705882353,16.211764705882356,15.903189008614273,4,B1,2
6,6.166666666666667,1,6.0,59.745000000000005,6.416666666666668,9.066666666666668,8.841846274778883,1,A2,1
39,4.410256410256411,1,39.0,50.270263157894775,15.687894736842104,18.357894736842105,13.023866798666859,9,B1,2
20,3.8,1,20.0,76.2342105263158,7.346315789473689,9.705263157894738,8.841846274778883,2,A2,1
34,3.764705882352941,1,34.0,55.28714285714287,14.242857142857144,16.28571428571429,13.023866798666859,7,B1,2
20,3.85,1,20.0,76.82043478260871,8.25826086956522,12.678260869565218,11.20814326018867,4,B1,2
17,3.8823529411764706,1,17.0,75.12117647058825,7.004705882352944,9.15294117647059,8.841846274778883,2,A2,1
12,4.833333333333333,1,12.0,49.54272727272729,9.081818181818182,11.672727272727274,11.20814326018867,3,A2,1
24,4.166666666666667,1,24.0,57.605000000000004,10.690000000000001,14.254545454545458,13.023866798666859,7,A2,1
6,4.833333333333333,1,6.0,73.84500000000001,4.450000000000003,2.4000000000000004,3.1291,2,A1,0
25,7.32,1,25.0,-8.278076923076895,20.873076923076926,25.784615384615382,21.19438992294339,15,B2,3
9,4.444444444444445,1,9.0,71.81500000000001,5.230000000000004,8.200000000000001,8.841846274778883,3,A2,1
23,4.260869565217392,1,23.0,59.10000000000004,10.978333333333332,11.266666666666667,11.20814326018867,5,B1,2
13,4.846153846153846,1,13.0,56.97846153846157,8.541538461538462,11.353846153846156,13.023866798666859,3,B1,2
24,4.333333333333333,1,24.0,58.429130434782635,10.823478260869567,14.417391304347825,13.023866798666859,5,A2,1
16,4.6875,1,16.0,56.25000000000003,9.140000000000004,11.333333333333336,11.20814326018867,2,B1,2
26,4.1923076923076925,1,26.0,49.48400000000001,12.568000000000001,19.6,17.122413403193683,5,B1,2
20,3.4,1,20.0,76.2342105263158,7.346315789473689,9.705263157894738,8.841846274778883,1,B1,2
19,4.894736842105263,1,19.0,36.1605263157895,12.935789473684213,16.02105263157895,14.554592549557764,5,B1,2
28,3.9285714285714284,1,28.0,57.23000000000002,11.984444444444446,13.762962962962963,11.20814326018867,8,B1,2
21,4.476190476190476,1,21.0,59.636000000000024,11.152000000000001,13.200000000000001,11.20814326018867,5,B2,3
7,6.428571428571429,1,7.0,42.61571428571432,9.054285714285715,19.942857142857143,13.023866798666859,3,B2,3
21,4.380952380952381,1,21.0,53.97105263157897,10.451578947368422,13.915789473684212,14.554592549557764,4,A2,1
19,4.157894736842105,1,19.0,61.665000000000006,9.130000000000003,9.422222222222222,11.20814326018867,5,A2,1
26,4.269230769230769,1,26.0,45.00000000000003,12.945,17.933333333333334,15.903189008614273,7,B1,2
16,5.25,1,16.0,39.33000000000001,11.500000000000004,16.666666666666668,15.903189008614273,4,B1,2
17,3.3529411764705883,1,17.0,90.13250000000001,4.662500000000001,6.4,3.1291,0,A2,1
15,5.066666666666666,1,15.0,30.947692307692336,12.172307692307694,11.353846153846156,13.023866798666859,6,B1,2
15,5.0,1,15.0,56.25000000000003,9.140000000000004,8.666666666666668,11.20814326018867,3,A2,1
15,3.933333333333333,1,15.0,83.85357142857143,5.041428571428572,8.457142857142857,8.841846274778883,3,A2,1
8,3.875,1,8.0,103.70000000000002,1.0311111111111124,3.6,3.1291,1,A2,1
28,3.857142857142857,2,14.0,92.86583333333337,3.6601851851851883,6.881481481481481,7.168621630094336,2,B1,2
8,5.125,1,8.0,71.81500000000001,5.230000000000004,3.2,8.841846274778883,1,A2,1
18,4.166666666666667,1,18.0,75.76500000000001,7.163333333333334,7.2,8.841846274778883,2,A2,1
13,4.076923076923077,1,13.0,67.75500000000001,6.790000000000003,8.133333333333335,11.20814326018867,2,C1,4
21,3.9523809523809526,1,21.0,71.06500000000001,7.818888888888889,9.422222222222222,8.841846274778883,4,B2,3
8,5.75,1,8.0,18.940000000000026,12.605000000000004,13.200000000000001,11.20814326018867,3,A2,1
15,3.7333333333333334,2,7.5,103.04428571428575,0.6257142857142846,5.6571428571428575,7.168621630094336,1,B2,3
15,3.6,1,15.0,71.76785714285715,6.727142857142859,8.457142857142857,8.841846274778883,2,B2,3
25,4.0,1,25.0,52.86800000000002,12.096,14.8,13.023866798666859,5,B2,3
17,4.0588235294117645,1,17.0,84.845,5.400000000000002,8.9,8.841846274778883,2,B2,3
11,4.181818181818182,1,11.0,80.30636363636367,4.790909090909089,8.036363636363637,8.841846274778883,3,B2,3
15,4.266666666666667,1,15.0,56.97846153846157,8.541538461538462,8.276923076923078,11.20814326018867,3,B2,3
11,5.545454545454546,1,11.0,49.54272727272729,9.081818181818182,4.4,11.20814326018867,3,B1,2
20,4.05,1,20.0,63.86500000000004,9.32,8.0,8.841846274778883,2,B1,2
8,4.875,1,8.0,66.10000000000002,6.2755555555555596,12.488888888888889,11.20814326018867,2,A2,1
35,4.485714285714286,1,35.0,37.46727272727276,16.231515151515154,18.04848484848485,14.554592549557764,11,C1,4
34,4.470588235294118,1,34.0,37.960294117647095,16.411176470588234,17.129411764705885,14.554592549557764,9,C1,4
14,4.357142857142857,1,14.0,63.486153846153854,7.633846153846157,5.2,11.20814326018867,1,B1,2
37,4.405405405405405,1,37.0,41.36500000000002,16.930000000000003,17.30526315789474,13.023866798666859,7,B1,2
17,4.352941176470588,1,17.0,56.965,9.785555555555558,11.644444444444446,11.20814326018867,4,B1,2
10,4.4,1,10.0,78.24500000000002,4.830000000000002,8.0,8.841846274778883,3,B1,2
21,3.4761904761904763,1,21.0,89.24500000000003,5.780000000000001,10.0,8.841846274778883,2,B1,2
28,3.9285714285714284,1,28.0,63.600714285714304,11.344285714285714,14.057142857142859,13.023866798666859,2,B1,2
37,4.945945945945946,1,37.0,27.517837837837845,18.612972972972972,22.36756756756757,18.243605946275583,12,B2,3
16,3.9375,1,16.0,79.5575,6.137499999999999,8.9,8.841846274778883,2,B2,3
26,4.038461538461538,1,26.0,60.05269230769234,11.342307692307696,13.476923076923079,11.20814326018867,5,B1,2
15,4.933333333333334,1,15.0,50.610000000000014,9.92666666666667,14.0,13.023866798666859,5,B1,2
12,4.833333333333333,1,12.0,53.655,8.756666666666668,8.133333333333335,11.20814326018867,4,B2,3
21,4.761904761904762,1,21.0,38.48500000000004,12.860000000000003,14.0,13.023866798666859,6,C1,4
11,4.090909090909091,1,11.0,64.9245454545455,6.936363636363637,8.036363636363637,11.20814326018867,3,B2,3
14,4.285714285714286,1,14.0,77.81071428571428,5.884285714285717,8.457142857142857,8.841846274778883,2,A2,1
16,4.375,1,16.0,58.4075,9.087500000000002,11.4,11.20814326018867,3,B1,2
20,4.7,1,20.0,51.17500000000004,11.090000000000003,16.0,14.554592549557764,4,B1,2
18,5.0,1,18.0,52.265000000000015,10.441111111111113,13.866666666666669,13.023866798666859,6,B1,2
9,5.222222222222222,1,9.0,56.70000000000002,7.58666666666667,12.488888888888889,11.20814326018867,2,B2,3
18,3.6666666666666665,1,18.0,85.07411764705884,5.616470588235295,6.800000000000001,3.1291,3,A2,1
30,3.3333333333333335,1,30.0,74.86500000000002,10.27,13.333333333333336,8.841846274778883,4,B2,3
28,5.25,1,28.0,16.496666666666698,17.665925925925922,19.68888888888889,19.287186520377343,9,C1,4
28,4.821428571428571,1,28.0,42.4507142857143,14.294285714285717,15.485714285714288,14.554592549557764,9,B1,2
16,4.5,1,16.0,63.69500000000001,8.350000000000005,11.4,13.023866798666859,3,B2,3
15,3.3333333333333335,1,15.0,95.42,3.9250000000000007,6.4,3.1291,2,A2,1
26,4.0,1,26.0,69.8142307692308,9.98076923076923,10.4,11.20814326018867,4,B2,3
7,3.4285714285714284,1,7.0,59.745000000000005,6.416666666666668,9.066666666666668,8.841846274778883,3,B1,2
10,3.1,1,10.0,95.165,2.4700000000000024,8.0,8.841846274778883,1,A2,1
23,3.391304347826087,1,23.0,84.52318181818181,6.935454545454547,10.618181818181819,8.841846274778883,2,B1,2
20,3.1,1,20.0,85.13947368421054,6.104210526315793,7.6000000000000005,3.1291,0,A2,1
8,4.875,1,8.0,61.24000000000001,6.705000000000002,3.2,8.841846274778883,1,A2,1
17,5.352941176470588,1,17.0,16.107500000000016,14.9875,16.400000000000002,14.554592549557764,6,B2,3
21,3.857142857142857,1,21.0,60.634285714285724,10.019047619047623,10.304761904761905,14.554592549557764,1,B1,2
10,4.1,1,10.0,66.10000000000002,6.2755555555555596,12.488888888888889,11.20814326018867,2,B1,2
19,4.105263157894737,1,19.0,67.32894736842107,8.588421052631581,9.705263157894738,11.20814326018867,3,B2,3
24,4.291666666666667,1,24.0,73.20000000000002,9.011666666666667,9.600000000000001,3.1291,3,B1,2
17,4.470588235294118,1,17.0,47.83250000000001,10.562500000000004,16.400000000000002,14.554592549557764,4,A2,1
13,4.461538461538462,1,13.0,89.51692307692309,4.003076923076925,5.2,3.1291,1,B1,2
8,3.625,1,8.0,92.965,2.280000000000001,8.200000000000001,8.841846274778883,1,A2,1
30,3.966666666666667,1,30.0,63.020000000000024,10.68,11.600000000000001,13.023866798666859,3,B1,2
16,3.9375,1,16.0,79.5575,6.137499999999999,8.9,11.20814326018867,1,A2,1
8,4.5,1,8.0,42.61571428571432,9.054285714285715,14.228571428571428,11.20814326018867,2,A2,1
22,3.1818181818181817,1,22.0,84.52318181818181,6.935454545454547,10.618181818181819,8.841846274778883,3,A2,1
10,2.8,1,10.0,103.70000000000002,1.0311111111111124,3.6,3.1291,0,A2,1
16,3.625,1,16.0,90.09000000000002,4.420000000000002,6.0,8.841846274778883,0,A2,1
10,3.9,1,10.0,95.165,2.4700000000000024,4.0,3.1291,0,A2,1
9,5.222222222222222,1,9.0,56.70000000000002,7.58666666666667,8.044444444444444,8.841846274778883,2,A2,1
24,3.7083333333333335,1,24.0,80.49869565217392,7.745217391304351,10.93913043478261,8.841846274778883,1,B1,2
19,4.7894736842105265,1,19.0,62.87631578947371,9.209473684210526,11.810526315789474,11.20814326018867,4,B1,2
15,3.8,1,15.0,84.45000000000003,5.206666666666667,8.666666666666668,8.841846274778883,1,A2,1
13,3.3846153846153846,1,13.0,96.02461538461542,3.0953846153846136,5.2,3.1291,0,A2,1
8,3.75,1,8.0,82.39000000000001,3.7550000000000026,8.200000000000001,8.841846274778883,1,A2,1
12,3.8333333333333335,1,12.0,80.30636363636367,4.790909090909089,4.4,11.20814326018867,0,A1,0
7,5.285714285714286,1,7.0,6.35857142857148,14.111428571428572,19.942857142857143,13.023866798666859,3,A2,1
17,3.411764705882353,1,17.0,100.00352941176472,3.5341176470588245,6.800000000000001,3.1291,0,B2,3
9,3.2222222222222223,1,9.0,113.10000000000002,-0.27999999999999936,3.6,3.1291,0,B1,2
20,4.1,1,20.0,66.36500000000001,8.474444444444444,9.422222222222222,11.20814326018867,1,A2,1
23,3.608695652173913,1,23.0,80.49869565217392,7.745217391304351,9.200000000000001,3.1291,0,B1,2
7,4.428571428571429,1,7.0,78.87285714285717,3.997142857142858,2.8000000000000003,3.1291,0,A2,1
11,3.6363636363636362,1,11.0,87.99727272727276,3.7181818181818187,4.4,3.1291,0,A2,1
6,4.0,1,6.0,87.94500000000002,2.4833333333333343,2.4000000000000004,3.1291,1,B1,2
15,3.3333333333333335,1,15.0,95.73000000000002,3.633333333333333,6.0,3.1291,2,B1,2
11,3.3636363636363638,1,11.0,111.07000000000002,0.5,4.4,3.1291,0,A2,1
16,4.0,1,16.0,63.69500000000001,8.350000000000005,8.9,8.841846274778883,3,A2,1
13,3.923076923076923,1,13.0,96.02461538461542,3.0953846153846136,5.2,3.1291,0,A2,1
12,3.9166666666666665,1,12.0,88.905,3.84,4.800000000000001,3.1291,1,A2,1
23,3.5652173913043477,1,23.0,88.83428571428574,6.085714285714285,8.4,3.1291,0,B2,3
13,4.6923076923076925,1,13.0,76.50153846153849,5.818461538461541,8.276923076923078,8.841846274778883,4,A2,1
12,4.833333333333333,1,12.0,63.486153846153854,7.633846153846157,8.276923076923078,8.841846274778883,3,B1,2
8,5.125,1,8.0,6.35857142857148,14.111428571428572,25.65714285714286,14.554592549557764,4,C1,4
14,4.357142857142857,1,14.0,71.76785714285715,6.727142857142859,11.314285714285715,11.20814326018867,3,C1,4
8,4.375,1,8.0,71.81500000000001,5.230000000000004,8.200000000000001,8.841846274778883,2,A1,0
13,3.769230769230769,1,13.0,95.93928571428573,3.355714285714285,5.6000000000000005,3.1291,2,A2,1
13,4.230769230769231,1,13.0,76.50153846153849,5.818461538461541,5.2,3.1291,1,B1,2
7,4.857142857142857,1,7.0,90.95857142857145,2.3114285714285714,2.8000000000000003,3.1291,1,A2,1
10,4.5,1,10.0,61.32500000000002,7.190000000000001,12.0,11.20814326018867,4,A2,1
11,5.545454545454546,1,11.0,49.54272727272729,9.081818181818182,8.036363636363637,8.841846274778883,5,A2,1
12,4.333333333333333,1,12.0,74.805,5.806666666666668,8.133333333333335,8.841846274778883,4,A2,1
7,4.285714285714286,1,7.0,82.39000000000001,3.7550000000000026,8.200000000000001,8.841846274778883,2,A2,1
8,3.875,1,8.0,71.81500000000001,5.230000000000004,3.2,3.1291,4,A2,1
13,4.538461538461538,1,13.0,78.81000000000003,5.993333333333336,6.0,3.1291,4,A2,1
13,4.615384615384615,1,13.0,76.50153846153849,5.818461538461541,5.2,3.1291,4,A2,1
16,4.25,1,16.0,61.890000000000015,8.353333333333339,8.666666666666668,8.841846274778883,4,B1,2
14,5.5,1,14.0,35.5107142857143,11.784285714285716,14.171428571428573,13.023866798666859,7,A2,1
7,6.142857142857143,1,7.0,18.44428571428574,12.425714285714289,14.228571428571428,11.20814326018867,3,A2,1
11,5.545454545454546,1,11.0,46.60500000000002,9.740000000000002,14.8,13.023866798666859,3,A2,1
11,4.7272727272727275,1,11.0,87.99727272727276,3.7181818181818187,4.4,3.1291,2,B1,2
23,4.217391304347826,1,23.0,72.9868181818182,8.544545454545453,12.436363636363637,11.20814326018867,4,B1,2
6,7.0,1,6.0,-52.039999999999964,21.76000000000001,26.0,13.023866798666859,3,A2,1
9,5.666666666666667,1,9.0,61.32500000000002,7.190000000000001,8.0,8.841846274778883,4,C1,4
9,4.444444444444445,1,9.0,84.90000000000003,3.653333333333336,3.6,3.1291,3,A2,1
10,6.5,1,10.0,44.405,9.55,8.0,8.841846274778883,5,B1,2
18,4.666666666666667,1,18.0,52.265000000000015,10.441111111111113,11.644444444444446,11.20814326018867,6,B2,3
7,5.857142857142857,1,7.0,42.61571428571432,9.054285714285715,8.514285714285714,8.841846274778883,3,A2,1
11,5.2727272727272725,1,11.0,69.99384615384618,6.726153846153846,11.353846153846156,11.20814326018867,3,A2,1
11,4.545454545454546,1,11.0,72.61545454545457,5.863636363636363,11.672727272727274,11.20814326018867,3,A2,1
7,6.714285714285714,1,7.0,45.64500000000001,8.383333333333333,9.066666666666668,8.841846274778883,4,B2,3
7,6.571428571428571,1,7.0,42.61571428571432,9.054285714285715,14.228571428571428,11.20814326018867,4,B1,2
12,3.9166666666666665,1,12.0,60.70500000000001,7.773333333333333,8.133333333333335,8.841846274778883,5,A2,1
9,3.6666666666666665,1,9.0,94.30000000000001,2.342222222222226,3.6,3.1291,0,A2,1
9,4.333333333333333,1,9.0,66.10000000000002,6.2755555555555596,12.488888888888889,11.20814326018867,2,A2,1
22,3.8181818181818183,1,22.0,76.74857142857144,7.771428571428572,12.20952380952381,11.20814326018867,2,B1,2
8,3.0,1,8.0,114.11500000000001,-0.6699999999999982,3.2,3.1291,0,A1,0
22,4.818181818181818,1,22.0,49.91409090909093,11.762727272727272,12.436363636363637,13.023866798666859,7,B2,3
26,4.961538461538462,1,26.0,32.163333333333355,15.480740740740742,16.725925925925928,14.554592549557764,9,B2,3
24,6.583333333333333,1,24.0,2.7000000000000455,18.845000000000002,21.26666666666667,19.287186520377343,10,B2,3
9,3.888888888888889,1,9.0,84.90000000000003,3.653333333333336,3.6,3.1291,2,B1,2
20,5.2,1,20.0,38.48500000000004,12.860000000000003,20.0,18.243605946275583,6,A2,1
27,4.222222222222222,1,27.0,57.23000000000002,11.984444444444446,15.244444444444447,13.023866798666859,6,B1,2
8,5.75,1,8.0,40.09,9.655000000000001,13.200000000000001,11.20814326018867,3,B1,2
5,3.2,1,5.0,97.025,0.7199999999999989,1.6,3.1291,1,A1,0
22,4.454545454545454,1,22.0,46.06863636363636,12.29909090909091,16.072727272727274,14.554592549557764,8,B2,3
18,4.833333333333333,1,18.0,47.565,11.096666666666668,11.644444444444446,11.20814326018867,8,B1,2
15,7.6,1,15.0,-17.069999999999993,19.36666666666667,19.333333333333336,15.903189008614273,10,B2,3
13,4.6923076923076925,1,13.0,69.99384615384618,6.726153846153846,11.353846153846156,11.20814326018867,3,B2,3
10,6.2,1,10.0,9.700000000000017,14.142222222222227,16.933333333333334,13.023866798666859,5,B2,3
8,4.625,1,8.0,71.81500000000001,5.230000000000004,8.200000000000001,8.841846274778883,1,A2,1
3,3.3333333333333335,1,3.0,97.025,0.7199999999999989,1.6,3.1291,0,A1,0
22,4.636363636363637,1,22.0,56.6057142857143,10.580952380952379,10.304761904761905,8.841846274778883,8,B2,3
5,4.8,1,5.0,75.87500000000001,3.6700000000000017,1.6,3.1291,2,A2,1
34,4.794117647058823,1,34.0,43.395000000000024,16.150000000000002,19.955555555555556,15.903189008614273,7,B2,3
18,4.666666666666667,1,18.0,50.2388235294118,10.47529411764706,11.505882352941178,11.20814326018867,3,B2,3
7,4.571428571428571,1,7.0,71.81500000000001,5.230000000000004,3.2,8.841846274778883,1,A2,1
6,3.8333333333333335,1,6.0,102.045,0.5166666666666693,2.4000000000000004,3.1291,0,A1,0
10,4.4,1,10.0,56.70000000000002,7.58666666666667,8.044444444444444,8.841846274778883,3,A2,1
7,5.285714285714286,1,7.0,66.7871428571429,5.682857142857145,8.514285714285714,8.841846274778883,1,A2,1
12,4.583333333333333,1,12.0,81.85500000000002,4.823333333333334,8.133333333333335,8.841846274778883,3,A1,0
3,5.0,1,3.0,62.79000000000002,5.246666666666666,14.533333333333335,8.841846274778883,1,A1,0
9,5.444444444444445,1,9.0,37.900000000000034,10.208888888888893,16.933333333333334,13.023866798666859,4,B1,2
22,4.318181818181818,1,22.0,57.605000000000004,10.690000000000001,14.254545454545458,13.023866798666859,6,B2,3
18,4.555555555555555,1,18.0,58.42368421052632,9.830526315789477,13.915789473684212,13.023866798666859,5,B2,3
5,4.8,1,5.0,66.40000000000003,5.240000000000002,2.0,8.841846274778883,1,A2,1
16,3.6875,1,16.0,78.81000000000003,5.993333333333336,6.0,8.841846274778883,1,A2,1
5,3.6,1,5.0,97.025,0.7199999999999989,1.6,3.1291,0,A1,0
25,5.0,1,25.0,35.29666666666668,15.043703703703706,15.244444444444447,14.554592549557764,6,C2,5
10,3.9,1,10.0,78.24500000000002,4.830000000000002,4.0,8.841846274778883,2,A2,1
23,4.565217391304348,2,11.5,68.74642857142858,7.1485714285714295,11.314285714285715,11.20814326018867,4,B2,3
15,6.133333333333334,1,15.0,11.130000000000024,15.433333333333337,22.0,17.122413403193683,9,B2,3
34,4.264705882352941,2,17.0,63.03110465116282,9.808953488372094,12.32093023255814,11.20814326018867,11,C1,4
31,5.67741935483871,3,10.333333333333334,62.05047619047622,7.502857142857145,8.095238095238095,8.841846274778883,13,C1,4
12,4.833333333333333,1,12.0,74.805,5.806666666666668,8.133333333333335,8.841846274778883,3,B1,2
12,4.0,2,6.0,84.9157142857143,3.1542857142857166,5.6571428571428575,7.168621630094336,3,B1,2
21,4.904761904761905,1,21.0,49.48400000000001,12.568000000000001,18.0,15.903189008614273,6,B2,3
24,4.625,1,24.0,62.62500000000003,10.486666666666668,14.600000000000001,13.023866798666859,5,B2,3
9,3.888888888888889,1,9.0,84.90000000000003,3.653333333333336,3.6,3.1291,2,A2,1
10,5.4,2,5.0,-4.532499999999999,15.009444444444448,19.57777777777778,11.20814326018867,5,B1,2
4,4.0,2,2.0,97.025,0.7199999999999989,1.6,3.1291,1,B2,3
19,5.2105263157894735,1,19.0,45.06578947368425,11.693684210526317,13.915789473684212,13.023866798666859,9,B2,3
28,5.178571428571429,1,28.0,24.105000000000018,17.350000000000005,22.66666666666667,19.287186520377343,12,B2,3
15,4.666666666666667,3,5.0,81.64803921568628,3.278823529411767,6.972549019607844,7.793537801064561,2,B2,3
32,4.34375,1,32.0,65.96125000000002,12.008750000000003,12.8,3.1291,6,B2,3
20,4.9,1,20.0,51.17500000000004,11.090000000000003,14.0,14.554592549557764,5,B1,2
24,4.333333333333333,2,12.0,59.68214285714288,8.412857142857145,11.314285714285715,12.161744961471694,7,B2,3
34,4.852941176470588,1,34.0,30.49558823529415,17.452352941176475,21.835294117647063,19.287186520377343,8,B2,3
33,5.121212121212121,3,11.0,60.0566666666667,8.195,9.333333333333334,11.855464076750408,9,C1,4
45,4.822222222222222,1,45.0,31.440000000000026,20.053333333333338,20.666666666666668,14.554592549557764,15,C2,5
12,4.75,1,12.0,65.72500000000001,7.570000000000004,8.457142857142857,11.20814326018867,3,B1,2
16,4.0,1,16.0,68.9825,7.612500000000001,8.9,11.20814326018867,4,B2,3
33,6.0,1,33.0,14.357096774193565,18.95806451612903,21.43225806451613,18.243605946275583,16,B2,3
31,4.806451612903226,2,15.5,49.91500000000002,10.768888888888888,12.755555555555556,13.023866798666859,14,C1,4
21,4.761904761904762,1,21.0,54.750869565217414,11.336521739130436,10.93913043478261,11.20814326018867,6,B2,3
16,4.625,1,16.0,78.81000000000003,5.993333333333336,11.333333333333336,11.20814326018867,3,B1,2
5,3.8,1,5.0,102.045,0.5166666666666693,2.4000000000000004,3.1291,0,A2,1
13,5.3076923076923075,1,13.0,56.97846153846157,8.541538461538462,11.353846153846156,11.20814326018867,4,B1,2
17,4.117647058823529,1,17.0,76.2342105263158,7.346315789473689,9.705263157894738,8.841846274778883,2,B2,3
10,5.2,1,10.0,49.54272727272729,9.081818181818182,8.036363636363637,13.023866798666859,2,B2,3
8,4.375,1,8.0,66.10000000000002,6.2755555555555596,12.488888888888889,11.20814326018867,3,A2,1
23,5.608695652173913,1,23.0,25.32478260869567,15.440869565217394,19.63478260869565,17.122413403193683,7,C1,4
15,3.933333333333333,1,15.0,85.16499999999999,5.852222222222224,7.2,3.1291,2,B2,3
20,5.0,1,20.0,49.91409090909093,11.762727272727272,10.618181818181819,13.023866798666859,4,B2,3
29,4.344827586206897,1,29.0,50.96333333333334,12.858518518518522,15.244444444444447,13.023866798666859,9,C1,4
17,5.0,1,17.0,35.309411764705914,12.55764705882353,18.56470588235294,15.903189008614273,6,B2,3
7,3.7142857142857144,1,7.0,71.81500000000001,5.230000000000004,3.2,3.1291,1,B1,2
21,5.190476190476191,1,21.0,34.255000000000024,13.450000000000003,16.0,14.554592549557764,9,B2,3
25,5.28,1,25.0,25.79600000000002,15.872000000000003,21.200000000000003,19.287186520377343,9,B2,3
31,5.193548387096774,1,31.0,30.731290322580662,16.674193548387098,17.561290322580646,15.903189008614273,8,B1,2
16,4.6875,1,16.0,50.610000000000014,9.92666666666667,11.333333333333336,11.20814326018867,4,B2,3
6,4.333333333333333,1,6.0,49.48000000000002,7.600000000000001,2.0,3.1291,1,A2,1
19,5.0,1,19.0,53.97105263157897,10.451578947368422,9.705263157894738,11.20814326018867,4,B2,3
11,5.545454545454546,1,11.0,35.94500000000002,10.73,12.0,13.023866798666859,5,B1,2
21,3.4761904761904763,1,21.0,76.55500000000004,7.550000000000001,10.0,8.841846274778883,3,B2,3
20,4.75,1,20.0,47.565,11.096666666666668,13.866666666666669,13.023866798666859,8,B2,3
11,3.909090909090909,1,11.0,88.905,3.84,8.133333333333335,8.841846274778883,2,A2,1
8,3.125,1,8.0,90.95857142857145,2.3114285714285714,2.8000000000000003,3.1291,0,A2,1
7,3.2857142857142856,1,7.0,103.04428571428575,0.6257142857142846,2.8000000000000003,3.1291,0,A2,1
18,4.722222222222222,2,9.0,61.400000000000034,6.9311111111111146,10.266666666666667,10.125756701596842,6,B2,3
13,5.076923076923077,1,13.0,43.963076923076954,10.356923076923078,14.430769230769233,13.023866798666859,5,C1,4
15,5.533333333333333,1,15.0,56.25000000000003,9.140000000000004,11.333333333333336,11.20814326018867,5,B2,3
22,4.636363636363637,1,22.0,44.52000000000001,12.26666666666667,14.114285714285714,13.023866798666859,7,B2,3
8,4.75,1,8.0,61.24000000000001,6.705000000000002,8.200000000000001,8.841846274778883,3,A2,1
17,4.235294117647059,1,17.0,58.4075,9.087500000000002,11.4,13.023866798666859,3,B1,2
24,4.291666666666667,2,12.0,62.74510869565219,7.364565217391306,9.817391304347826,10.125756701596842,5,C1,4
15,5.066666666666666,1,15.0,53.639285714285734,9.255714285714287,11.314285714285715,11.20814326018867,5,B1,2
10,4.0,1,10.0,78.24500000000002,4.830000000000002,8.0,8.841846274778883,1,B1,2
10,5.3,1,10.0,26.470000000000027,12.3,15.30909090909091,13.023866798666859,6,B1,2
9,4.666666666666667,1,9.0,64.9245454545455,6.936363636363637,8.036363636363637,11.20814326018867,2,B1,2
24,3.875,2,12.0,88.905,3.84,6.466666666666668,7.168621630094336,1,B2,3
15,4.733333333333333,1,15.0,35.5107142857143,11.784285714285716,11.314285714285715,11.20814326018867,6,B2,3
17,4.411764705882353,1,17.0,55.21529411764709,9.781176470588235,11.505882352941178,11.20814326018867,5,B2,3
6,6.0,1,6.0,45.64500000000001,8.383333333333333,2.4000000000000004,11.20814326018867,0,B1,2
11,4.545454545454546,1,11.0,69.78500000000001,6.010000000000002,4.0,8.841846274778883,1,B1,2
13,5.384615384615385,1,13.0,34.160909090909115,11.22727272727273,15.30909090909091,13.023866798666859,5,B2,3
12,5.333333333333333,1,12.0,46.60500000000002,9.740000000000002,8.133333333333335,11.20814326018867,3,B2,3
8,5.75,1,8.0,-2.2099999999999795,15.555000000000003,13.200000000000001,13.023866798666859,3,B2,3
21,5.333333333333333,1,21.0,28.40571428571431,14.514285714285716,14.114285714285714,13.023866798666859,8,B2,3
3,5.333333333333333,1,3.0,35.60500000000002,8.790000000000003,0.8,3.1291,2,A1,0
13,4.461538461538462,2,6.5,45.64500000000001,8.383333333333333,12.4,10.125756701596842,4,B2,3
17,4.176470588235294,1,17.0,80.09764705882354,6.310588235294119,6.800000000000001,8.841846274778883,1,B2,3
17,3.8823529411764706,2,8.5,98.67808823529413,1.6073529411764724,3.4000000000000004,7.168621630094336,1,B2,3
10,5.8,1,10.0,10.564999999999998,14.270000000000007,20.0,14.554592549557764,5,A2,1
8,4.0,1,8.0,103.04428571428575,0.6257142857142846,2.8000000000000003,3.1291,1,A2,1
26,3.6153846153846154,2,13.0,88.905,3.84,4.800000000000001,7.168621630094336,0,B2,3
13,4.153846153846154,1,13.0,67.75500000000001,6.790000000000003,8.133333333333335,8.841846274778883,3,B1,2
10,4.2,1,10.0,86.70500000000001,3.650000000000002,4.0,3.1291,0,A2,1
16,4.125,1,16.0,73.17000000000003,6.780000000000001,8.666666666666668,11.20814326018867,2,B1,2
13,3.6153846153846154,1,13.0,87.99727272727276,3.7181818181818187,4.4,3.1291,2,B2,3
15,6.266666666666667,2,7.5,43.93691176470591,9.242647058823533,8.105882352941178,10.125756701596842,8,B1,2
17,6.470588235294118,2,8.5,-7.497499999999974,16.292500000000004,20.700000000000003,13.81666964889586,10,B2,3
22,4.818181818181818,1,22.0,60.634285714285724,10.019047619047623,14.114285714285714,13.023866798666859,5,B2,3
13,5.461538461538462,1,13.0,37.455384615384645,11.264615384615386,14.430769230769233,13.023866798666859,4,B2,3
20,4.9,1,20.0,40.613157894736844,12.314736842105265,13.915789473684212,14.554592549557764,7,C1,4
12,5.5,1,12.0,60.70500000000001,7.773333333333333,11.466666666666669,11.20814326018867,4,B1,2
14,5.071428571428571,1,14.0,67.75500000000001,6.790000000000003,4.800000000000001,3.1291,5,B1,2
8,5.375,1,8.0,40.09,9.655000000000001,13.200000000000001,11.20814326018867,2,B1,2
13,4.538461538461538,1,13.0,69.99384615384618,6.726153846153846,8.276923076923078,8.841846274778883,5,B2,3
7,3.857142857142857,1,7.0,90.95857142857145,2.3114285714285714,2.8000000000000003,8.841846274778883,0,B1,2
52,4.403846153846154,2,26.0,55.43183962264153,12.111037735849056,14.373584905660378,12.161744961471694,14,C1,4
11,5.636363636363637,1,11.0,49.54272727272729,9.081818181818182,8.036363636363637,8.841846274778883,6,B2,3
9,4.333333333333333,1,9.0,82.39000000000001,3.7550000000000026,8.200000000000001,8.841846274778883,2,B1,2
16,6.0625,1,16.0,10.820000000000022,15.725000000000005,18.900000000000002,17.122413403193683,7,B2,3
23,4.217391304347826,1,23.0,62.10739130434784,10.310434782608699,10.93913043478261,8.841846274778883,5,B2,3
30,4.533333333333333,1,30.0,46.66500000000002,14.203333333333337,17.333333333333336,14.554592549557764,4,B2,3
18,5.222222222222222,2,9.0,52.00000000000003,8.242222222222225,10.266666666666667,10.125756701596842,7,B2,3
43,4.023255813953488,1,43.0,43.1760465116279,17.91953488372093,19.990697674418605,14.554592549557764,8,C1,4
18,4.277777777777778,1,18.0,89.865,5.196666666666669,7.2,3.1291,1,B2,3
17,6.588235294117647,1,17.0,0.47411764705884707,17.416470588235295,23.27058823529412,19.287186520377343,9,C1,4
5,4.4,1,5.0,54.72500000000002,6.620000000000001,1.6,8.841846274778883,1,A2,1
24,4.25,1,24.0,49.91409090909093,11.762727272727272,14.254545454545458,13.023866798666859,6,B2,3
21,4.904761904761905,2,10.5,63.23464285714289,7.0478571428571435,9.914285714285715,11.20814326018867,5,B2,3
14,5.0,1,14.0,43.963076923076954,10.356923076923078,11.353846153846156,13.023866798666859,3,B1,2
57,3.8596491228070176,4,14.25,73.66926886792456,6.2756132075471704,8.318867924528304,8.841846274778883,12,B2,3
24,3.9583333333333335,2,12.0,80.30636363636367,4.790909090909089,8.036363636363637,8.841846274778883,4,B2,3
13,5.153846153846154,1,13.0,69.99384615384618,6.726153846153846,11.353846153846156,11.20814326018867,3,B1,2
5,4.0,1,5.0,83.32000000000004,2.879999999999999,10.0,8.841846274778883,1,A2,1
3,3.6666666666666665,1,3.0,90.99000000000004,1.3133333333333361,1.2000000000000002,3.1291,0,B2,3
15,4.933333333333334,1,15.0,59.68214285714288,8.412857142857145,11.314285714285715,11.20814326018867,5,B2,3
20,5.0,2,10.0,41.350394736842105,9.851842105263156,16.431578947368422,13.023866798666859,7,B2,3
6,3.6666666666666665,1,6.0,87.94500000000002,2.4833333333333343,2.4000000000000004,3.1291,0,A2,1
11,4.818181818181818,1,11.0,52.86500000000001,8.370000000000001,8.0,11.20814326018867,2,B1,2
7,4.571428571428571,1,7.0,66.7871428571429,5.682857142857145,8.514285714285714,8.841846274778883,2,B1,2
19,5.2105263157894735,1,19.0,40.2858823529412,11.863529411764706,13.858823529411765,13.023866798666859,7,B2,3
21,4.619047619047619,1,21.0,46.94500000000005,11.68,16.0,14.554592549557764,5,B2,3
23,4.3478260869565215,1,23.0,53.759545454545474,11.22636363636364,12.436363636363637,13.023866798666859,3,B2,3
7,3.4285714285714284,1,7.0,102.045,0.5166666666666693,2.4000000000000004,3.1291,0,A2,1
17,4.823529411764706,1,17.0,47.83250000000001,10.562500000000004,16.400000000000002,14.554592549557764,7,B1,2
6,4.0,1,6.0,87.94500000000002,2.4833333333333343,2.4000000000000004,8.841846274778883,0,A2,1
11,5.454545454545454,1,11.0,41.8518181818182,10.154545454545456,11.672727272727274,13.023866798666859,5,B1,2
24,4.625,1,24.0,59.10000000000004,10.978333333333332,12.933333333333335,11.20814326018867,6,B2,3
13,5.0,1,13.0,53.655,8.756666666666668,14.8,13.023866798666859,5,B1,2
52,4.8076923076923075,3,17.333333333333332,46.09833333333336,10.970000000000002,13.06666666666667,13.023866798666859,16,C1,4
18,4.055555555555555,1,18.0,74.27000000000001,6.8750000000000036,8.9,8.841846274778883,4,B1,2
24,4.458333333333333,1,24.0,42.223181818181814,12.83545454545455,17.89090909090909,17.122413403193683,6,B2,3
11,5.363636363636363,1,11.0,27.485000000000014,11.91,16.0,13.023866798666859,6,B2,3
12,4.166666666666667,2,6.0,102.045,0.5166666666666693,5.733333333333334,7.168621630094336,1,B1,2
20,5.05,2,10.0,57.09500000000003,7.779999999999998,10.0,10.125756701596842,7,B1,2
13,3.5384615384615383,2,6.5,97.0014285714286,1.4685714285714297,2.8000000000000003,3.1291,0,A2,1
28,5.571428571428571,1,28.0,30.365000000000038,15.98,18.342857142857145,17.122413403193683,10,B2,3
8,4.375,1,8.0,54.70142857142861,7.368571428571428,8.514285714285714,11.20814326018867,1,B1,2
8,3.375,1,8.0,114.11500000000001,-0.6699999999999982,3.2,3.1291,0,A2,1
13,5.153846153846154,1,13.0,50.470769230769264,9.44923076923077,11.353846153846156,13.023866798666859,4,B2,3
20,5.15,1,20.0,36.1605263157895,12.935789473684213,11.810526315789474,13.023866798666859,8,B2,3
17,6.470588235294118,1,17.0,15.403529411764737,15.334117647058822,23.27058823529412,18.243605946275583,8,B2,3
16,6.6875,1,16.0,0.47411764705884707,17.416470588235295,20.917647058823533,17.122413403193683,11,B2,3
14,5.285714285714286,1,14.0,59.68214285714288,8.412857142857145,11.314285714285715,11.20814326018867,5,B2,3
14,4.642857142857143,1,14.0,47.59642857142859,10.098571428571429,8.457142857142857,11.20814326018867,4,B2,3
8,4.5,1,8.0,71.81500000000001,5.230000000000004,13.200000000000001,11.20814326018867,2,B1,2
9,3.111111111111111,1,9.0,112.08500000000001,0.11000000000000121,4.0,3.1291,0,A2,1
19,5.368421052631579,1,19.0,24.064999999999998,14.374444444444446,18.311111111111114,15.903189008614273,7,B2,3
23,4.304347826086956,1,23.0,61.45045454545455,10.153636363636362,8.8,3.1291,8,B2,3
20,4.7,3,6.666666666666667,62.75857142857146,6.244761904761905,4.704761904761905,9.725611199111238,3,B1,2
20,4.3,1,20.0,71.78157894736843,7.967368421052633,9.705263157894738,8.841846274778883,2,B2,3
22,4.590909090909091,1,22.0,51.17500000000004,11.090000000000003,14.0,13.023866798666859,6,C1,4
21,4.761904761904762,1,21.0,52.57714285714289,11.142857142857142,14.114285714285714,13.023866798666859,6,B2,3
22,4.409090909090909,1,22.0,49.91409090909093,11.762727272727272,14.254545454545458,13.023866798666859,7,B1,2
14,5.428571428571429,1,14.0,47.59642857142859,10.098571428571429,8.457142857142857,8.841846274778883,7,B1,2
21,4.9523809523809526,1,21.0,44.52000000000001,12.26666666666667,16.019047619047623,14.554592549557764,7,B2,3
24,4.5,2,12.0,71.28000000000002,6.298333333333332,8.133333333333335,8.841846274778883,6,C1,4
12,5.416666666666667,1,12.0,46.60500000000002,9.740000000000002,14.8,13.023866798666859,3,B1,2
17,5.529411764705882,1,17.0,55.21529411764709,9.781176470588235,11.505882352941178,11.20814326018867,7,B2,3
13,4.461538461538462,1,13.0,56.97846153846157,8.541538461538462,11.353846153846156,11.20814326018867,4,B1,2
5,5.0,1,5.0,49.48000000000002,7.600000000000001,10.0,8.841846274778883,3,B1,2
22,4.454545454545454,2,11.0,61.32500000000002,7.190000000000001,8.0,8.841846274778883,5,B2,3
42,4.071428571428571,3,14.0,75.05000000000003,6.517777777777781,8.666666666666668,9.725611199111238,6,B2,3
45,4.311111111111111,2,22.5,63.946521739130446,10.053913043478264,12.678260869565218,12.161744961471694,7,B2,3
33,4.363636363636363,1,33.0,42.59454545454548,15.51636363636364,19.260606060606065,15.903189008614273,9,C1,4
24,4.208333333333333,1,24.0,66.15000000000003,9.995000000000001,14.600000000000001,13.023866798666859,5,C1,4
21,4.523809523809524,1,21.0,62.10739130434784,10.310434782608699,12.678260869565218,11.20814326018867,6,B1,2
24,4.125,2,12.0,84.8146739130435,4.286304347826089,4.6000000000000005,3.1291,4,B2,3
22,4.363636363636363,3,7.333333333333333,64.70833333333334,5.890000000000004,10.666666666666668,10.504223727775692,5,B1,2
20,4.75,3,6.666666666666667,74.84428571428573,4.559047619047622,10.41904761904762,9.725611199111238,5,B2,3
27,3.5185185185185186,2,13.5,78.33000000000001,5.315000000000001,8.133333333333335,8.841846274778883,3,A2,1
21,4.666666666666667,2,10.5,61.400000000000034,6.9311111111111146,10.266666666666667,10.125756701596842,6,B2,3
21,4.333333333333333,1,21.0,58.429130434782635,10.823478260869567,14.417391304347825,13.023866798666859,6,B2,3
33,4.03030303030303,1,33.0,55.12500000000003,13.023333333333337,14.666666666666666,11.20814326018867,7,C1,4
18,5.555555555555555,1,18.0,36.1605263157895,12.935789473684213,16.02105263157895,14.554592549557764,5,B2,3
21,5.095238095238095,1,21.0,44.52000000000001,12.26666666666667,17.923809523809524,15.903189008614273,5,B2,3
30,4.766666666666667,1,30.0,40.2896551724138,14.844137931034485,17.117241379310343,15.903189008614273,8,B2,3
21,4.761904761904762,2,10.5,59.20607142857145,7.609761904761903,8.009523809523811,10.125756701596842,5,C1,4
36,5.027777777777778,2,18.0,47.565,11.096666666666668,13.866666666666669,14.554592549557764,7,B1,2
34,3.323529411764706,2,17.0,84.845,5.400000000000002,7.65,8.841846274778883,3,B1,2
20,4.65,1,20.0,69.14136363636365,9.080909090909092,10.618181818181819,11.20814326018867,4,B2,3
36,4.361111111111111,2,18.0,71.06500000000001,7.818888888888889,11.644444444444446,11.20814326018867,6,B1,2
40,4.825,1,40.0,17.57307692307694,20.49692307692308,22.77948717948718,18.243605946275583,14,C1,4
22,4.363636363636363,3,7.333333333333333,82.9014285714286,3.4352380952380983,8.514285714285714,8.841846274778883,5,A2,1
22,4.454545454545454,4,5.5,82.0434090909091,3.1822727272727285,4.0181818181818185,5.985473137389441,5,B1,2
29,4.724137931034483,1,29.0,50.96333333333334,12.858518518518522,13.762962962962963,11.20814326018867,9,B2,3
21,4.190476190476191,1,21.0,55.40500000000003,10.500000000000004,10.0,8.841846274778883,7,B2,3
44,3.522727272727273,1,44.0,58.78846153846153,14.748205128205132,15.600000000000001,8.841846274778883,6,B2,3
24,3.875,3,8.0,89.44,2.7716666666666683,4.866666666666667,6.42735559955562,4,B1,2
48,4.041666666666667,2,24.0,62.38250000000002,10.396276595744684,13.65531914893617,13.023866798666859,9,B2,3
30,4.666666666666667,1,30.0,55.12500000000003,13.023333333333337,14.666666666666666,11.20814326018867,6,B2,3
20,5.35,1,20.0,31.70789473684212,13.556842105263158,13.915789473684212,14.554592549557764,8,C1,4
19,5.578947368421052,1,19.0,24.064999999999998,14.374444444444446,18.311111111111114,15.903189008614273,6,B2,3
18,4.555555555555555,2,9.0,68.81926470588238,5.772058823529413,8.105882352941178,10.125756701596842,4,B1,2
12,4.083333333333333,1,12.0,95.955,2.8566666666666656,4.800000000000001,8.841846274778883,0,B1,2
52,4.326923076923077,3,17.333333333333332,57.460897435897465,9.55076923076923,13.087179487179487,12.457975602129121,12,B1,2
31,5.451612903225806,1,31.0,30.731290322580662,16.674193548387098,18.851612903225806,17.122413403193683,11,C1,4
31,5.0,2,15.5,55.0071551724138,9.189137931034484,12.696551724137933,12.161744961471694,8,B2,3
25,3.36,3,8.333333333333334,103.4185507246377,0.7391304347826093,3.066666666666667,3.1291,1,B1,2
23,4.260869565217392,3,7.666666666666667,94.98714285714289,1.7495238095238115,2.8000000000000003,3.1291,4,A1,0
23,4.0,3,7.666666666666667,87.87348484848488,2.8245454545454542,4.751515151515152,6.42735559955562,3,B1,2
11,4.636363636363637,1,11.0,60.70500000000001,7.773333333333333,11.466666666666669,11.20814326018867,4,B1,2
19,4.947368421052632,1,19.0,45.06578947368425,11.693684210526317,13.915789473684212,13.023866798666859,6,B2,3
17,4.529411764705882,1,17.0,58.4075,9.087500000000002,13.9,13.023866798666859,6,B1,2
9,3.4444444444444446,1,9.0,92.965,2.280000000000001,8.200000000000001,8.841846274778883,1,B1,2
8,4.0,1,8.0,90.95857142857145,2.3114285714285714,2.8000000000000003,3.1291,2,A2,1
15,4.6,1,15.0,73.17000000000003,6.780000000000001,8.666666666666668,8.841846274778883,4,B2,3
19,5.2631578947368425,1,19.0,42.86500000000001,11.752222222222223,13.866666666666669,13.023866798666859,8,B2,3
4,4.5,1,4.0,75.87500000000001,3.6700000000000017,1.6,3.1291,2,A2,1
10,3.7,1,10.0,103.625,1.2900000000000027,4.0,3.1291,1,A2,1
24,4.291666666666667,1,24.0,73.20000000000002,9.011666666666667,11.266666666666667,8.841846274778883,5,B2,3
12,3.9166666666666665,1,12.0,83.0092307692308,4.91076923076923,5.2,3.1291,3,B1,2
10,4.3,1,10.0,86.70500000000001,3.650000000000002,4.0,3.1291,3,B1,2
41,4.2439024390243905,2,20.5,72.32500000000003,8.140000000000004,9.0,8.841846274778883,5,B2,3
37,4.4324324324324325,2,18.5,66.36500000000001,8.474444444444444,10.533333333333335,10.125756701596842,8,B2,3
15,5.466666666666667,1,15.0,39.33000000000001,11.500000000000004,16.666666666666668,14.554592549557764,6,B2,3
12,5.25,1,12.0,60.70500000000001,7.773333333333333,4.800000000000001,3.1291,6,B2,3
16,3.25,1,16.0,101.37000000000002,2.8466666666666676,6.0,3.1291,1,A2,1
5,4.6,1,5.0,100.24000000000002,0.5199999999999996,2.0,3.1291,1,A2,1
44,4.75,1,44.0,25.80000000000004,20.840000000000007,22.444444444444446,17.122413403193683,12,C1,4
4,5.5,1,4.0,75.87500000000001,3.6700000000000017,1.6,3.1291,0,A2,1
12,5.416666666666667,1,12.0,53.655,8.756666666666668,11.466666666666669,11.20814326018867,4,B2,3
19,4.526315789473684,1,19.0,76.74857142857144,7.771428571428572,8.4,3.1291,5,B2,3
3,6.333333333333333,1,3.0,6.390000000000015,13.113333333333333,14.533333333333335,8.841846274778883,1,B1,2
15,5.133333333333334,1,15.0,41.553571428571445,10.941428571428574,17.02857142857143,14.554592549557764,5,B2,3
15,4.0,1,15.0,84.45000000000003,5.206666666666667,6.0,8.841846274778883,1,B2,3
9,3.3333333333333335,1,9.0,103.70000000000002,1.0311111111111124,3.6,3.1291,0,A2,1
10,5.2,1,10.0,61.32500000000002,7.190000000000001,8.0,8.841846274778883,3,B1,2
2,5.5,1,2.0,-6.694999999999993,14.690000000000001,20.8,8.841846274778883,1,A1,0
6,6.0,1,6.0,45.64500000000001,8.383333333333333,15.733333333333334,11.20814326018867,2,B1,2
5,3.8,1,5.0,54.72500000000002,6.620000000000001,1.6,3.1291,1,A2,1
12,5.166666666666667,1,12.0,39.55500000000001,10.723333333333333,14.8,13.023866798666859,4,B1,2
8,5.625,1,8.0,-5.727142857142809,15.797142857142859,25.65714285714286,14.554592549557764,4,B2,3
16,3.8125,1,16.0,67.53000000000003,7.566666666666666,8.666666666666668,11.20814326018867,3,B1,2
16,4.1875,1,16.0,84.845,5.400000000000002,6.4,3.1291,3,B1,2
17,4.411764705882353,1,17.0,70.14470588235295,7.698823529411765,9.15294117647059,13.023866798666859,2,B2,3
18,3.111111111111111,3,6.0,101.55392156862746,0.502352941176472,2.266666666666667,6.42735559955562,0,B1,2
20,4.5,1,20.0,55.40500000000003,10.500000000000004,12.0,11.20814326018867,6,B2,3
24,4.625,1,24.0,52.05000000000001,11.96166666666667,12.933333333333335,13.023866798666859,4,B2,3
13,5.153846153846154,1,13.0,50.470769230769264,9.44923076923077,14.430769230769233,14.554592549557764,4,B2,3
26,4.576923076923077,1,26.0,38.43000000000001,14.60666666666667,21.17037037037037,18.243605946275583,6,C1,4
15,4.0,1,15.0,73.17000000000003,6.780000000000001,11.333333333333336,11.20814326018867,3,A2,1
13,5.6923076923076925,1,13.0,30.947692307692336,12.172307692307694,17.50769230769231,14.554592549557764,5,B2,3
13,5.923076923076923,1,13.0,24.440000000000026,13.080000000000002,17.50769230769231,14.554592549557764,6,B2,3
31,4.483870967741935,1,31.0,49.83451612903227,14.00967741935484,16.270967741935486,13.023866798666859,7,B2,3
13,5.384615384615385,1,13.0,43.963076923076954,10.356923076923078,11.353846153846156,11.20814326018867,5,B1,2
25,5.64,1,25.0,12.26000000000002,17.76,18.0,15.903189008614273,7,B2,3
32,4.34375,1,32.0,50.452857142857155,14.91714285714286,17.428571428571427,13.023866798666859,7,C1,4
33,3.9393939393939394,1,33.0,68.2309090909091,11.940606060606061,14.412121212121214,8.841846274778883,5,C1,4
17,4.176470588235294,1,17.0,79.5575,6.137499999999999,6.4,3.1291,3,B2,3
41,4.219512195121951,1,41.0,41.41512195121955,17.66829268292683,19.326829268292684,13.023866798666859,7,B2,3
28,4.678571428571429,1,28.0,21.30071428571432,17.244285714285713,18.342857142857145,15.903189008614273,9,C1,4
21,6.714285714285714,1,21.0,-16.504999999999967,20.530000000000005,24.0,20.267338824336647,11,B1,2
30,7.333333333333333,1,30.0,-40.754999999999995,26.396666666666672,29.33333333333334,23.72669961743115,17,C1,4
11,4.454545454545454,1,11.0,64.9245454545455,6.936363636363637,8.036363636363637,8.841846274778883,5,B2,3
36,5.388888888888889,1,36.0,15.195000000000022,20.083333333333332,24.400000000000002,20.267338824336647,18,B2,3
15,5.933333333333334,1,15.0,11.130000000000024,15.433333333333337,22.0,17.122413403193683,8,B1,2
19,5.631578947368421,1,19.0,58.42368421052632,9.830526315789477,13.915789473684212,13.023866798666859,6,B1,2
33,5.9393939393939394,1,33.0,-11.24181818181816,23.025454545454547,26.53333333333334,22.076135915942103,15,B2,3
21,5.523809523809524,1,21.0,24.3771428571429,15.07619047619048,19.82857142857143,17.122413403193683,6,B1,2
16,5.1875,1,16.0,47.83250000000001,10.562500000000004,11.4,11.20814326018867,7,B1,2
33,4.2727272727272725,1,33.0,60.54000000000002,13.013333333333335,15.624242424242425,11.20814326018867,4,B2,3
10,5.8,1,10.0,27.485000000000014,11.91,16.0,14.554592549557764,4,B1,2
88,5.5227272727272725,1,88.0,-42.64428571428569,41.81428571428572,46.949450549450546,31.692831373894414,38,C1,4
27,5.703703703703703,1,27.0,13.363333333333344,18.102962962962966,22.651851851851855,19.287186520377343,10,C1,4
31,4.32258064516129,1,31.0,41.64741935483872,15.151612903225807,18.851612903225806,15.903189008614273,8,B1,2
11,5.909090909090909,1,11.0,18.405,13.673333333333336,18.133333333333336,14.554592549557764,5,B2,3
17,4.588235294117647,1,17.0,55.21529411764709,9.781176470588235,13.858823529411765,13.023866798666859,6,A2,1
12,5.416666666666667,1,12.0,53.655,8.756666666666668,8.133333333333335,8.841846274778883,4,B1,2
11,6.090909090909091,1,11.0,18.77909090909094,13.372727272727271,18.94545454545455,14.554592549557764,5,B2,3
23,4.521739130434782,1,23.0,54.750869565217414,11.336521739130436,16.156521739130437,14.554592549557764,4,B1,2
8,6.125,1,8.0,61.24000000000001,6.705000000000002,3.2,3.1291,5,B1,2
36,4.638888888888889,1,36.0,32.09081081081081,17.975135135135137,21.28648648648649,17.122413403193683,11,B2,3
16,5.0,1,16.0,61.890000000000015,8.353333333333339,11.333333333333336,13.023866798666859,2,B1,2
27,5.518518518518518,1,27.0,54.09666666666669,12.421481481481482,13.762962962962963,11.20814326018867,8,B1,2
8,5.125,1,8.0,71.81500000000001,5.230000000000004,3.2,3.1291,2,A1,0
28,4.107142857142857,1,28.0,60.579285714285746,11.765714285714285,15.485714285714288,13.023866798666859,4,B2,3
10,4.9,1,10.0,61.32500000000002,7.190000000000001,12.0,11.20814326018867,3,B2,3
10,5.4,1,10.0,44.405,9.55,8.0,11.20814326018867,4,B2,3
27,6.074074074074074,1,27.0,7.991153846153878,18.603846153846153,24.246153846153845,20.267338824336647,13,C2,5
10,4.8,1,10.0,44.405,9.55,16.0,13.023866798666859,4,B2,3
22,4.954545454545454,1,22.0,30.686818181818182,14.444545454545459,19.70909090909091,17.122413403193683,7,C1,4
22,5.454545454545454,1,22.0,26.84136363636364,14.98090909090909,17.89090909090909,18.243605946275583,6,B1,2
35,5.285714285714286,1,35.0,26.28142857142859,18.288571428571426,22.0,18.243605946275583,11,C2,5
22,5.0,1,22.0,38.37772727272727,13.371818181818181,14.254545454545458,14.554592549557764,4,B1,2
17,5.0,1,17.0,30.332941176470626,13.251764705882355,18.56470588235294,15.903189008614273,6,B2,3
23,5.130434782608695,1,23.0,25.32478260869567,15.440869565217394,14.417391304347825,14.554592549557764,8,B1,2
16,5.75,1,16.0,26.682500000000005,13.5125,16.400000000000002,14.554592549557764,6,B2,3
38,6.026315789473684,1,38.0,-7.613947368421037,23.761578947368424,26.778947368421054,22.918633597333717,16,C1,4
10,6.2,1,10.0,-44.50999999999999,21.455000000000002,28.200000000000003,15.903189008614273,5,B1,2
40,6.075,1,40.0,-14.292894736842072,24.693157894736846,28.884210526315794,24.50423929779172,18,C1,4
40,5.35,1,40.0,17.57307692307694,20.49692307692308,22.77948717948718,19.287186520377343,16,C1,4
29,5.482758620689655,1,29.0,15.257857142857176,18.08714285714286,21.200000000000003,18.243605946275583,12,B2,3
51,5.1568627450980395,1,51.0,-5.835882352941127,26.743137254901963,32.16470588235294,25.254471183327073,22,C1,4
25,5.6,1,25.0,8.876000000000005,18.232000000000003,22.8,19.287186520377343,10,C1,4
28,6.5,1,28.0,-30.063571428571407,24.40857142857143,28.342857142857145,22.918633597333717,12,B2,3
25,6.84,1,25.0,-28.347999999999985,23.424000000000003,27.6,22.076135915942103,13,B2,3
13,5.3076923076923075,1,13.0,24.440000000000026,13.080000000000002,20.584615384615386,15.903189008614273,8,B1,2
38,5.078947368421052,1,38.0,30.2334210526316,18.482631578947366,22.568421052631578,18.243605946275583,11,C1,4
7,6.0,1,7.0,54.70142857142861,7.368571428571428,8.514285714285714,8.841846274778883,4,B1,2
12,3.8333333333333335,1,12.0,76.50153846153849,5.818461538461541,8.276923076923078,8.841846274778883,3,B1,2
41,4.439024390243903,4,10.25,54.267936046511636,8.360639534883724,10.811627906976746,11.698219412168324,9,C1,4
20,4.3,1,20.0,76.55500000000004,7.550000000000001,12.0,11.20814326018867,4,C1,4
22,4.409090909090909,1,22.0,57.605000000000004,10.690000000000001,12.436363636363637,11.20814326018867,3,B2,3
34,4.5588235294117645,1,34.0,50.285454545454556,14.443636363636365,15.624242424242425,11.20814326018867,9,B2,3
33,4.151515151515151,1,33.0,47.72181818181819,14.801212121212124,16.83636363636364,17.122413403193683,6,B2,3
74,4.486486486486487,1,74.0,20.955000000000013,28.223333333333333,30.46666666666667,13.023866798666859,12,C2,5
23,3.652173913043478,1,23.0,73.1421739130435,8.771304347826089,9.200000000000001,8.841846274778883,0,A2,1
11,4.090909090909091,1,11.0,95.68818181818183,2.645454545454548,4.4,3.1291,2,A2,1
8,3.875,1,8.0,82.39000000000001,3.7550000000000026,8.200000000000001,8.841846274778883,1,A2,1
15,4.133333333333334,1,15.0,84.45000000000003,5.206666666666667,6.0,3.1291,2,B2,3
10,5.0,1,10.0,69.78500000000001,6.010000000000002,12.0,11.20814326018867,2,B1,2
40,4.85,1,40.0,13.955000000000013,21.250000000000004,25.0,20.267338824336647,13,C1,4
30,4.7,1,30.0,46.66500000000002,14.203333333333337,16.0,13.023866798666859,9,C1,4
45,4.866666666666666,3,15.0,45.980362318840605,10.655217391304351,12.220289855072465,11.855464076750408,15,B2,3
31,3.935483870967742,1,31.0,71.66677419354839,10.964516129032258,14.980645161290324,11.20814326018867,3,C1,4
65,3.9846153846153847,1,65.0,39.34000000000002,23.920000000000005,26.0,3.1291,9,C2,5
17,5.0588235294117645,1,17.0,80.09764705882354,6.310588235294119,6.800000000000001,3.1291,3,B2,3
11,4.454545454545454,1,11.0,64.9245454545455,6.936363636363637,11.672727272727274,11.20814326018867,2,B1,2
12,3.8333333333333335,1,12.0,81.85500000000002,4.823333333333334,8.133333333333335,8.841846274778883,1,B2,3
16,4.4375,1,16.0,68.9825,7.612500000000001,11.4,11.20814326018867,3,B1,2
17,4.176470588235294,1,17.0,53.120000000000005,9.825,13.9,14.554592549557764,4,C1,4
16,4.0625,1,16.0,78.81000000000003,5.993333333333336,8.666666666666668,8.841846274778883,3,A2,1
4,6.25,1,4.0,33.57500000000002,9.57,11.600000000000001,8.841846274778883,3,A1,0
17,5.352941176470588,1,17.0,37.25750000000002,12.037500000000005,18.900000000000002,15.903189008614273,5,B1,2
46,4.826086956521739,1,46.0,22.844390243902467,20.258536585365857,21.278048780487808,15.903189008614273,15,B2,3
19,4.2105263157894735,1,19.0,62.87631578947371,9.209473684210526,13.915789473684212,13.023866798666859,2,B1,2
28,4.178571428571429,1,28.0,57.55785714285717,12.187142857142856,14.057142857142859,11.20814326018867,5,B2,3
13,4.384615384615385,1,13.0,56.97846153846157,8.541538461538462,11.353846153846156,11.20814326018867,4,B1,2
3,6.0,1,3.0,62.79000000000002,5.246666666666666,1.2000000000000002,3.1291,1,A1,0
19,4.947368421052632,2,9.5,61.400000000000034,6.9311111111111146,8.044444444444444,8.841846274778883,5,B1,2
10,5.7,1,10.0,35.94500000000002,10.73,12.0,11.20814326018867,3,B1,2
15,6.733333333333333,1,15.0,-0.14999999999997726,17.006666666666664,22.0,17.122413403193683,9,B1,2
39,4.128205128205129,2,19.5,69.55526315789477,8.277894736842104,10.757894736842106,10.125756701596842,4,B1,2
51,4.215686274509804,2,25.5,69.74301020408164,9.618061224489797,10.616326530612247,7.168621630094336,3,B2,3
4,4.5,1,4.0,118.17500000000001,-2.2299999999999986,1.6,3.1291,0,A1,0
16,3.875,1,16.0,70.14470588235295,7.698823529411765,9.15294117647059,8.841846274778883,5,A2,1
12,4.083333333333333,1,12.0,88.905,3.84,8.133333333333335,8.841846274778883,1,A2,1
5,3.8,1,5.0,83.32000000000004,2.879999999999999,10.0,8.841846274778883,1,A2,1
11,4.636363636363637,2,5.5,78.19795454545455,3.7186363636363637,2.2,3.1291,2,A2,1
9,3.6666666666666665,1,9.0,103.70000000000002,1.0311111111111124,3.6,3.1291,0,A2,1
19,4.368421052631579,1,19.0,71.78157894736843,7.967368421052633,9.705263157894738,8.841846274778883,2,B1,2
21,3.9047619047619047,1,21.0,80.77714285714288,7.209523809523812,8.4,3.1291,3,B1,2
22,4.2727272727272725,1,22.0,59.63500000000003,9.910000000000004,10.0,8.841846274778883,4,B1,2
26,4.269230769230769,2,13.0,80.33250000000004,5.408333333333335,8.362962962962964,10.125756701596842,3,B2,3
26,4.038461538461538,1,26.0,69.78800000000001,9.736,13.200000000000001,11.20814326018867,4,B1,2
21,4.428571428571429,1,21.0,56.6057142857143,10.580952380952379,14.114285714285714,13.023866798666859,5,B2,3
18,4.388888888888889,1,18.0,55.21529411764709,9.781176470588235,11.505882352941178,11.20814326018867,4,C2,5
13,3.0,1,13.0,109.04000000000002,1.2800000000000011,5.2,3.1291,0,A2,1
19,4.052631578947368,1,19.0,80.68684210526318,6.725263157894737,7.6000000000000005,3.1291,2,B2,3
17,4.411764705882353,1,17.0,66.36500000000001,8.474444444444444,7.2,3.1291,6,B2,3
12,3.3333333333333335,1,12.0,88.905,3.84,4.800000000000001,3.1291,0,A2,1
15,4.8,1,15.0,33.690000000000026,12.286666666666669,19.333333333333336,15.903189008614273,6,B1,2
5,3.0,1,5.0,116.14500000000001,-1.4499999999999993,2.4000000000000004,3.1291,0,A1,0
16,3.875,1,16.0,79.5575,6.137499999999999,6.4,3.1291,2,A2,1
8,3.5,1,8.0,90.95857142857145,2.3114285714285714,2.8000000000000003,3.1291,1,A2,1
2,4.0,1,2.0,120.20500000000001,-3.01,0.8,3.1291,0,A1,0
8,6.125,1,8.0,40.09,9.655000000000001,8.200000000000001,8.841846274778883,4,A2,1
12,5.75,1,12.0,43.963076923076954,10.356923076923078,11.353846153846156,11.20814326018867,5,A2,1
18,4.0,1,18.0,89.24500000000003,5.780000000000001,8.0,3.1291,1,B1,2
21,4.238095238095238,1,21.0,63.86500000000004,9.32,12.0,11.20814326018867,3,B1,2
24,5.0,1,24.0,46.06863636363636,12.29909090909091,17.89090909090909,15.903189008614273,8,B2,3
22,4.409090909090909,1,22.0,65.29590909090909,9.61727272727273,12.436363636363637,11.20814326018867,5,B2,3
15,5.0,1,15.0,56.25000000000003,9.140000000000004,14.0,13.023866798666859,5,B1,2
32,4.25,1,32.0,58.03000000000003,13.115000000000002,14.05,8.841846274778883,7,B2,3
23,4.956521739130435,1,23.0,47.39434782608697,12.362608695652174,14.417391304347825,13.023866798666859,9,B1,2
23,5.043478260869565,1,23.0,49.91409090909093,11.762727272727272,14.254545454545458,13.023866798666859,8,B1,2
33,4.787878787878788,1,33.0,34.23625000000004,16.433750000000007,20.3,17.122413403193683,10,B2,3
37,5.135135135135135,1,37.0,16.085405405405425,20.20756756756757,24.52972972972973,20.267338824336647,14,C1,4
14,5.357142857142857,1,14.0,41.553571428571445,10.941428571428574,14.171428571428573,13.023866798666859,5,A2,1
34,5.529411764705882,1,34.0,-3.550909090909073,21.952727272727277,26.53333333333334,22.076135915942103,12,B2,3
36,5.0,1,36.0,17.545000000000016,19.755555555555556,24.400000000000002,20.267338824336647,12,B2,3
15,5.266666666666667,1,15.0,28.05000000000001,13.073333333333338,16.666666666666668,14.554592549557764,5,B2,3
89,5.247191011235955,1,89.0,-41.29325842696626,41.12898876404495,45.9370786516854,30.526468669271875,33,C1,4
23,4.956521739130435,1,23.0,51.07260869565218,11.849565217391305,16.156521739130437,14.554592549557764,7,B2,3
26,4.576923076923077,1,26.0,40.529615384615425,14.065384615384616,15.015384615384617,14.554592549557764,7,B1,2
21,4.0476190476190474,1,21.0,69.14136363636365,9.080909090909092,12.436363636363637,11.20814326018867,3,B1,2
18,5.222222222222222,1,18.0,42.86500000000001,11.752222222222223,18.311111111111114,15.903189008614273,6,B2,3
58,5.413793103448276,1,58.0,-19.776379310344822,30.426551724137934,34.234482758620686,25.98008509911553,20,C1,4
28,3.9285714285714284,1,28.0,63.47967741935486,12.106451612903225,13.690322580645162,8.841846274778883,4,B1,2
23,4.521739130434782,1,23.0,54.750869565217414,11.336521739130436,16.156521739130437,15.903189008614273,4,B2,3
38,5.105263157894737,1,38.0,32.459736842105286,18.1721052631579,21.51578947368421,17.122413403193683,10,C1,4
31,5.451612903225806,1,31.0,3.440967741935509,20.480645161290322,22.72258064516129,20.267338824336647,12,B2,3
53,5.490566037735849,1,53.0,-8.646938775510165,26.638367346938775,29.39591836734694,22.918633597333717,21,C1,4
22,4.909090909090909,1,22.0,53.759545454545474,11.22636363636364,14.254545454545458,13.023866798666859,4,B2,3
16,4.25,1,16.0,53.120000000000005,9.825,11.4,11.20814326018867,3,B1,2
19,5.7368421052631575,1,19.0,31.70789473684212,13.556842105263158,13.915789473684212,13.023866798666859,8,B1,2
34,4.411764705882353,1,34.0,49.66878048780491,16.51707317073171,19.326829268292684,13.023866798666859,7,B1,2
13,6.538461538461538,1,13.0,-2.7450000000000045,16.62333333333334,21.46666666666667,15.903189008614273,7,B2,3
13,5.6923076923076925,1,13.0,43.963076923076954,10.356923076923078,11.353846153846156,11.20814326018867,4,B1,2
30,5.533333333333333,1,30.0,31.11571428571429,17.614285714285717,22.0,18.243605946275583,10,B2,3
10,4.6,1,10.0,52.86500000000001,8.370000000000001,12.0,11.20814326018867,4,A2,1
14,5.428571428571429,1,14.0,59.68214285714288,8.412857142857145,8.457142857142857,8.841846274778883,3,B2,3
26,4.038461538461538,1,26.0,80.25000000000004,8.028333333333332,9.600000000000001,3.1291,2,B1,2
27,4.555555555555555,1,27.0,63.49666666666667,11.110370370370372,12.281481481481482,8.841846274778883,5,B2,3
31,5.516129032258065,1,31.0,22.544193548387113,17.816129032258065,20.14193548387097,17.122413403193683,10,C1,4
31,4.548387096774194,1,31.0,29.295000000000016,18.11666666666667,22.177777777777777,18.243605946275583,9,B2,3
16,5.125,1,16.0,37.25750000000002,12.037500000000005,18.900000000000002,15.903189008614273,6,B2,3
36,5.638888888888889,1,36.0,-3.6049999999999613,22.70555555555556,27.733333333333338,22.918633597333717,16,C1,4
32,4.6875,1,32.0,41.64741935483872,15.151612903225807,17.561290322580646,14.554592549557764,9,B2,3
40,5.45,1,40.0,22.41500000000002,20.070000000000004,24.0,19.287186520377343,12,B2,3
15,6.0,1,15.0,35.5107142857143,11.784285714285716,17.02857142857143,14.554592549557764,8,B2,3
20,5.5,1,20.0,46.94500000000005,11.68,16.0,14.554592549557764,6,B2,3
22,4.454545454545454,1,22.0,69.14136363636365,9.080909090909092,12.436363636363637,11.20814326018867,6,B2,3
25,4.0,1,25.0,69.46391304347827,9.284347826086957,14.417391304347825,13.023866798666859,5,B2,3
28,4.357142857142857,1,28.0,54.5364285714286,12.608571428571427,12.62857142857143,11.20814326018867,4,C1,4
31,5.580645161290323,1,31.0,22.544193548387113,17.816129032258065,21.43225806451613,19.287186520377343,11,B2,3
29,5.896551724137931,1,29.0,17.752692307692342,17.242307692307694,21.16923076923077,18.243605946275583,13,C1,4
26,4.730769230769231,1,26.0,57.55785714285717,12.187142857142856,12.62857142857143,11.20814326018867,3,B2,3
22,5.181818181818182,1,22.0,20.34857142857146,15.638095238095236,19.82857142857143,17.122413403193683,8,B2,3
41,5.951219512195122,1,41.0,-21.109285714285704,26.63761904761905,32.990476190476194,26.683356303267143,23,C1,4
43,5.4186046511627906,1,43.0,1.8597674418604697,23.68232558139535,28.362790697674416,22.918633597333717,17,B2,3
23,6.0,1,23.0,14.29000000000002,16.98,19.63478260869565,18.243605946275583,8,B2,3
27,6.555555555555555,1,27.0,11.245000000000033,18.150000000000002,19.630769230769232,17.122413403193683,14,C1,4
25,4.76,1,25.0,60.05269230769234,11.342307692307696,11.938461538461539,8.841846274778883,7,B2,3
8,4.0,1,8.0,82.39000000000001,3.7550000000000026,3.2,3.1291,2,A2,1
6,4.166666666666667,1,6.0,73.84500000000001,4.450000000000003,2.4000000000000004,3.1291,0,A2,1
7,3.4285714285714284,1,7.0,103.54,0.8049999999999997,3.2,3.1291,0,A2,1
10,4.1,1,10.0,86.70500000000001,3.650000000000002,4.0,3.1291,1,A2,1
11,4.909090909090909,1,11.0,80.30636363636367,4.790909090909089,4.4,3.1291,4,A2,1
8,4.0,1,8.0,90.95857142857145,2.3114285714285714,2.8000000000000003,3.1291,0,A2,1
8,3.5,1,8.0,78.87285714285717,3.997142857142858,2.8000000000000003,3.1291,1,A1,0
6,3.1666666666666665,1,6.0,116.14500000000001,-1.4499999999999993,2.4000000000000004,3.1291,0,A1,0
4,2.75,1,4.0,119.19000000000003,-2.619999999999999,1.2000000000000002,3.1291,0,A1,0
5,4.2,1,5.0,83.32000000000004,2.879999999999999,10.0,8.841846274778883,1,A1,0
12,4.333333333333333,1,12.0,81.85500000000002,4.823333333333334,4.800000000000001,3.1291,3,A2,1
17,3.764705882352941,1,17.0,80.09764705882354,6.310588235294119,6.800000000000001,3.1291,1,A2,1
25,4.0,1,25.0,66.40400000000001,10.208000000000002,10.0,3.1291,7,B1,2
15,4.2,1,15.0,78.81000000000003,5.993333333333336,6.0,3.1291,1,B1,2
30,3.966666666666667,1,30.0,66.40500000000003,11.450000000000003,12.0,3.1291,6,B2,3
13,4.3076923076923075,1,13.0,63.486153846153854,7.633846153846157,8.276923076923078,8.841846274778883,3,A2,1
10,3.4,1,10.0,95.165,2.4700000000000024,8.0,8.841846274778883,1,A2,1
7,3.142857142857143,1,7.0,116.14500000000001,-1.4499999999999993,2.4000000000000004,3.1291,0,A1,0
7,4.428571428571429,1,7.0,90.95857142857145,2.3114285714285714,2.8000000000000003,3.1291,2,B1,2
10,2.9,1,10.0,103.625,1.2900000000000027,4.0,3.1291,0,A2,1
6,3.8333333333333335,1,6.0,102.045,0.5166666666666693,2.4000000000000004,3.1291,0,A2,1
19,4.2105263157894735,1,19.0,75.76500000000001,7.163333333333334,9.422222222222222,8.841846274778883,1,A2,1
12,3.5,1,12.0,74.805,5.806666666666668,8.133333333333335,8.841846274778883,1,A2,1
14,4.142857142857143,1,14.0,83.85357142857143,5.041428571428572,8.457142857142857,8.841846274778883,2,B1,2
11,3.5454545454545454,2,5.5,85.88886363636365,2.6459090909090897,5.836363636363637,7.168621630094336,2,B1,2
12,4.416666666666667,2,6.0,70.50704545454548,4.791363636363638,9.472727272727274,8.841846274778883,2,B1,2
21,4.523809523809524,1,21.0,48.54857142857145,11.704761904761906,14.114285714285714,14.554592549557764,6,B2,3
30,3.566666666666667,2,15.0,92.77625,4.293749999999999,6.4,7.168621630094336,0,B2,3
9,2.7777777777777777,1,9.0,113.10000000000002,-0.27999999999999936,3.6,3.1291,0,A2,1
32,3.5625,1,32.0,69.46206896551725,10.775172413793104,12.979310344827589,8.841846274778883,2,A2,1
8,2.75,2,4.0,117.66750000000002,-2.0349999999999984,1.8,3.1291,0,B2,3
6,3.8333333333333335,1,6.0,73.84500000000001,4.450000000000003,2.4000000000000004,8.841846274778883,1,A2,1
15,4.2,1,15.0,61.890000000000015,8.353333333333339,8.666666666666668,8.841846274778883,3,B1,2
20,4.55,1,20.0,60.634285714285724,10.019047619047623,12.20952380952381,11.20814326018867,5,B1,2
5,2.8,1,5.0,117.16000000000003,-1.8399999999999999,2.0,3.1291,0,A1,0
8,2.875,1,8.0,103.54,0.8049999999999997,3.2,3.1291,0,A2,1
10,3.4,1,10.0,95.165,2.4700000000000024,4.0,3.1291,0,A2,1
5,3.4,1,5.0,117.16000000000003,-1.8399999999999999,2.0,3.1291,0,A1,0
9,3.4444444444444446,1,9.0,113.10000000000002,-0.27999999999999936,3.6,3.1291,0,A2,1
5,4.4,1,5.0,59.745000000000005,6.416666666666668,2.4000000000000004,8.841846274778883,0,A1,0
5,3.6,1,5.0,87.94500000000002,2.4833333333333343,2.4000000000000004,3.1291,0,A1,0
6,4.0,1,6.0,102.045,0.5166666666666693,2.4000000000000004,3.1291,1,A1,0
8,4.0,1,8.0,82.39000000000001,3.7550000000000026,3.2,3.1291,1,A1,0
7,3.857142857142857,1,7.0,90.95857142857145,2.3114285714285714,2.8000000000000003,3.1291,0,A1,0
9,3.888888888888889,1,9.0,84.90000000000003,3.653333333333336,8.044444444444444,8.841846274778883,1,B2,3
2,4.0,1,2.0,120.20500000000001,-3.01,0.8,3.1291,0,A1,0
5,4.6,1,5.0,66.40000000000003,5.240000000000002,10.0,8.841846274778883,1,A2,1
7,4.142857142857143,1,7.0,90.95857142857145,2.3114285714285714,2.8000000000000003,3.1291,0,A2,1
4,4.75,1,4.0,33.57500000000002,9.57,11.600000000000001,8.841846274778883,1,A2,1
12,4.666666666666667,1,12.0,69.99384615384618,6.726153846153846,8.276923076923078,8.841846274778883,3,A2,1
28,3.4642857142857144,1,28.0,66.15000000000003,9.995000000000001,11.266666666666667,11.20814326018867,3,B1,2
8,3.5,1,8.0,90.95857142857145,2.3114285714285714,2.8000000000000003,3.1291,1,A1,0
51,5.176470588235294,1,51.0,2.1129999999999995,25.386,29.6,23.72669961743115,18,B2,3
23,3.739130434782609,1,23.0,80.77714285714288,7.209523809523812,12.20952380952381,11.20814326018867,3,B1,2
22,4.7272727272727275,1,22.0,53.759545454545474,11.22636363636364,16.072727272727274,14.554592549557764,7,B1,2
6,3.6666666666666665,1,6.0,83.32000000000004,2.879999999999999,10.0,8.841846274778883,1,A2,1
14,6.714285714285714,1,14.0,11.339285714285722,15.15571428571429,19.885714285714286,15.903189008614273,8,B2,3
21,4.809523809523809,1,21.0,42.71500000000003,12.270000000000003,16.0,15.903189008614273,5,B1,2
7,3.4285714285714284,1,7.0,103.04428571428575,0.6257142857142846,2.8000000000000003,3.1291,0,A2,1
5,4.6,1,5.0,73.84500000000001,4.450000000000003,9.066666666666668,8.841846274778883,1,A2,1
7,5.714285714285714,1,7.0,54.70142857142861,7.368571428571428,2.8000000000000003,8.841846274778883,2,A2,1
7,5.142857142857143,1,7.0,66.7871428571429,5.682857142857145,8.514285714285714,8.841846274778883,2,B1,2
14,4.428571428571429,1,14.0,71.76785714285715,6.727142857142859,8.457142857142857,11.20814326018867,2,B1,2
8,3.625,1,8.0,92.965,2.280000000000001,3.2,3.1291,2,B1,2
6,3.6666666666666665,1,6.0,102.045,0.5166666666666693,2.4000000000000004,3.1291,1,B1,2
23,3.6956521739130435,1,23.0,63.86500000000004,9.32,10.0,11.20814326018867,1,A2,1
8,3.375,1,8.0,114.11500000000001,-0.6699999999999982,3.2,3.1291,0,A2,1
15,4.466666666666667,1,15.0,73.17000000000003,6.780000000000001,11.333333333333336,11.20814326018867,2,A2,1
10,2.6,1,10.0,103.54,0.8049999999999997,3.2,3.1291,0,A2,1
29,4.448275862068965,1,29.0,50.96333333333334,12.858518518518522,16.725925925925928,14.554592549557764,7,B2,3
16,4.125,1,16.0,76.50153846153849,5.818461538461541,8.276923076923078,8.841846274778883,4,B2,3
15,3.6,1,15.0,69.99384615384618,6.726153846153846,8.276923076923078,8.841846274778883,4,B2,3
9,5.222222222222222,1,9.0,47.30000000000004,8.89777777777778,12.488888888888889,11.20814326018867,4,A2,1
20,4.6,1,20.0,71.78157894736843,7.967368421052633,9.705263157894738,8.841846274778883,2,B2,3
18,3.611111111111111,1,18.0,75.12117647058825,7.004705882352944,6.800000000000001,8.841846274778883,1,A2,1
12,3.4166666666666665,1,12.0,103.00500000000001,1.8733333333333313,4.800000000000001,3.1291,0,A2,1
18,3.3333333333333335,1,18.0,94.565,4.541111111111114,7.2,3.1291,0,A2,1
8,3.875,1,8.0,92.965,2.280000000000001,3.2,3.1291,0,A2,1
6,3.8333333333333335,1,6.0,87.94500000000002,2.4833333333333343,2.4000000000000004,3.1291,0,A1,0
25,4.68,1,25.0,49.48400000000001,12.568000000000001,16.400000000000002,14.554592549557764,6,A2,1
10,4.5,1,10.0,35.94500000000002,10.73,12.0,13.023866798666859,2,A2,1
12,4.833333333333333,1,12.0,53.655,8.756666666666668,14.8,14.554592549557764,3,B1,2
5,5.8,1,5.0,59.745000000000005,6.416666666666668,2.4000000000000004,3.1291,1,A2,1
9,4.444444444444445,1,9.0,82.39000000000001,3.7550000000000026,8.200000000000001,8.841846274778883,2,A2,1
32,4.75,1,32.0,36.880000000000024,16.065,17.8,15.903189008614273,13,B2,3
17,4.0588235294117645,1,17.0,47.83250000000001,10.562500000000004,13.9,13.023866798666859,4,A2,1
14,4.142857142857143,1,14.0,83.85357142857143,5.041428571428572,8.457142857142857,8.841846274778883,3,B1,2
9,4.666666666666667,1,9.0,61.24000000000001,6.705000000000002,3.2,11.20814326018867,0,A2,1
41,5.365853658536586,4,10.25,48.032065217391334,9.416739130434784,12.42608695652174,12.161744961471694,16,C2,5
19,4.894736842105263,1,19.0,62.87631578947371,9.209473684210526,11.810526315789474,11.20814326018867,7,B2,3
12,4.416666666666667,4,3.0,81.16250000000001,2.932500000000001,4.1000000000000005,5.985473137389441,4,C1,4
15,4.133333333333334,2,7.5,84.90000000000003,3.653333333333336,5.822222222222223,7.168621630094336,3,B2,3
7,4.0,1,7.0,90.95857142857145,2.3114285714285714,8.514285714285714,8.841846274778883,1,B1,2
16,5.125,1,16.0,28.05000000000001,13.073333333333338,11.333333333333336,11.20814326018867,7,C1,4
7,3.857142857142857,1,7.0,87.94500000000002,2.4833333333333343,2.4000000000000004,3.1291,2,B1,2
5,3.8,1,5.0,83.32000000000004,2.879999999999999,2.0,3.1291,1,A2,1
15,4.8,1,15.0,67.53000000000003,7.566666666666666,8.666666666666668,8.841846274778883,4,B2,3
16,4.4375,1,16.0,79.5575,6.137499999999999,8.9,8.841846274778883,3,B1,2
17,6.117647058823529,1,17.0,10.427058823529421,16.028235294117646,20.917647058823533,18.243605946275583,8,C1,4
14,5.571428571428571,1,14.0,43.963076923076954,10.356923076923078,11.353846153846156,11.20814326018867,6,B1,2
20,5.05,1,20.0,68.09500000000004,8.73,8.0,3.1291,3,B1,2
32,3.75,3,10.666666666666666,81.727311827957,4.427096774193547,6.713978494623657,8.841846274778883,2,B2,3
11,4.7272727272727275,2,5.5,70.50704545454548,4.791363636363638,2.2,7.168621630094336,2,B1,2
16,3.5625,2,8.0,80.78250000000001,3.8550000000000004,5.666666666666668,7.168621630094336,4,B2,3
11,5.0,1,11.0,61.32500000000002,7.190000000000001,8.0,8.841846274778883,3,B2,3
20,4.2,3,6.666666666666667,93.54350877192984,1.785263157894736,2.533333333333333,3.1291,2,B1,2
16,5.8125,1,16.0,16.107500000000016,14.9875,18.900000000000002,15.903189008614273,7,B2,3
5,4.6,1,5.0,66.40000000000003,5.240000000000002,10.0,8.841846274778883,2,A2,1
25,3.64,3,8.333333333333334,81.3489855072464,3.817391304347826,6.544927536231885,8.841846274778883,3,A2,1
23,4.3478260869565215,1,23.0,72.9868181818182,8.544545454545453,8.8,3.1291,6,B1,2
16,4.1875,1,16.0,85.07411764705884,5.616470588235295,6.800000000000001,3.1291,2,B2,3
22,4.2272727272727275,1,22.0,61.45045454545455,10.153636363636362,14.254545454545458,13.023866798666859,3,B1,2
21,4.619047619047619,2,10.5,48.63500000000002,8.960000000000004,12.0,11.20814326018867,8,B2,3
4,4.0,1,4.0,97.025,0.7199999999999989,1.6,3.1291,0,A1,0
14,4.285714285714286,1,14.0,59.68214285714288,8.412857142857145,11.314285714285715,11.20814326018867,5,B1,2
8,3.375,1,8.0,92.965,2.280000000000001,3.2,3.1291,1,B1,2
23,4.043478260869565,2,11.5,88.905,3.84,6.466666666666668,7.168621630094336,2,B2,3
18,4.5,2,9.0,63.84279411764709,6.466176470588238,8.105882352941178,8.841846274778883,5,B2,3
